Fuel Type Code,Station Name,Street Address,City,State,ZIP,Plus4,Country,Geocode Status,Latitude,Longitude,Open Date,Date Last Confirmed,ID,Updated At,Owner Type Code,Status Code,Expected Date,Groups With Access Code,Access Days Time,EV Level1 EVSE Num,EV Level2 EVSE Num,EV DC Fast Count,EV Other Info,EV Network,EV Network Web,EV Connector Types,Facility Type,EV Pricing,EV On-Site Renewable Source,Restricted Access,Maximum Vehicle Class,EV Workplace Charging,Federal Funding Types,CN_idx,CN_lon,CN_lat,CN_err
ELEC,Hyatt at Fisherman's Wharf,555 N Point St,San Francisco,CA,94133,,US,GPS,37.80619,-122.4152,1998-07-01,2023-05-03,7280.0,2024-01-31 22:07:01 UTC,P,E,,Public,24 hours daily; pay lot; see valet for access,0.0,1.0,0.0,,Non-Networked,,J1772,HOTEL,,,False,LD,False,,65333356,-122.4154494,37.8063559,28.642328500506963
ELEC,Japan Center Garage,1610 Geary Blvd,San Francisco,CA,94115,,US,GPS,37.784912,-122.430237,2002-01-31,2022-09-14,21351.0,2023-02-14 15:54:11 UTC,LG,E,,Public - Credit card at all times,24 hours daily; pay lot,0.0,0.0,0.0,1 SP Inductive,Non-Networked,,,PARKING_GARAGE,,,False,MD,False,,65338334,-122.4299332,37.7848079,29.099138869777132
ELEC,Palace Hotel,2 New Montgomery St,San Francisco,CA,94105,,US,GPS,37.78881,-122.401,2002-01-31,2023-05-03,21358.0,2024-01-31 22:07:01 UTC,P,E,,Public,24 hours daily,0.0,2.0,0.0,,Non-Networked,,J1772,HOTEL,$7 per session,,False,LD,False,,65317028,-122.4008266,37.7888257,15.337145013024049
ELEC,Mark Hopkins InterContinental Hotel,999 California St,San Francisco,CA,94108,,US,200-8,37.791791,-122.411265,2002-01-31,2021-11-04,21360.0,2024-07-01 18:03:10 UTC,P,E,,Public,24 hours daily; for guest use only; see valet for access,0.0,1.0,0.0,,Non-Networked,,J1772,HOTEL,,,True,LD,False,,65295314,-122.4108302,37.791838,38.562131194364014
ELEC,City of Vacaville - Cultural Center,1000 Ulatis Dr,Vacaville,CA,95687,,US,GPS,38.356027,-121.9628,2004-06-15,2023-05-03,25511.0,2024-06-21 20:30:20 UTC,LG,E,,Public,24 hours daily,0.0,1.0,0.0,,Non-Networked,,J1772,MUNI_GOV,Free,,False,LD,False,,62358505,-121.962617,38.3562926,33.56847237540244
ELEC,Stars Recreation Center,155 Browns Valley Pkwy,Vacaville,CA,95688,,US,GPS,38.36557,-121.967,2004-06-15,2023-05-03,25514.0,2024-06-21 20:30:20 UTC,LG,E,,Public,24 hours daily,0.0,4.0,0.0,,Non-Networked,,J1772,REC_SPORTS_FACILITY,Free,,False,LD,False,,62498280,-121.9677038,38.3656759,62.479997997687775
ELEC,City of Vacaville - Regional Transport Center,190 Hickory Ln,Vacaville,CA,95688,,US,GPS,38.35172,-121.987,2004-06-15,2023-05-03,25515.0,2024-06-21 20:30:20 UTC,LG,E,,Public,24 hours daily,0.0,2.0,0.0,,Non-Networked,,J1772,TRAVEL_CENTER,Free,,False,LD,False,,62433515,-121.9872953,38.3521759,56.859014174756545
ELEC,Office of Housing & Redevelopment,40 Eldridge Ave,Vacaville,CA,95688,,US,200-9,38.356907,-122.001886,2004-06-15,2023-05-03,25516.0,2024-06-21 20:30:20 UTC,LG,E,,Public,24 hours daily,0.0,2.0,0.0,,Non-Networked,,J1772,OFFICE_BLDG,Free,,False,LD,False,,62435568,-122.0018803,38.3566736,25.957691104993238
ELEC,KUIC Radio - Parking Lot,500 Catherine St,Vacaville,CA,95688,,US,GPS,38.355867,-121.9862,2004-06-15,2023-05-03,25517.0,2024-06-21 20:30:20 UTC,LG,E,,Public,24 hours daily,0.0,1.0,0.0,1 SP Inductive,Non-Networked,,J1772,PARKING_LOT,Free,,False,LD,False,,62417387,-121.9864013,38.355782,19.935525904332778
ELEC,City of Vacaville - City Hall,650 Merchant St,Vacaville,CA,95688,,US,200-9,38.351758,-121.994475,2004-06-15,2023-05-03,25518.0,2024-06-21 20:30:20 UTC,LG,E,,Public,Primarily government use,0.0,7.0,0.0,2 SP Inductive,Non-Networked,,J1772,MUNI_GOV,Free,,True,LD,False,,62384231,-121.9948778,38.3525025,89.92794282743621
ELEC,Pitt School Plaza,1440 Ary Ln,Dixon,CA,95620,,US,200-9,38.457369,-121.842567,2004-06-15,2023-05-03,25520.0,2024-06-21 20:30:20 UTC,LG,E,,Public,24 hours daily; Drivers must bring their own J1772 cordset for Level 1 charging,1.0,0.0,0.0,1 SP Inductive  1 Tesla Conductive,Non-Networked,,NEMA520,SHOPPING_CENTER,Free,,False,,False,,62209244,-121.8415681,38.4580512,115.40973784105617
ELEC,Rio Vista City Hall,1 Main St,Rio Vista,CA,94571,,US,GPS,38.15485,-121.69,2006-08-15,2022-01-10,27302.0,2024-06-27 19:13:47 UTC,LG,E,,Public,24 hours daily,0.0,1.0,0.0,,Non-Networked,,J1772,MUNI_GOV,Free,,False,LD,False,,62481300,-121.6898934,38.1551174,31.160275491998558
ELEC,Fairfield City Hall,1000 Webster St,Fairfield,CA,94533,,US,200-8,38.25281,-122.044229,2012-08-27,2022-12-13,27328.0,2024-06-27 19:56:45 UTC,LG,E,,Public,24 hours daily,0.0,2.0,0.0,,Non-Networked,,J1772,MUNI_GOV,Free,,False,LD,False,,62393431,-122.0442182,38.2536668,95.27661501909645
ELEC,Solano Community College,4000 Suisun Valley Rd,Fairfield,CA,94534,,US,GPS,38.23723,-122.123,2005-07-15,2023-05-03,27329.0,2024-06-21 20:30:20 UTC,LG,E,,Public,24 hours daily,0.0,3.0,0.0,1 SP Inductive,Non-Networked,,J1772,COLLEGE_CAMPUS,Free,,False,,False,,62468494,-122.1242008,38.2376498,114.7953694701598
ELEC,Vallejo Ferry Terminal,495 Mare Island Way,Vallejo,CA,94590,,US,200-8,38.105062,-122.265895,2005-07-15,2023-05-03,27335.0,2024-06-21 20:30:20 UTC,LG,E,,Public,24 hours daily,0.0,0.0,0.0,2 SP Inductive  1 Avcon Conductive  1 Tesla Conductive,Non-Networked,,,TRAVEL_CENTER,Free,,False,MD,False,,62362334,-122.2658892,38.1050167,5.062636890839701
ELEC,Nut Tree Village,1651 E Monte Vista Ave,Vacaville,CA,95688,,US,200-9,38.368755,-121.961192,2008-12-15,2023-05-03,33545.0,2024-06-21 20:30:20 UTC,P,E,,Public,24 hours daily; Drivers must bring their own J1772 cordset for Level 1 charging,1.0,1.0,0.0,1 SP Inductive,Non-Networked,,J1772 NEMA515,SHOPPING_CENTER,Free,,False,,False,,470163503,-121.9618433,38.3680169,99.80014714815111
ELEC,Golden Gate Ferry Terminal,101 E Sir Francis Drake Blvd,Larkspur,CA,94939,,US,GPS,37.94495,-122.5096,2008-12-31,2023-05-03,33690.0,2024-01-31 22:07:01 UTC,P,E,,Public,24 hours daily; pay lot,0.0,1.0,0.0,,Non-Networked,,J1772,PARKING_LOT,Free,,False,LD,False,,270661590,-122.5076847,37.9454434,176.68350741887932
ELEC,Oakland International Airport - Daily Lot,1 Airport Dr,Oakland,CA,94621,,US,GPS,37.7136,-122.2087,2012-12-20,2023-06-12,33695.0,2024-01-31 22:07:01 UTC,LG,E,,Public,24 hours daily; pay lot,0.0,4.0,0.0,,Non-Networked,,J1772,AIRPORT,Free,,False,LD,False,,3149810861,-122.2076464,37.713342,97.01766840409817
ELEC,Fairfield Transportation Center,2000 Cadenasso Dr,Fairfield,CA,94533,,US,GPS,38.2482,-122.0678,2009-05-01,2023-05-03,35146.0,2024-06-21 20:30:20 UTC,LG,E,,Public,24 hours daily,0.0,2.0,0.0,2 Tesla Conductive,Non-Networked,,J1772,TRAVEL_CENTER,Free,,False,,False,,2588555872,-122.0683132,38.2493171,132.05308422119984
ELEC,Beach & Hyde Garage,655 Beach St,San Francisco,CA,94109,,US,200-8,37.806798,-122.419488,2011-02-01,2023-09-14,38518.0,2024-01-31 22:07:01 UTC,P,E,,Public,24 hours daily; pay lot,0.0,5.0,0.0,,Non-Networked,,J1772,PAY_GARAGE,Free,,False,LD,False,,65297254,-122.4194991,37.8067999,0.997794687460523
ELEC,Antioch Nissan,1831 Auto Center Dr,Antioch,CA,94509,,US,200-9,38.007799,-121.832042,2011-03-15,2024-02-12,39870.0,2024-02-12 15:25:05 UTC,P,E,,Public - Call ahead,Dealership business hours,0.0,1.0,1.0,,Non-Networked,,CHADEMO J1772 J1772COMBO,CAR_DEALER,Free,,False,LD,False,,3966724436,-121.8330211,38.0077227,86.20105922415208
ELEC,Autocom Nissan - Concord,1290 Concord Ave,Concord,CA,94520,,US,200-8,37.980192,-122.050128,2011-03-15,2024-02-12,39880.0,2024-02-12 15:25:05 UTC,P,E,,Public - Call ahead,Dealership business hours,0.0,1.0,0.0,,Non-Networked,,J1772,CAR_DEALER,Free,,False,LD,False,,5281376224,-122.0503189,37.9802032,16.77801608621788
ELEC,Premier Nissan of Fremont,5701 Cushing Pkwy,Fremont,CA,94538,,US,200-8,37.49864,-121.9734,2011-03-15,2024-02-12,39893.0,2024-02-12 15:25:05 UTC,P,E,,Public - Call ahead,Dealership business hours,0.0,2.0,1.0,,Non-Networked,,CHADEMO J1772,CAR_DEALER,Free,,False,LD,False,,1316803202,-121.9734736,37.498159,53.87750440134796
ELEC,South County Nissan,400 Automall Dr,Gilroy,CA,95020,,US,200-9,36.996869,-121.558573,2011-03-15,2024-02-12,39897.0,2024-02-12 15:25:05 UTC,P,E,,Public - Call ahead,Dealership business hours,0.0,1.0,0.0,,Non-Networked,,J1772,CAR_DEALER,Free,,False,,False,,65481413,-121.557965,36.9974652,85.50103819193268
ELEC,Hayward Nissan,24644 Mission Blvd,Hayward,CA,94544,,US,200-9,37.662305,-122.075178,2011-03-15,2024-02-12,39901.0,2024-02-12 15:25:05 UTC,P,E,,Public - Call ahead,Dealership business hours,0.0,2.0,1.0,,Non-Networked,,CHADEMO J1772 J1772COMBO,CAR_DEALER,Free,,False,LD,False,,53104594,-122.0752594,37.6620363,30.7252768661692
ELEC,Napa Nissan,510 Soscol Ave,Napa,CA,94559,,US,200-8,38.2927,-122.27752,2011-03-15,2024-02-12,39914.0,2024-02-12 15:25:05 UTC,P,E,,Public - Call ahead,Dealership business hours,0.0,1.0,0.0,,Non-Networked,,J1772,CAR_DEALER,Free,,False,LD,False,,1017344487,-122.2779324,38.2924652,44.463639183879806
ELEC,North Bay Nissan,1250 Auto Center Dr,Petaluma,CA,94952,,US,200-9,38.267202,-122.665068,2011-03-15,2024-02-12,39920.0,2024-02-12 15:25:05 UTC,P,E,,Public - Call ahead,Dealership business hours,0.0,4.0,1.0,,Non-Networked,,CHADEMO J1772 J1772COMBO,CAR_DEALER,Free,,False,LD,False,,56098795,-122.6660618,38.267309,87.573366935113
ELEC,Hanlees Hilltop Nissan,3277 Auto Plaza,Richmond,CA,94806,,US,200-8,37.98521,-122.32138,2011-03-15,2024-02-12,39925.0,2024-02-12 15:25:05 UTC,P,E,,Public - Call ahead,Dealership business hours,0.0,1.0,1.0,,Non-Networked,,CHADEMO J1772 J1772COMBO,CAR_DEALER,Free,,False,LD,False,,266924426,-122.3226384,37.9845992,129.52279574077062
ELEC,Premier Nissan,1120 W Capitol Expy,San Jose,CA,95136,,US,GPS,37.275144,-121.877656,2011-03-15,2024-02-12,39935.0,2024-02-12 15:25:05 UTC,P,E,,Public - Call ahead,Dealership business hours,0.0,1.0,2.0,,Non-Networked,,CHADEMO J1772 J1772COMBO,CAR_DEALER,Free,,False,,False,,8918816378,-121.8777312,37.2754715,37.019277384630016
ELEC,San Leandro Nissan,1152 Marina Blvd,San Leandro,CA,94577,,US,200-8,37.71267,-122.16245,2011-03-15,2024-02-12,39937.0,2024-02-12 15:25:05 UTC,P,E,,Public - Call ahead,Dealership business hours,0.0,2.0,1.0,,Non-Networked,,CHADEMO J1772 J1772COMBO,CAR_DEALER,Free,,False,LD,False,,53050813,-122.1626112,37.7121978,54.38737502139393
ELEC,Stevens Creek Nissan,4855 Stevens Creek Blvd,Santa Clara,CA,95051,,US,200-8,37.32349,-121.98788,2011-03-15,2024-02-12,39939.0,2024-02-12 15:25:05 UTC,P,E,,Public - Call ahead,Dealership business hours,0.0,1.0,2.0,,Non-Networked,,CHADEMO J1772 J1772COMBO,CAR_DEALER,Free,,False,LD,False,,4168013072,-121.9881321,37.323095,49.2552708280089
ELEC,Jim Bone Nissan,1275 Santa Rosa Ave,Santa Rosa,CA,95404,,US,200-8,38.42558,-122.71418,2011-03-15,2024-02-12,39943.0,2024-02-12 15:25:05 UTC,P,E,,Public - Call ahead,Dealership business hours,0.0,4.0,1.0,,Non-Networked,,CHADEMO J1772 J1772COMBO,CAR_DEALER,Free,,False,LD,False,,6512702079,-122.7134753,38.4263843,108.47535077311406
ELEC,Nissan of Vacaville,671 Orange Dr,Vacaville,CA,95687,,US,200-9,38.381441,-121.941218,2011-03-15,2024-02-12,39953.0,2024-02-12 15:25:05 UTC,P,E,,Public - Call ahead,Dealership business hours,0.0,1.0,0.0,,Non-Networked,,J1772,CAR_DEALER,Free,,False,,False,,62437026,-121.9426601,38.3796176,238.5580834398977
ELEC,Vallejo Nissan,3287 Sonoma Blvd,Vallejo,CA,94590,,US,200-9,38.118088,-122.255493,2011-03-15,2024-02-12,39955.0,2024-02-12 15:25:05 UTC,P,E,,Public - Call ahead,Dealership business hours,0.0,1.0,0.0,,Non-Networked,,J1772,CAR_DEALER,Free,,False,LD,False,,62522612,-122.2548307,38.1181192,58.04285281969085
ELEC,CITY OF DUBLIN LIBRARY MIDDLE,200 Civic Plaza,Dublin,CA,94568,,US,GPS,37.702909,-121.91835,2012-03-15,2024-07-09,45313.0,2024-07-09 01:08:44 UTC,,E,,Public,24 hours daily,0.0,1.0,0.0,,ChargePoint Network,http://www.chargepoint.com/,J1772,,,,,,False,,2414117580,-121.9182667,37.7037362,92.27205204144573
ELEC,Golden Gate Park - Music Concourse Garage,1 Music Concourse Dr,San Francisco,CA,94118,,US,200-8,37.768766,-122.468341,2012-04-10,2022-08-10,46473.0,2023-02-14 15:54:11 UTC,P,E,,Public,Garage business hours; pay lot; Drivers must bring their own J1772 cordset for Level 1 charging,9.0,2.0,0.0,,Non-Networked,,J1772 NEMA520,PAY_GARAGE,Free; Pay to park,,False,LD,False,,65323030,-122.466994,37.7680171,144.75181367909678
ELEC,Cupertino Electric,1132 N 7th St,San Jose,CA,95112,,US,GPS,37.36217972612609,-121.8995386415253,2019-01-23,2023-09-14,46482.0,2024-01-31 22:07:01 UTC,T,E,,Public,7am-6pm M-F,0.0,12.0,0.0,,Non-Networked,,J1772,UTILITY,Free,SOLAR,False,LD,False,,614066248,-121.9011386,37.362278,141.82514506188858
ELEC,Nissan of Burlingame,101 California Dr,Burlingame,CA,94010,,US,200-9,37.57792,-122.341931,2012-01-31,2024-02-12,46709.0,2024-02-12 15:25:05 UTC,P,E,,Public - Call ahead,Dealership business hours,0.0,1.0,0.0,,Non-Networked,,J1772,CAR_DEALER,Free,,False,,False,,65417048,-122.3414461,37.5779317,42.75153725956816
ELEC,CITYOF CAMPBELL 2NDST GARAGE UL,41 N 2nd St,Campbell,CA,95008,,US,GPS,37.287593,-121.946908,2012-04-01,2024-07-09,46715.0,2024-07-09 01:07:38 UTC,,E,,Public,24 hours daily,0.0,1.0,0.0,,ChargePoint Network,http://www.chargepoint.com/,J1772,,,,,,False,,8975126908,-121.94721,37.2878725,40.98424603498358
ELEC,Dublin Nissan,6450 Dublin Ct,Dublin,CA,94568,,US,200-8,37.70271,-121.91118,2012-01-31,2024-02-12,46721.0,2024-02-12 15:25:05 UTC,P,E,,Public - Call ahead,Dealership business hours,0.0,4.0,1.0,,Non-Networked,,CHADEMO J1772,CAR_DEALER,Free,,False,LD,False,,2471352551,-121.9115506,37.7033887,82.2098687498993
ELEC,Momentum Nissan,2545 Auto Mall Pkwy,Fairfield,CA,94533,,US,200-8,38.24415,-122.0795,2012-01-31,2024-02-12,46724.0,2024-02-12 15:25:05 UTC,P,E,,Public - Call ahead,Dealership business hours,0.0,2.0,1.0,,Non-Networked,,CHADEMO J1772 J1772COMBO,CAR_DEALER,Free,,False,LD,False,,62471400,-122.0799217,38.2430393,128.8782279368612
ELEC,CITY OF COTATI COMMUNITYCENTR2,216 E School St,Cotati,CA,94931,,US,GPS,38.32398,-122.709121,2012-05-31,2024-07-09,48179.0,2024-07-09 01:08:25 UTC,,E,,Public,24 hours daily,0.0,1.0,0.0,,ChargePoint Network,http://www.chargepoint.com/,J1772,,,,,,False,,56114678,-122.7094256,38.3241699,33.940117091391734
ELEC,Bella Vista Road Park & Ride Lot,782 Davis Ct,Vacaville,CA,95687,,US,GPS,38.34962,-121.987,2005-07-15,2023-05-03,48838.0,2024-06-21 20:30:20 UTC,LG,E,,Public,24 hours daily,0.0,6.0,0.0,,Non-Networked,,J1772,PARKING_LOT,Free,,False,LD,False,,62236856,-121.986856,38.3502572,71.95765566298176
ELEC,Homewood Suites - San Jose Airport,10 W Trimble Rd,San Jose,CA,95131,,US,GPS,37.38514,-121.9288,2015-04-28,2023-05-03,49342.0,2024-01-31 22:07:01 UTC,P,E,,Public,24 hours daily; for guest use only,0.0,2.0,0.0,,Non-Networked,,J1772,HOTEL,Free,,True,LD,False,,313113382,-121.9278415,37.3858725,117.49806967994729
ELEC,Vallejo City Hall,555 Santa Clara St,Vallejo,CA,94590,,US,GPS,38.1022,-122.261,2012-08-29,2023-10-12,49350.0,2024-01-31 22:07:01 UTC,LG,E,,Public,24 hours daily; maximum session time of 3 hours,0.0,2.0,0.0,,Non-Networked,,J1772,MUNI_GOV,Free,,False,,False,,62212160,-122.2620064,38.1031532,137.7995140435413
ELEC,InterContinental Hotel - San Francisco,888 Howard St,San Francisco,CA,94103,,US,200-9,37.782079,-122.404764,2011-08-01,2023-05-03,50011.0,2024-01-31 22:07:01 UTC,P,E,,Public,24 hours daily; pay lot; for guest use only,0.0,2.0,0.0,,Non-Networked,,J1772,HOTEL,Free,,True,LD,False,,6873099368,-122.4042614,37.7820501,44.28658093219743
ELEC,Oakland International Airport - Economy Lot,1 Airport Dr,Oakland,CA,94621,,US,GPS,37.7153,-122.2145,2012-12-20,2023-06-12,50736.0,2024-01-31 22:07:01 UTC,LG,E,,Public,24 hours daily; pay lot,0.0,2.0,0.0,,Non-Networked,,J1772,AIRPORT,Free,,False,LD,False,,53123777,-122.2143673,37.7149441,41.259870177620165
ELEC,Wilson Sonsini Goodrich & Rosati,650 Page Mill Rd,Palo Alto,CA,94304,,US,200-8,37.42153,-122.14477,2013-02-15,2023-08-10,50949.0,2024-01-31 22:07:01 UTC,P,E,,Public - Call ahead,24 hours daily; for guest use only; see security to access,0.0,2.0,0.0,,Non-Networked,,J1772,OFFICE_BLDG,,,True,LD,False,,65405149,-122.1427496,37.4220648,188.06933658864247
ELEC,ProjectGreenHome.org,314 Stanford Ave,Palo Alto,CA,94306,,US,200-9,37.430039,-122.147944,2013-03-19,2023-06-12,51933.0,2024-01-31 22:07:01 UTC,P,E,,Public,24 hours daily,0.0,2.0,0.0,,Non-Networked,,J1772,STREET_PARKING,Free,SOLAR,False,,False,,65500588,-122.1473322,37.4300539,54.04707808066491
ELEC,Unitarian Universalist Church,505 E Charleston Rd,Palo Alto,CA,94306,,US,200-9,37.419672,-122.112723,2013-03-19,2023-06-12,51934.0,2024-01-31 22:07:01 UTC,P,E,,Public,24 hours daily,0.0,1.0,0.0,,Non-Networked,,J1772,PLACE_OF_WORSHIP,Free,SOLAR,False,,False,,6272169470,-122.1115875,37.4192186,112.23861873109448
ELEC,Mark Day School,39 Trellis Dr,San Rafael,CA,94903,,US,200-9,38.007147,-122.554769,2013-03-09,2024-05-09,51952.0,2024-05-09 20:32:20 UTC,P,E,,Public,24 hours daily,0.0,2.0,0.0,,Non-Networked,,J1772,SCHOOL,Free,SOLAR,False,LD,True,,110410644,-122.5542036,38.0086126,170.329953740066
ELEC,Solano County - County Administration Center Parking Structure,675 Texas St,Fairfield,CA,94533,,US,200-8,38.24922,-122.041825,2013-07-23,2024-01-09,52737.0,2024-04-18 19:38:54 UTC,LG,E,,Public,24 hours daily,0.0,8.0,0.0,,Non-Networked,,J1772,MUNI_GOV,Free,,False,MD,False,,62395461,-122.0419134,38.2492298,7.796003965148288
ELEC,San Francisco State University,1600 Holloway Ave,San Francisco,CA,94132,,US,200-8,37.720848,-122.477023,2013-07-16,2023-01-10,52748.0,2023-02-14 15:54:11 UTC,SG,E,,Public,24 hours daily; daily permit or day permit required,0.0,41.0,0.0,,Non-Networked,,J1772,COLLEGE_CAMPUS,"$1 per Hr for SFSU students and faculty, $1.50 per hr for public",,True,LD,False,,1201336245,-122.4770495,37.7207993,5.895516617311964
ELEC,Alameda South Shore Center,2210 South Shore Center,Alameda,CA,94501,,US,GPS,37.7568664,-122.2531034,2013-12-10,2024-06-23,53723.0,2024-06-23 03:18:28 UTC,,E,,Public,Mon 5:00am - 10:59pm; Tue 5:00am - 10:59pm; Wed 5:00am - 10:59pm; Thu 5:00am - 10:59pm; Fri 5:00am - 10:59pm; Sat 5:00am - 10:59pm; Sun 5:00am - 10:59pm,0.0,2.0,0.0,,Volta,https://voltacharging.com/,J1772,,,,False,,False,,52995478,-122.2540019,37.7573818,97.58958907500974
ELEC,ORACLE PLS 5805OWENS-04,5805 Owens Dr,Pleasanton,CA,94588,,US,GPS,37.700176,-121.892147,2014-03-11,2024-07-09,60677.0,2024-07-09 01:08:56 UTC,,E,,Public,Sat 12:00am - 12:00am; Sun 12:00am - 12:00am,0.0,2.0,0.0,,ChargePoint Network,http://www.chargepoint.com/,J1772,,,,,,False,,358391021,-121.893038,37.7014109,158.11473316698047
ELEC,Lake Merritt Tower,155 Grand Ave,Oakland,CA,94612,,US,200-9,37.810716,-122.263905,2011-02-01,2023-01-10,61854.0,2023-02-14 15:54:11 UTC,P,E,,Public,Restricted to garage hours; pay lot; see valet for access; Drivers must bring their own J1772 cordset for Level 1 charging,4.0,2.0,0.0,,Non-Networked,,J1772 NEMA515,PAY_GARAGE,Free; parking fee,,True,LD,False,,53145251,-122.2643007,37.81121,65.00548366261398
ELEC,Muir Woods,1 Muir Woods Rd,Mill Valley,CA,94941,,US,GPS,37.893488,-122.572748,2012-06-01,2024-05-09,62071.0,2024-05-09 20:32:20 UTC,FG,E,,Public,24 hours daily,0.0,1.0,0.0,,Non-Networked,,J1772,NATL_PARK,Free,,False,LD,False,,320087034,-122.5673242,37.899514,821.8768476512112
ELEC,Point Reyes National Seashore - Bear Valley Visitor Center,1 Bear Valley Rd,Point Reyes Station,CA,94956,,US,GPS,38.040933,-122.800044,2014-08-06,2024-05-09,62978.0,2024-05-09 20:32:20 UTC,FG,E,,Public,6am-12am daily; overnight parking pass given to backcountry camping permit holders is required for 24 hour use,0.0,6.0,0.0,,Non-Networked,,J1772,NATL_PARK,Free,SOLAR,False,LD,False,,6448397338,-122.7997933,38.0395608,154.15335417428975
ELEC,PALO ALTO CA MPL #4,3700 Middlefield Rd,Palo Alto,CA,94303,,US,GPS,37.422105,-122.113507,2014-09-24,2024-07-09,63419.0,2024-07-09 01:11:20 UTC,,E,,Public,24 hours daily,0.0,1.0,0.0,,ChargePoint Network,http://www.chargepoint.com/,J1772,,,,,,False,,65495776,-122.1123897,37.4226937,118.40733524000673
ELEC,Fort Ross State Historic Park,19005 Coast Hwy,Jenner,CA,95450,,US,GPS,38.5159746604047,-123.2467089497376,2016-04-01,2023-09-14,63477.0,2024-01-31 22:07:01 UTC,P,E,,Public,10am-4:30pm daily,0.0,2.0,0.0,,Non-Networked,,J1772,PARK,Free,,False,MD,False,,56002417,-123.2465146,38.5164793,58.60571807211657
ELEC,Hilltop Ford Kia,3280 Auto Plaza Dr,Richmond,CA,94806,,US,200-9,37.984778,-122.320369,2014-08-01,2023-01-10,63656.0,2023-02-14 15:54:11 UTC,P,E,,Public,Service center use only,0.0,2.0,0.0,,Non-Networked,,J1772,CAR_DEALER,,,False,LD,False,,4924658895,-122.3193067,37.9848161,93.19746412583982
ELEC,JPMorgan Parking Garage,560 Mission St,San Francisco,CA,94105,,US,200-9,37.788865,-122.399359,2014-08-01,2022-01-10,63880.0,2022-02-10 19:42:29 UTC,P,E,,Public,24 hours daily,0.0,2.0,0.0,,Non-Networked,,J1772,PARKING_GARAGE,$5 per 4 hour session,,False,LD,False,,65306991,-122.4003456,37.7884407,98.70352372977729
ELEC,Stonestown Galleria Trader Joes,3251 20Th Ave,San Francisco,CA,94132,,US,GPS,37.7266635,-122.47598965,2014-08-01,2024-06-23,63881.0,2024-06-23 03:14:57 UTC,,E,,Public,Mon 5:00am - 10:59pm; Tue 5:00am - 10:59pm; Wed 5:00am - 10:59pm; Thu 5:00am - 10:59pm; Fri 5:00am - 10:59pm; Sat 5:00am - 10:59pm; Sun 5:00am - 10:59pm,0.0,2.0,0.0,,Volta,https://voltacharging.com/,J1772,,,,False,,False,,261499008,-122.4760662,37.7269197,29.272893066577964
ELEC,Extra Space Storage,2501 Cesar Chavez St,San Francisco,CA,94124,,US,GPS,37.749068,-122.402416,2014-09-01,2023-09-14,64775.0,2024-01-31 22:07:01 UTC,T,E,,Public - Call ahead,7am-7pm M-Sat,0.0,1.0,0.0,,Non-Networked,,J1772,STORAGE,Free,,False,LD,False,,65348937,-122.402533,37.749384,36.612474435248835
ELEC,Park 'N Fly,160 Produce Ave S,San Francisco,CA,94080,,US,GPS,37.647798,-122.407022,2015-04-01,2023-01-10,67924.0,2023-02-14 15:54:11 UTC,P,E,,Public,24 hours daily; must make reservation ahead of time; Drivers must bring their own J1772 cordset for Level 1 charging,2.0,0.0,0.0,,Non-Networked,,NEMA515,PAY_GARAGE,,,True,LD,False,,989844422,-122.4069493,37.6480882,32.897486128661306
ELEC,Napa Valley Community College,1088 College Ave,St. Helena,CA,94574,,US,GPS,38.509959,-122.456246,2015-04-01,2022-09-14,67930.0,2023-02-14 15:54:11 UTC,P,E,,Public - Card key at all times,Student and employee use only,0.0,2.0,0.0,,Non-Networked,,J1772,COLLEGE_CAMPUS,Free,,True,LD,True,,55960700,-122.45776,38.5098296,132.51695309738687
ELEC,Golden Gate National Recreation Area - Fort Mason,1300-1398 Bay St,San Francisco,CA,94123,,US,GPS,37.803955,-122.429484,2016-01-27,2023-06-12,70601.0,2024-01-31 22:07:01 UTC,FG,E,,Public,Park hours; 4 hour limit,0.0,4.0,0.0,,Non-Networked,,J1772,PARK,Free,,False,LD,False,,65296848,-122.4300655,37.8035283,69.72285590122677
ELEC,Golden Gate National Recreation Area - Stinson Beach,4900 Shoreline Highway 1,Stinson Beach,CA,94970,,US,GPS,37.896506,-122.639414,2016-03-01,2023-06-12,70603.0,2024-01-31 22:07:01 UTC,FG,E,,Public,Park hours; 4 hour limit,0.0,4.0,0.0,,Non-Networked,,J1772,NATL_PARK,Free,,False,LD,False,,375958359,-122.6393351,37.897202,77.70082048080197
ELEC,Hamilton Landing Parking,3 Hamilton Landing,Novato,CA,94949,,US,GPS,38.057367,-122.514066,2015-08-01,2023-09-14,70871.0,2024-01-31 22:07:01 UTC,P,E,,Public,24 hours daily,0.0,2.0,0.0,,Non-Networked,,J1772,PARKING_LOT,,,False,,False,,110405512,-122.5152598,38.0575364,106.20598411806202
ELEC,Hamilton Landing Parking,5 Hamilton Landing,Novato,CA,94949,,US,200-9,38.058125,-122.513464,2015-08-01,2023-09-14,70872.0,2024-01-31 22:07:01 UTC,P,E,,Public,24 hours daily,0.0,2.0,0.0,,Non-Networked,,J1772,PARKING_LOT,,,False,,False,,110405512,-122.5152598,38.0575364,170.30739880467357
ELEC,Hamilton Landing Parking,7 Hamilton Landing,Novato,CA,94949,,US,200-9,38.059185,-122.514276,2015-08-01,2023-09-14,70873.0,2024-01-31 22:07:01 UTC,P,E,,Public,24 hours daily,0.0,2.0,0.0,,Non-Networked,,J1772,PARKING_LOT,,,False,,False,,110426806,-122.5153892,38.0585146,122.70338324899538
ELEC,701 Gateway - San Francisco,701 Gateway Blvd,South San Francisco,CA,94080,,US,GPS,37.660128,-122.397626,2016-04-01,2024-07-09,75492.0,2024-07-09 02:44:53 UTC,,E,,Public,,0.0,4.0,0.0,,OpConnect,http://www.opconnect.com/,J1772,,,,,,False,,661980648,-122.399179,37.6612235,183.10416816153278
ELEC,Alma Street Parking,355 Alma St,Palo Alto,CA,94301,,US,200-9,37.444686,-122.165349,2016-03-01,2023-09-14,76699.0,2024-01-31 22:07:01 UTC,P,E,,Public,24 hours daily; 2 hours max,0.0,0.0,1.0,,Non-Networked,,CHADEMO,STREET_PARKING,Free,,False,LD,False,,65441446,-122.1653022,37.4442699,46.45237905409649
ELEC,Artemedica,1002 Mendocino Ave,Santa Rosa,CA,95401,,US,200-9,38.449962,-122.717135,2016-07-07,2023-05-03,77140.0,2024-01-31 22:07:01 UTC,P,E,,Public,24 hours daily; customer use only,0.0,2.0,0.0,,Non-Networked,,J1772,OFFICE_BLDG,$1 per hour 5:30pm-7am,SOLAR,True,LD,False,,56147131,-122.7175605,38.4497705,42.73645650151977
ELEC,US Badminton Academy,4569 Las Positas Rd,Livermore,CA,94551,,US,GPS,37.69435,-121.74205,2017-02-09,2023-05-03,81325.0,2024-01-31 22:07:01 UTC,P,E,,Public,24 hours daily,0.0,4.0,0.0,,Non-Networked,,J1772,OFFICE_BLDG,Free,,False,LD,False,,53158066,-121.74185,37.6963767,226.04506705475814
ELEC,@CENTRAL @CENTRAL 4,2858 De La Cruz Blvd,Santa Clara,CA,95050,,US,GPS,37.370725,-121.944726,2017-05-20,2024-07-09,82667.0,2024-07-09 01:08:15 UTC,,E,,Public,24 hours daily,0.0,2.0,0.0,,ChargePoint Network,http://www.chargepoint.com/,J1772,,,,,,False,,65572996,-121.9459146,37.3701919,120.60899335454775
ELEC,SEVO SunStation,1624 Dell Ave,Campbell,CA,95008,,US,GPS,37.262755,-121.956546,2017-02-17,2022-08-10,82709.0,2024-06-27 19:09:43 UTC,P,E,,Public,8am-6pm daily; register with Paired Power for access,0.0,6.0,0.0,,Non-Networked,,J1772,OFFICE_BLDG,Free,SOLAR,False,LD,True,,65467606,-121.9577626,37.2624313,113.52238263929695
ELEC,Ames Visitor Center,8 Clark Rd,Moffett Field,CA,94035,,US,GPS,37.409389,-122.063444,2017-06-01,2023-05-03,85628.0,2024-01-31 22:07:01 UTC,FG,E,,Public - Credit card at all times,24 hours daily,0.0,0.0,8.0,,Non-Networked,,CHADEMO J1772COMBO,FED_GOV,$0.25 per minute; $0.20 per minute for NASA employees,,False,,True,,29381129,-122.0636149,37.4097608,44.01173746938123
ELEC,Whole Foods Market,2732 Augustine Dr,Santa Clara,CA,95054,,US,200-9,37.381345,-121.975739,2017-11-01,2022-08-10,88425.0,2023-02-14 15:54:11 UTC,P,E,,Public,24 hours daily,0.0,1.0,1.0,,Non-Networked,,CHADEMO J1772 J1772COMBO,GROCERY,,,False,LD,False,,65667020,-121.974645,37.3823427,147.1429872894219
ELEC,Kehilat Etz Chayim,4161 Alma St,Palo Alto,CA,94306,,US,200-9,37.411463,-122.111947,2017-11-15,2023-01-10,88510.0,2023-02-14 15:54:11 UTC,P,E,,Public,8am-12am daily,0.0,4.0,0.0,,Non-Networked,,J1772,PLACE_OF_WORSHIP,$1 per hour,,False,LD,False,,65424631,-122.1114857,37.4126859,141.95290870816902
ELEC,Menlo College,1000 El Camino Real,Atherton,CA,94027,,US,200-9,37.45656942594121,-122.19107617854309,2017-11-15,2023-06-12,88976.0,2024-01-31 22:07:01 UTC,P,E,,Public,24 hours daily,0.0,4.0,0.0,,ChargePoint Network,http://www.chargepoint.com/,J1772,COLLEGE_CAMPUS,,,False,LD,False,,65468727,-122.1911118,37.456905,37.446424047037
ELEC,Mountain View High School,3535 Truman Ave,Mountain View,CA,94040,,US,GPS,37.360757,-122.065743,2017-11-15,2023-08-10,88984.0,2024-07-08 15:57:24 UTC,LG,E,,Public,For students and staff during school day,0.0,26.0,0.0,,POWERFLEX,https://www.powerflex.com,J1772,SCHOOL,,,True,LD,False,,65428008,-122.065884,37.361302,61.869332125494516
ELEC,Audi - Palo Alto,1730 Embarcadero Rd,Palo Alto,CA,94303,,US,200-9,37.449726,-122.118056,2017-11-15,2023-01-10,88990.0,2023-02-14 15:54:11 UTC,P,E,,Public,Dealership hours; for customer use only,0.0,1.0,1.0,,Non-Networked,,J1772 J1772COMBO,CAR_DEALER,,,True,LD,False,,65514294,-122.1188774,37.4501205,84.74648761139322
ELEC,Henry M. Gunn High School,780 Arastradero Rd,Palo Alto,CA,94306,,US,GPS,37.40269,-122.133148,2017-11-15,2023-01-10,89027.0,2023-02-14 15:54:11 UTC,LG,E,,Public,24 hours daily,0.0,14.0,0.0,,POWERFLEX,https://www.powerflex.com,J1772,SCHOOL,Free,,False,LD,False,,65572145,-122.131868,37.4026847,113.06628142401027
ELEC,Toyota Palo Alto,690 San Antonio Rd,Palo Alto,CA,94306,,US,200-9,37.415444,-122.103178,2017-11-15,2023-01-10,89028.0,2023-02-14 15:54:11 UTC,P,E,,Public,Dealership business hours,0.0,1.0,0.0,,Non-Networked,,J1772,CAR_DEALER,,,True,LD,False,,662761228,-122.1035999,37.4154835,37.51882242002647
ELEC,Hilton Garden Inn,4216 El Camino Real,Palo Alto,CA,94306,,US,200-9,37.409477,-122.123237,2017-11-15,2023-05-03,89030.0,2024-01-31 22:07:01 UTC,P,E,,Public,24 hours daily; for guest use only,0.0,4.0,0.0,,Non-Networked,,J1772,HOTEL,,,True,LD,False,,2565919545,-122.1231798,37.4101053,70.04630053011297
ELEC,Boardwalk Chevrolet,544 E Bayshore Rd,Redwood City,CA,94063,,US,200-8,37.49582,-122.230201,2017-11-15,2022-08-10,89031.0,2024-06-27 19:26:45 UTC,P,E,,Public,Dealership hours; for customer use only,0.0,1.0,0.0,,Non-Networked,,J1772,CAR_DEALER,Free,,True,LD,False,,256893496,-122.2289079,37.4952204,132.1345217233397
ELEC,American Red Cross,2731 N 1st St,San Jose,CA,95134,,US,200-9,37.390356,-121.932236,2017-11-15,2022-08-10,89034.0,2023-02-14 15:54:11 UTC,P,E,,Public,24 hours daily,0.0,2.0,0.0,,Non-Networked,,J1772,OFFICE_BLDG,$1 per hour,,False,LD,False,,760124020,-121.9327669,37.3907534,64.44027493117504
ELEC,Toyota Sunnyvale,898 W El Camino Real,Sunnyvale,CA,94087,,US,200-9,37.370449,-122.044162,2017-11-15,2023-09-14,89041.0,2024-01-31 22:07:01 UTC,P,E,,Public,"8:30am-10pm M-Sat, 8:30am-9pm Sun",0.0,5.0,0.0,,Non-Networked,,J1772,CAR_DEALER,Free,,False,LD,False,,790843140,-122.0439795,37.370951,58.10300408676579
ELEC,Ramada - Sunnyvale,1217 Wildwood Ave,Sunnyvale,CA,94089,,US,GPS,37.390741,-121.992397,2017-11-15,2022-08-10,89043.0,2024-06-27 19:48:16 UTC,P,E,,Public,24 hours daily,0.0,3.0,0.0,,Non-Networked,,J1772,HOTEL,Free,,False,LD,False,,26031433,-121.9924729,37.3902556,54.38902646152089
ELEC,The Markham,20800 Homestead Rd,Cupertino,CA,95014,,US,200-9,37.33754,-122.038164,2017-11-15,2023-01-10,89624.0,2023-02-14 15:54:11 UTC,P,E,,Public,24 hours daily; priority for resident use,0.0,2.0,0.0,,Non-Networked,,J1772,PARKING_LOT,,,True,LD,False,,65453550,-122.0367622,37.3375331,123.9335172290173
ELEC,Hillview Community Center,97 Hillview Ave,Palo Alto,CA,94022,,US,200-8,37.379599,-122.111861,2017-12-18,2023-06-12,89625.0,2024-01-31 22:07:01 UTC,LG,E,,Public,24 hours daily,0.0,3.0,0.0,,Non-Networked,,J1772,MUNI_GOV,$0.32 per kWh,,False,LD,False,,65447930,-122.1097189,37.3796038,189.2746508930787
ELEC,Elements Apartments,1201 Parkmoor Ave,San Jose,CA,95126,,US,200-9,37.317246,-121.909487,2017-11-15,2023-01-10,89626.0,2023-02-14 15:54:11 UTC,P,E,,Public,24 hours daily,0.0,1.0,0.0,,Non-Networked,,J1772,PARKING_LOT,,,False,LD,False,,2494527808,-121.9095791,37.316698,61.47681042551257
ELEC,"Paul Schafer, DDS",896 Sutro Ave,Novato,CA,94947,,US,GPS,38.117115,-122.6098,2018-03-01,2023-10-12,92013.0,2024-01-31 22:07:01 UTC,P,E,,Public - Call ahead,24 hours daily; Appointment required - email schaferdds@gmail.com,0.0,1.0,0.0,,Non-Networked,,J1772,PARKING_LOT,,SOLAR,True,LD,False,,110383593,-122.60972,38.1179188,89.6521936560339
ELEC,Los Altos High School,201 Almond Ave,Los Altos,CA,94022,,US,GPS,37.385746,-122.109849,2018-03-16,2023-01-10,94727.0,2023-02-14 15:54:11 UTC,P,E,,Public,24 hours daily,0.0,26.0,1.0,,Non-Networked,,CHADEMO J1772 J1772COMBO,SCHOOL,$0.18 per kWh,,False,LD,False,,5863691282,-122.1092744,37.3849905,98.15616858955931
ELEC,Anchorage Garage - 500 Beach,500 Beach Street,San Francisco,CA,94133,,US,GPS,37.80748,-122.4178309,2014-08-28,2024-07-09,95223.0,2024-07-09 00:19:53 UTC,,E,,Public,24 hours daily,0.0,2.0,0.0,,Blink Network,http://www.blinkcharging.com/,J1772,,Free,,,,False,,65365464,-122.4174625,37.8079929,65.57530141254051
ELEC,Simpson Strong Tie,5956 West Las Positas Boulevard,Pleasanton,CA,94588,,US,GPS,37.682743,-121.90053,2013-08-15,2024-07-09,95537.0,2024-07-09 00:10:25 UTC,,E,,Public,24 hours daily,0.0,2.0,0.0,,Blink Network,http://www.blinkcharging.com/,J1772,,Free,,,,False,,53036410,-121.9011483,37.6824542,63.180695111335204
ELEC,Ohlone College - Fremont Campus - Hyman Hall,43600 Mission Blvd,Fremont,CA,94539,,US,GPS,37.530487416,-121.9148973,2013-04-15,2024-07-09,95548.0,2024-07-09 00:18:11 UTC,,E,,Public,24 hours daily,0.0,5.0,0.0,,Blink Network,http://www.blinkcharging.com/,J1772,,Free,,,,False,,1594278243,-121.915773,37.5322485,210.4989096076569
ELEC,Tishman Speyer,1 Bush Street,San Francisco,CA,94104,,US,GPS,37.791185,-122.39968,2015-01-14,2024-07-09,95556.0,2024-07-09 00:16:41 UTC,,E,,Public,24 hours daily,0.0,1.0,0.0,,Blink Network,http://www.blinkcharging.com/,J1772,,Free,,,,False,,65319908,-122.3996112,37.7913319,17.41742725594404
ELEC,Santana Row - Winchester Parking Garage,330 S. Winchester Boulevard,San Jose,CA,95128,,US,GPS,37.322006,-121.94918,2016-06-24,2024-07-09,95798.0,2024-07-09 00:13:41 UTC,,E,,Public,24 hours daily,0.0,8.0,0.0,,Blink Network,http://www.blinkcharging.com/,J1772,,Free,,,,False,,291658513,-121.9491718,37.3226035,66.44301916216816
ELEC,City of Hayward - 805 B St,805 B Street,Hayward,CA,94541,,US,GPS,37.671483,-122.084149,2012-11-15,2024-07-09,95870.0,2024-07-09 00:15:08 UTC,,E,,Public,24 hours daily,0.0,10.0,1.0,,Blink Network,http://www.blinkcharging.com/,CHADEMO J1772 J1772COMBO,,Free,,,,False,,53104577,-122.0839776,37.672114,71.76749964516164
ELEC,Owens St Parking Garage,1670 Owens Street,San Francisco,CA,94158,,US,GPS,37.767928,-122.3942639,2016-07-08,2024-07-09,96022.0,2024-07-09 00:21:21 UTC,,E,,Public,24 hours daily,0.0,4.0,0.0,,Blink Network,http://www.blinkcharging.com/,J1772,,Free,,,,False,,259395097,-122.3950909,37.7670742,119.57260550973625
ELEC,McDonalds - McKee - San Jose CA,2353 McKee Rd,San Jose,CA,95133,,US,GPS,37.367108,-121.848602,2013-03-15,2024-07-09,96127.0,2024-07-09 00:07:12 UTC,,E,,Public,24 hours daily,0.0,2.0,0.0,,Blink Network,http://www.blinkcharging.com/,J1772,,Free,,,,False,,65386218,-121.8484969,37.3664764,70.84233585621737
ELEC,Britannia Oyster Point II Business Plaza,329 Oyster Point Boulevard,South San Francisco,CA,94080,,US,GPS,37.664203,-122.391043,2015-01-21,2024-07-09,96220.0,2024-07-09 00:21:20 UTC,,E,,Public,24 hours daily,0.0,4.0,0.0,,Blink Network,http://www.blinkcharging.com/,J1772,,Free,,,,False,,267292936,-122.3930152,37.6629044,225.80442740477582
ELEC,Equity Office,10 Almaden Blvd.,San Jose,CA,95113,,US,GPS,37.333948,-121.894079,2014-05-01,2024-07-09,96450.0,2024-07-09 00:05:32 UTC,,E,,Public,24 hours daily,0.0,2.0,0.0,,Blink Network,http://www.blinkcharging.com/,J1772,,Free,,,,False,,65513990,-121.8946405,37.3342487,59.85387230412501
ELEC,Alpha Energy Management,48273 Lakeview Blvd,Fremont,CA,94538,,US,200-8,37.466791,-121.929602,2018-04-02,2022-08-10,96775.0,2024-06-27 19:20:09 UTC,P,E,,Public - Credit card at all times,8am-6pm M-F,0.0,3.0,0.0,,Non-Networked,,J1772,OFFICE_BLDG,$3 per hour,,False,LD,False,,53034622,-121.927906,37.4678959,193.64651702070412
ELEC,ESSEX PARK GREEN 6,430 Station Park Cir,San Mateo,CA,94402,,US,GPS,37.554604,-122.30747,2018-05-16,2024-07-09,97069.0,2024-07-09 01:08:51 UTC,,E,,Public,24 hours daily,0.0,1.0,0.0,,ChargePoint Network,http://www.chargepoint.com/,J1772,,,,,,False,,7128993345,-122.3076718,37.5548739,34.887626334740276
ELEC,San Francisco Estuary Institute,4911 Central Ave,Richmond,CA,94804,,US,GPS,37.899428,-122.318169,2018-05-01,2023-01-10,99429.0,2023-02-14 15:54:11 UTC,P,E,,Public,9am-6pm M-F for employee use only; available for public use after hours and weekends,0.0,3.0,0.0,,Non-Networked,,J1772,OFFICE_BLDG,$0.25 per kWh,,True,LD,True,,240481117,-122.3167176,37.8996876,130.58045916141106
ELEC,Computer History Museum,1401 N Shoreline Blvd,Mountain View,CA,94043,,US,200-9,37.414457,-122.07705,2015-07-01,2021-10-12,99961.0,2024-07-01 18:03:49 UTC,P,E,,Public,24 hours daily; Drivers must bring their own J1772 cordset for Level 1 charging,1.0,0.0,0.0,,Non-Networked,,NEMA515,MUSEUM,Free,,False,LD,False,,26029097,-122.0781766,37.4145041,99.63671947425587
ELEC,The Veranda - Tesla Supercharger,2001 Diamond Blvd.,Concord,CA,94520,,US,200-9,37.970182,-122.058569,2018-07-23,2023-07-01,102008.0,2023-07-14 19:41:28 UTC,P,E,,Public,24 hours daily,0.0,0.0,19.0,,Tesla,https://www.tesla.com/supercharger,TESLA,,,,,,False,,347299577,-122.0586206,37.9690152,129.82124630348196
ELEC,Main Street Cupertino - Tesla Supercharger,19500 Vallco Parkway,Cupertino,CA,95014,,US,200-9,37.324431,-122.009041,2018-07-23,2023-07-01,102012.0,2023-07-14 19:41:28 UTC,P,E,,Public,24 hours daily,0.0,0.0,10.0,,Tesla,https://www.tesla.com/supercharger,TESLA,,,,,,False,,11883146523,-122.0103489,37.3230442,192.75476381794314
ELEC,Tesla Service Center Dublin - Tesla Supercharger,6701 Amador Plaza Road,Dublin,CA,94568,,US,200-9,37.703163,-121.925304,2015-12-01,2023-07-01,102015.0,2023-07-14 19:41:28 UTC,P,E,,Public,24 hours daily,0.0,0.0,14.0,,Tesla,https://www.tesla.com/supercharger,TESLA,,,,,,False,,53140554,-121.9261626,37.7033837,79.42292981538449
ELEC,Gateway 101 - Tesla Supercharger,1771 East Bayshore Road,East Palo Alto,CA,94303,,US,200-8,37.459637,-122.137653,2018-07-23,2023-07-01,102016.0,2023-07-14 19:41:28 UTC,P,E,,Public,24 hours daily,0.0,0.0,20.0,,Tesla,https://www.tesla.com/supercharger,TESLA,,,,,,False,,207640137,-122.1381218,37.4589344,88.40709003332829
ELEC,Solano Town Center Mall - Tesla Supercharger,1350 Travis Blvd.,Fairfield,CA,94533,,US,200-8,38.261782,-122.052399,2018-07-23,2023-07-01,102019.0,2023-07-14 19:41:28 UTC,P,E,,Public,24 hours daily,0.0,0.0,12.0,,Tesla,https://www.tesla.com/supercharger,TESLA,,,,,,False,,62210041,-122.0500335,38.2611126,219.53459885521266
ELEC,Target - Tesla Supercharger,39201 Fremont Blvd.,Fremont,CA,94538,,US,200-8,37.544293,-121.984002,2018-07-23,2023-07-01,102024.0,2023-07-14 19:41:28 UTC,P,E,,Public,24 hours daily,0.0,0.0,12.0,,Tesla,https://www.tesla.com/supercharger,TESLA,,,,,,False,,53083939,-121.984163,37.543851,51.156948907687664
ELEC,Tesla Fremont Delivery - Tesla Supercharger,45500 Fremont Blvd,Fremont,CA,94538,,US,GPS,37.492713,-121.944627,2013-06-01,2023-07-01,102025.0,2023-07-14 19:41:28 UTC,P,E,,Public,24 hours daily,0.0,0.0,12.0,,Tesla,https://www.tesla.com/supercharger,TESLA,,,,,,False,,257396194,-121.9469914,37.4913573,257.3707715274217
ELEC,Gilroy Premium Outlets - Tesla Supercharger,Leavesley Rd,Gilroy,CA,95020,,US,GPS,37.02445,-121.56535,2013-06-01,2023-07-01,102027.0,2023-07-14 19:41:28 UTC,P,E,,Public,24 hours daily,0.0,0.0,16.0,,Tesla,https://www.tesla.com/supercharger,TESLA,,,,,,False,,1710790638,-121.5648817,37.0231135,154.3178453580354
ELEC,Computer History Museum - Tesla Supercharger,1401 N. Shoreline Blvd.,Mountain View,CA,94043,,US,200-9,37.415328,-122.076575,2018-07-23,2023-07-01,102045.0,2023-07-14 19:41:28 UTC,P,E,,Public,24 hours daily,0.0,0.0,12.0,,Tesla,https://www.tesla.com/supercharger,TESLA,,,,,,False,,265656946,-122.0756212,37.4154504,85.3290544606088
ELEC,Allied Clean Fuels - Tesla Supercharger,221 Devlin Rd,Napa,CA,94558,,US,200-9,38.235578,-122.263886,2016-07-15,2023-07-01,102046.0,2023-07-14 19:41:28 UTC,P,E,,Public,24 hours daily,0.0,0.0,12.0,,Tesla,https://www.tesla.com/supercharger,TESLA,,,,,,False,,1019314775,-122.2635178,38.2366864,127.3750397639262
ELEC,East Washington Place Shopping Center - Tesla Supercharger,401 KENNILWORTH DRIVE,Petaluma,CA,94952,,US,200-9,38.242676,-122.625023,2015-02-01,2023-07-01,102049.0,2023-07-14 19:41:28 UTC,P,E,,Public,24 hours daily,0.0,0.0,20.0,,Tesla,https://www.tesla.com/supercharger,TESLA,,,,,,False,,56077728,-122.6224201,38.2435424,246.88794301774897
ELEC,San Carlos Marketplace - Tesla Supercharger,1127 Industrial Road,San Carlos,CA,94070,,US,200-9,37.503005,-122.24544,2018-07-23,2023-07-01,102058.0,2023-07-14 19:41:28 UTC,P,E,,Public,24 hours daily,0.0,0.0,19.0,,Tesla,https://www.tesla.com/supercharger,TESLA,,,,,,False,,65392766,-122.2460304,37.5016229,162.26793657682362
ELEC,Park Place - Tesla Supercharger,1200 Park Place,San Mateo,CA,94403,,US,200-9,37.5447,-122.29011,2015-03-01,2023-07-01,102064.0,2023-07-14 19:41:28 UTC,P,E,,Public,24 hours daily,0.0,0.0,8.0,,Tesla,https://www.tesla.com/supercharger,TESLA,,,,,,False,,260921870,-122.2896413,37.5457085,119.51135089294603
ELEC,Target - Tesla Supercharger,2220 Bridgepointe Pkwy,San Mateo,CA,94404,,US,200-8,37.558395,-122.28434,2018-07-23,2023-07-01,102065.0,2023-07-14 19:41:28 UTC,P,E,,Public,24 hours daily,0.0,0.0,12.0,,Tesla,https://www.tesla.com/supercharger,TESLA,,,,,,False,,415170411,-122.285298,37.5588921,100.92754667205973
ELEC,Target - Tesla Supercharger,298 W. McKinley Ave.,Sunnyvale,CA,94086,,US,200-8,37.37339,-122.032893,2018-07-23,2023-07-01,102068.0,2023-07-14 19:41:28 UTC,P,E,,Public,24 hours daily,0.0,0.0,10.0,,Tesla,https://www.tesla.com/supercharger,TESLA,,,,,,False,,65539898,-122.032587,37.3728712,63.7109000387984
ELEC,Vacaville Premium Outlets - Tesla Supercharger,321 Nut Tree Road,Vacaville,CA,95687,,US,200-8,38.366645,-121.958136,2013-12-15,2023-07-01,102075.0,2023-07-14 19:41:28 UTC,P,E,,Public,24 hours daily,0.0,0.0,16.0,,Tesla,https://www.tesla.com/supercharger,TESLA,,,,,,False,,62192078,-121.9591996,38.3683456,210.60971038342018
ELEC,Harbor Bay Park,1151 Harbor Bay Pkwy,Alameda,CA,94502,,US,GPS,37.727004,-122.231887,2018-09-06,2024-07-09,102598.0,2024-07-09 00:03:52 UTC,,E,,Public,24 hours daily,0.0,2.0,0.0,,Blink Network,http://www.blinkcharging.com/,J1772,,Free,,,,False,,53084607,-122.2305457,37.7269792,117.99704603026021
ELEC,521401-City of San Mateo,1949 Pacific Blvd.,San Mateo,CA,94403,,US,200-9,37.550432,-122.307281,2018-09-27,2024-07-09,103585.0,2024-07-09 02:29:09 UTC,,E,,Public,24 hours daily,0.0,6.0,0.0,,SHELL_RECHARGE,https://www.shell.us/motorist/electric-vehicle-charging.html,J1772,,,,,,False,,65510320,-122.3083867,37.5504075,97.51368737899222
ELEC,"Paul Schafer, DDS",896 Sutro Ave,Novato,CA,94947,,US,GPS,38.117115,-122.6098,2009-06-01,2023-10-12,104205.0,2024-01-31 22:07:01 UTC,P,E,,Public,24 hours daily; J1772 cordset for NEMA 5-20 connector is provided,1.0,2.0,0.0,,Non-Networked,,J1772 NEMA520,PARKING_LOT,Free,SOLAR,False,LD,False,,110383593,-122.60972,38.1179188,89.6521936560339
ELEC,Town of Los Gatos - Northside Lot,142 Los Gatos-Saratoga Rd,Los Gatos,CA,95032,,US,GPS,37.229971,-121.979377,2018-10-01,2023-05-03,104445.0,2024-01-31 22:07:01 UTC,P,E,,Public,24 hours daily,0.0,6.0,0.0,,Non-Networked,,J1772,PARKING_LOT,,,False,LD,False,,65481661,-121.978627,37.2301709,70.0228314566376
ELEC,Serramonte Center - Tesla Supercharger,3 Serramonte Center,Daly City,CA,94015,,US,GPS,37.673992,-122.471969,2018-10-01,2023-07-01,104447.0,2023-07-14 19:41:28 UTC,P,E,,Public,24 hours daily,0.0,0.0,40.0,,Tesla,https://www.tesla.com/supercharger,TESLA,SHOPPING_CENTER,,,,,False,,65354247,-122.473652,37.6742041,149.98818561553023
ELEC,Northside Lot - Tesla Supercharger,142 Los Gatos-Saratoga Road,Los Gatos,CA,95032,,US,GPS,37.230356,-121.979198,2018-10-01,2023-07-01,104448.0,2023-07-14 19:41:28 UTC,P,E,,Public,24 hours daily,0.0,0.0,20.0,,Tesla,https://www.tesla.com/supercharger,TESLA,PARKING_LOT,,,,,False,,65481661,-121.978627,37.2301709,54.58263682597941
ELEC,Target - Tesla Supercharger,533 Coleman Avenue,San Jose,CA,95110,,US,GPS,37.339563,-121.90366,2018-10-01,2023-07-01,104449.0,2023-07-14 19:41:28 UTC,P,E,,Public,24 hours daily,0.0,0.0,12.0,,Tesla,https://www.tesla.com/supercharger,TESLA,SHOPPING_CENTER,,,,,False,,286106622,-121.9035695,37.3408946,148.2833710211746
ELEC,The Harker School - Upper Campus,500 Saratoga Ave,San Jose,CA,95129,,US,200-8,37.317837,-121.974016,2018-08-01,2023-01-10,104585.0,2023-02-14 15:54:11 UTC,P,E,,Public - Credit card at all times,9am-4pm M-F,0.0,15.0,0.0,,POWERFLEX,https://www.powerflex.com,J1772,SCHOOL,$0.15 per kWh,,False,LD,False,,65388877,-121.9741576,37.3179855,20.72342299702227
ELEC,CADE Estate Winery - Tesla Destination,360 Howell Mountain Road South,Angwin,CA,94508,,US,200-9,38.560196,-122.448882,2015-06-01,2022-10-06,112850.0,2023-01-18 15:15:20 UTC,P,E,,Public,,0.0,2.0,0.0,,Tesla Destination,https://www.tesla.com/destination-charging,J1772 TESLA,BREWERY_DISTILLERY_WINERY,Free,,,,False,,3284272287,-122.4510322,38.559806,191.9227202980308
ELEC,Graduate Berkeley - Tesla Destination,2600 Durant Ave,Berkeley,CA,94704,,US,200-9,37.867942,-122.256305,2018-06-13,2022-10-06,112859.0,2023-01-18 15:15:20 UTC,P,E,,Public,,0.0,3.0,0.0,,Tesla Destination,https://www.tesla.com/destination-charging,J1772 TESLA,HOTEL,Free,,,,False,,53073464,-122.2567334,37.8681031,41.65380080344268
ELEC,"Claremont Club & Spa, A Fairmont Hotel - Tesla Destination",41 Tunnel Rd,Berkeley,CA,94705,,US,200-9,37.857507,-122.24184,2016-06-09,2022-10-06,112860.0,2023-01-18 15:15:20 UTC,P,E,,Public,,0.0,1.0,0.0,,Tesla Destination,https://www.tesla.com/destination-charging,TESLA,HOTEL,Free,,,,False,,53031582,-122.2415293,37.8568623,76.70168579287783
ELEC,Hannah Nicole Vineyards & Winery - Tesla Destination,6700 Balfour Rd,Brentwood,CA,94513,,US,200-9,37.923893,-121.656966,2016-03-04,2022-10-06,112873.0,2023-01-18 15:15:20 UTC,P,E,,Public,,0.0,3.0,0.0,,Tesla Destination,https://www.tesla.com/destination-charging,J1772 TESLA,BREWERY_DISTILLERY_WINERY,Free,,,,False,,57916717,-121.6547945,37.9327591,1004.0955327772938
ELEC,San Francisco Airport Marriott Waterfront - Tesla Destination,1800 Old Bayshore Hwy,Burlingame,CA,94010,,US,200-8,37.602645,-122.371,2014-11-07,2022-10-06,112877.0,2023-01-18 15:15:20 UTC,P,E,,Public,,0.0,1.0,0.0,,Tesla Destination,https://www.tesla.com/destination-charging,TESLA,HOTEL,Free,,,,False,,1447212645,-122.3722671,37.6027236,111.96748299148658
ELEC,Calistoga Spa Hot Springs - Tesla Destination,1005 Washington St,Calistoga,CA,94515,,US,200-8,38.579277,-122.577206,2017-10-27,2022-10-06,112878.0,2023-01-18 15:15:20 UTC,P,E,,Public,,0.0,2.0,0.0,,Tesla Destination,https://www.tesla.com/destination-charging,TESLA,HOTEL,Free,,,,False,,55955652,-122.5774037,38.5795792,37.74263398167681
ELEC,The Bergson Hotel - Tesla Destination,1010 Foothill Blvd,Calistoga,CA,94515,,US,200-9,38.575118,-122.579171,2017-03-13,2022-10-06,112879.0,2023-01-18 15:15:20 UTC,P,E,,Public,,0.0,1.0,0.0,,Tesla Destination,https://www.tesla.com/destination-charging,TESLA,HOTEL,Free,,,,False,,55967147,-122.5788062,38.5746703,59.024943656186885
ELEC,Tamber bey Vineyards - Tesla Destination,1251 Tubbs Ln,Calistoga,CA,94515,,US,200-9,38.5954604,-122.6047026,2015-05-12,2022-10-06,112880.0,2023-01-18 15:15:20 UTC,P,E,,Public,,0.0,2.0,0.0,,Tesla Destination,https://www.tesla.com/destination-charging,J1772 TESLA,BREWERY_DISTILLERY_WINERY,Free,,,,False,,55957933,-122.6013441,38.596407,310.2736157287198
ELEC,Old Faithful Geyser Resort - Tesla Destination,1299 Tubbs Ln,Calistoga,CA,94515,,US,200-9,38.596348,-122.602268,2017-03-27,2022-10-06,112881.0,2023-01-18 15:15:20 UTC,P,E,,Public,,0.0,2.0,0.0,,Tesla Destination,https://www.tesla.com/destination-charging,TESLA,HOTEL,Free,,,,False,,55957933,-122.6013441,38.596407,80.559679855685
ELEC,Chateau Montelena Winery - Tesla Destination,1429 Tubbs Ln,Calistoga,CA,94515,,US,200-9,38.602511,-122.597651,2017-10-27,2022-10-06,112882.0,2023-01-18 15:15:20 UTC,P,E,,Public,,0.0,4.0,0.0,,Tesla Destination,https://www.tesla.com/destination-charging,J1772 TESLA,BREWERY_DISTILLERY_WINERY,Free,,,,False,,55957938,-122.5954079,38.6055519,390.2905739794134
ELEC,Mount View Hotel & Spa - Tesla Destination,1457 Lincoln Ave,Calistoga,CA,94515,,US,200-9,38.579553,-122.578636,2015-07-31,2022-10-06,112883.0,2023-01-18 15:15:20 UTC,P,E,,Public,,0.0,1.0,0.0,,Tesla Destination,https://www.tesla.com/destination-charging,TESLA,HOTEL,Free,,,,False,,55937696,-122.57827,38.5802352,82.25877939179175
ELEC,Dr Wilkinson's Hot Springs Resort - Tesla Destination,1507 Lincoln Ave,Calistoga,CA,94515,,US,200-9,38.580532,-122.578276,2017-01-23,2022-10-06,112884.0,2023-01-18 15:15:20 UTC,P,E,,Public,,0.0,1.0,0.0,,Tesla Destination,https://www.tesla.com/destination-charging,TESLA,HOTEL,Free,,,,False,,55937696,-122.57827,38.5802352,33.00682168275267
ELEC,Best Western Plus Stevenson Manor - Tesla Destination,1830 Lincoln Ave,Calistoga,CA,94515,,US,200-9,38.584002,-122.575808,2017-05-24,2022-10-06,112885.0,2023-01-18 15:15:20 UTC,P,E,,Public,,0.0,2.0,0.0,,Tesla Destination,https://www.tesla.com/destination-charging,TESLA,HOTEL,Free,,,,False,,55937407,-122.5763585,38.5836825,59.596713546231655
ELEC,Tedeschi Family Winery - Tesla Destination,2779 Grant St,Calistoga,CA,94515,,US,200-9,38.590351,-122.594049,2017-09-28,2022-10-06,112886.0,2023-01-18 15:15:20 UTC,P,E,,Public,,0.0,1.0,0.0,,Tesla Destination,https://www.tesla.com/destination-charging,TESLA,BREWERY_DISTILLERY_WINERY,Free,,,,False,,55954164,-122.594362,38.5911418,92.04488390406345
ELEC,Jericho Canyon Vineyard - Tesla Destination,3292 Old Lawley Toll Rd,Calistoga,CA,94515,,US,200-8,38.620343,-122.593546,2016-10-31,2022-10-06,112887.0,2023-01-18 15:15:20 UTC,P,E,,Public,,0.0,2.0,0.0,,Tesla Destination,https://www.tesla.com/destination-charging,TESLA,BREWERY_DISTILLERY_WINERY,Free,,,,False,,55972075,-122.5855608,38.6088909,1450.146687763911
ELEC,Storybook Mountain Winery - Tesla Destination,3835 Hwy 128,Calistoga,CA,94515,,US,200-9,38.599918,-122.639262,2015-04-06,2022-10-06,112888.0,2023-01-18 15:15:20 UTC,P,E,,Public,,0.0,1.0,0.0,,Tesla Destination,https://www.tesla.com/destination-charging,TESLA,BREWERY_DISTILLERY_WINERY,Free,,,,False,,56016164,-122.6504419,38.6075113,1287.133290819287
ELEC,Castello di Amorosa - Tesla Destination,4045 N St Helena Hwy,Calistoga,CA,94515,,US,200-9,38.558501,-122.542644,2015-05-06,2022-10-06,112889.0,2023-01-18 15:15:20 UTC,P,E,,Public,,0.0,2.0,0.0,,Tesla Destination,https://www.tesla.com/destination-charging,TESLA,BREWERY_DISTILLERY_WINERY,Free,,,,False,,55944199,-122.5405443,38.5619882,428.5887723354966
ELEC,Davis Estates - Tesla Destination,4060 Silverado Trl N,Calistoga,CA,94515,,US,200-9,38.569894,-122.514784,2016-06-20,2022-10-06,112890.0,2023-01-18 15:15:20 UTC,P,E,,Public,,0.0,3.0,0.0,,Tesla Destination,https://www.tesla.com/destination-charging,J1772 TESLA,BREWERY_DISTILLERY_WINERY,Free,,,,False,,55954734,-122.5168343,38.5708546,207.80102583279216
ELEC,Fairwinds Estate Winery - Tesla Destination,4550 Silverado Trl N,Calistoga,CA,94515,,US,GPS,38.575397,-122.549492,2017-12-01,2022-10-06,112891.0,2023-01-18 15:15:20 UTC,P,E,,Public,,0.0,4.0,0.0,,Tesla Destination,https://www.tesla.com/destination-charging,J1772 TESLA,BREWERY_DISTILLERY_WINERY,Free,,,,False,,55942204,-122.5527588,38.5758505,288.42772878851554
ELEC,Hans Fahden Winery - Tesla Destination,4855 Petrified Forest Rd,Calistoga,CA,94515,,US,200-8,38.559898,-122.630428,2017-07-31,2022-10-06,112892.0,2023-01-18 15:15:20 UTC,P,E,,Public,,0.0,1.0,0.0,,Tesla Destination,https://www.tesla.com/destination-charging,TESLA,BREWERY_DISTILLERY_WINERY,Free,,,,False,,55949959,-122.6252269,38.5599015,452.2345926783687
ELEC,Calistoga Ranch - Tesla Destination,580 Lommel Rd,Calistoga,CA,94515,,US,200-9,38.579938,-122.513364,2015-12-08,2022-10-06,112893.0,2023-01-18 15:15:20 UTC,P,E,,Public,,0.0,2.0,0.0,,Tesla Destination,https://www.tesla.com/destination-charging,TESLA,HOTEL,Free,,,,False,,8003343194,-122.5125462,38.579772,73.44510383493726
ELEC,Solage Calistoga - Tesla Destination,755 Silverado Trl,Calistoga,CA,94515,,US,200-9,38.584218,-122.570291,2015-05-12,2022-10-06,112894.0,2023-01-18 15:15:20 UTC,P,E,,Public,,0.0,3.0,0.0,,Tesla Destination,https://www.tesla.com/destination-charging,J1772 TESLA,HOTEL,Free,,,,False,,4879171098,-122.5704939,38.5846567,51.87142776082639
ELEC,"Twomey Cellars, Calistoga - Tesla Destination",1183 Dunaweal Ln,Calistoga,CA,94515,,US,200-9,38.565799,-122.556772,2015-12-11,2022-10-06,112896.0,2023-01-18 15:15:20 UTC,P,E,,Public,,0.0,2.0,0.0,,Tesla Destination,https://www.tesla.com/destination-charging,J1772 TESLA,BREWERY_DISTILLERY_WINERY,Free,,,,False,,8997535124,-122.5565769,38.5645867,135.86484745942784
ELEC,"Juniper Cupertino, Curio Collection by Hilton - Tesla Destination",10050 S De Anza Blvd,Cupertino,CA,95014,,US,200-9,37.321772,-122.031361,2015-12-03,2022-10-06,112942.0,2023-01-18 15:15:20 UTC,P,E,,Public,,0.0,1.0,0.0,,Tesla Destination,https://www.tesla.com/destination-charging,TESLA,HOTEL,Free,,,,False,,1700007814,-122.0324064,37.3210921,119.42002120274168
ELEC,Ridge Vineyards Monte Bello - Tesla Destination,17100 Montebello Rd,Cupertino,CA,95014,,US,200-9,37.299769,-122.115738,2015-07-02,2022-10-06,112943.0,2023-01-18 15:15:20 UTC,P,E,,Public,,0.0,2.0,0.0,,Tesla Destination,https://www.tesla.com/destination-charging,J1772 TESLA,BREWERY_DISTILLERY_WINERY,Free,,,,False,,65576785,-122.1105816,37.2957763,636.5104627821682
ELEC,Best Western Danville Sycamore Inn - Tesla Destination,803 Camino Ramon,Danville,CA,94526,,US,200-9,37.810487,-121.991211,2015-11-19,2022-10-06,112947.0,2023-01-18 15:15:20 UTC,P,E,,Public,,0.0,2.0,0.0,,Tesla Destination,https://www.tesla.com/destination-charging,TESLA,HOTEL,Free,,,,False,,5382097893,-121.9909904,37.8110354,63.98473280865995
ELEC,Viader Vineyards & Winery - Tesla Destination,1120 Deer Park Rd,Deer Park,CA,94576,,US,200-9,38.560154,-122.473722,2017-01-25,2022-10-06,112949.0,2023-01-18 15:15:20 UTC,P,E,,Public,,0.0,2.0,0.0,,Tesla Destination,https://www.tesla.com/destination-charging,TESLA,BREWERY_DISTILLERY_WINERY,Free,,,,False,,55963566,-122.4725444,38.5573495,328.2267130224863
ELEC,Hyatt House Emeryville/San Francisco Bay Area - Tesla Destination,5800 Shellmound St,Emeryville,CA,94608,,US,200-9,37.83963,-122.292879,2018-05-30,2022-10-06,112960.0,2023-01-18 15:15:20 UTC,P,E,,Public,,0.0,4.0,0.0,,Tesla Destination,https://www.tesla.com/destination-charging,TESLA,HOTEL,Free,,,,False,,53144046,-122.2934699,37.839364,59.72748043106362
ELEC,Farmhouse Inn - Tesla Destination,7871 River Rd,Forestville,CA,95436,,US,200-9,38.490004,-122.883477,2014-11-26,2022-10-06,112969.0,2023-01-18 15:15:20 UTC,P,E,,Public,,0.0,3.0,0.0,,Tesla Destination,https://www.tesla.com/destination-charging,J1772 TESLA,INN,Free,,,,False,,56033299,-122.8835312,38.4906585,72.92990176098154
ELEC,Hyatt Place Fremont/Silicon Valley - Tesla Destination,3101 W Warren Ave,Fremont,CA,94538,,US,200-8,37.483726,-121.939835,2018-05-16,2022-10-06,112975.0,2023-01-18 15:15:20 UTC,P,E,,Public,,0.0,4.0,0.0,,Tesla Destination,https://www.tesla.com/destination-charging,TESLA,HOTEL,Free,,,,False,,3966570268,-121.938855,37.4831744,106.01594945482493
ELEC,Fremont Marriott Silicon Valley - Tesla Destination,46100 Landing Pkwy,Fremont,CA,94538,,US,200-9,37.488967,-121.94617,2016-07-07,2022-10-06,112976.0,2023-01-18 15:15:20 UTC,P,E,,Public,,0.0,4.0,0.0,,Tesla Destination,https://www.tesla.com/destination-charging,J1772 TESLA,HOTEL,Free,,,,False,,53026964,-121.9469944,37.4882583,107.24159816287629
ELEC,Best Western Garden Court Inn - Tesla Destination,5400 Mowry Ave,Fremont,CA,94538,,US,200-8,37.532181,-122.000213,2014-12-24,2022-10-06,112977.0,2023-01-18 15:15:20 UTC,P,E,,Public,,0.0,2.0,0.0,,Tesla Destination,https://www.tesla.com/destination-charging,TESLA,HOTEL,Free,,,,False,,4177213825,-121.999743,37.5328761,87.70179901028555
ELEC,Kendall Jackson Wine Estate - Tesla Destination,5007 Fulton Rd,Fulton,CA,95439,,US,200-8,38.504217,-122.770179,2014-10-23,2022-10-06,112980.0,2023-01-18 15:15:20 UTC,P,E,,Public,,0.0,2.0,0.0,,Tesla Destination,https://www.tesla.com/destination-charging,J1772 TESLA,BREWERY_DISTILLERY_WINERY,Free,,,,False,,55991045,-122.7703485,38.5072219,334.4554739574832
ELEC,Old World Winery - Tesla Destination,850 River Rd,Fulton,CA,95439,,US,200-9,38.495894,-122.766331,2017-06-28,2022-10-06,112981.0,2023-01-18 15:15:20 UTC,P,E,,Public,,0.0,1.0,0.0,,Tesla Destination,https://www.tesla.com/destination-charging,TESLA,BREWERY_DISTILLERY_WINERY,Free,,,,False,,56068607,-122.7690594,38.4956321,239.22447919348213
ELEC,Zialena Winery - Tesla Destination,21112 River Rd,Geyserville,CA,95441,,US,200-9,38.716197,-122.893565,2017-04-20,2022-10-06,112983.0,2023-01-18 15:15:20 UTC,P,E,,Public,,0.0,1.0,0.0,,Tesla Destination,https://www.tesla.com/destination-charging,TESLA,BREWERY_DISTILLERY_WINERY,Free,,,,False,,56033507,-122.892639,38.7155119,110.7156183095501
ELEC,David Coffaro Winery - Tesla Destination,7485 Dry Creek Rd,Geyserville,CA,95441,,US,200-9,38.705497,-122.960132,2015-09-14,2022-10-06,112985.0,2023-01-18 15:15:20 UTC,P,E,,Public,,0.0,1.0,0.0,,Tesla Destination,https://www.tesla.com/destination-charging,TESLA,BREWERY_DISTILLERY_WINERY,Free,,,,False,,56116704,-122.9566034,38.7022214,475.83569378842054
ELEC,Trattore Farms - Tesla Destination,7878 Dry Creek Rd,Geyserville,CA,95441,,US,200-8,38.710151,-122.961827,2017-01-03,2022-10-06,112986.0,2023-01-18 15:15:20 UTC,P,E,,Public,,0.0,3.0,0.0,,Tesla Destination,https://www.tesla.com/destination-charging,J1772 TESLA,BREWERY_DISTILLERY_WINERY,Free,,,,False,,56065770,-122.962481,38.717535,823.0229007543039
ELEC,Olea Hotel - Tesla Destination,5131 Warm Springs Rd,Glen Ellen,CA,95442,,US,200-9,38.366659,-122.52871,2016-12-09,2022-10-06,112987.0,2023-01-18 15:15:20 UTC,P,E,,Public,,0.0,1.0,0.0,,Tesla Destination,https://www.tesla.com/destination-charging,TESLA,HOTEL,Free,,,,False,,56160623,-122.5303852,38.366071,160.01683983618207
ELEC,Valley of the Moon Winery - Tesla Destination,777 Madrone Rd,Glen Ellen,CA,95442,,US,200-8,38.340537,-122.50572,2015-10-21,2022-10-06,112988.0,2023-01-18 15:15:20 UTC,P,E,,Public,,0.0,3.0,0.0,,Tesla Destination,https://www.tesla.com/destination-charging,J1772 TESLA,BREWERY_DISTILLERY_WINERY,Free,,,,False,,56116158,-122.5084875,38.3399093,251.2563377697129
ELEC,The Stavrand - Tesla Destination,13555 Rte 116,Guerneville,CA,95446,,US,200-9,38.4996103,-122.9890892,2017-01-30,2022-10-06,112996.0,2023-01-18 15:15:20 UTC,P,E,,Public,,0.0,3.0,0.0,,Tesla Destination,https://www.tesla.com/destination-charging,J1772 TESLA,INN,Free,,,,False,,412177072,-122.9904302,38.5004961,152.70786122035213
ELEC,"The Ritz-Carlton, Half Moon Bay + Golf Links - Tesla Destination",1 Miramontes Point Rd,Half Moon Bay,CA,94019,,US,200-9,37.43374,-122.441248,2014-05-23,2022-10-06,112999.0,2023-01-18 15:15:20 UTC,P,E,,Public,,0.0,8.0,0.0,,Tesla Destination,https://www.tesla.com/destination-charging,J1772 TESLA,HOTEL,Free,,,,False,,334363728,-122.4403417,37.4334169,87.71715510598224
ELEC,Madrona Manor Wine Country Inn & Restaurant - Tesla Destination,1001 Westside Rd,Healdsburg,CA,95448,,US,200-9,38.604548,-122.886511,2017-12-22,2022-10-06,113004.0,2023-01-18 15:15:20 UTC,P,E,,Public,,0.0,2.0,0.0,,Tesla Destination,https://www.tesla.com/destination-charging,J1772 TESLA,HOTEL,Free,,,,False,,56005566,-122.8848679,38.603526,182.48374024097248
ELEC,Gary Farrell Vineyards & Winery - Tesla Destination,10701 Westside Rd,Healdsburg,CA,95448,,US,200-9,38.507359,-122.897396,2018-05-02,2022-10-06,113005.0,2023-01-18 15:15:20 UTC,P,E,,Public,,0.0,3.0,0.0,,Tesla Destination,https://www.tesla.com/destination-charging,TESLA,BREWERY_DISTILLERY_WINERY,Free,,,,False,,3599632458,-122.8962021,38.5076184,107.81495812079352
ELEC,Comstock Wines - Tesla Destination,1290 Dry Creek Rd,Healdsburg,CA,95448,,US,200-9,38.632637,-122.895148,2017-01-03,2022-10-06,113006.0,2023-01-18 15:15:20 UTC,P,E,,Public,,0.0,2.0,0.0,,Tesla Destination,https://www.tesla.com/destination-charging,J1772 TESLA,BREWERY_DISTILLERY_WINERY,Free,,,,False,,55960952,-122.897285,38.6355947,377.6477459363662
ELEC,h2hotel - Tesla Destination,219 Healdsburg Ave,Healdsburg,CA,94558,,US,200-9,38.609124,-122.870456,2017-04-12,2022-10-06,113007.0,2023-01-18 15:15:20 UTC,P,E,,Public,,0.0,1.0,0.0,,Tesla Destination,https://www.tesla.com/destination-charging,TESLA,HOTEL,Free,,,,False,,3922948896,-122.8701008,38.6087754,49.54889870456083
ELEC,Hotel Healdsburg - Tesla Destination,25 Matheson St,Healdsburg,CA,95448,,US,200-9,38.610448,-122.871408,2015-10-21,2022-10-06,113008.0,2023-01-18 15:15:20 UTC,P,E,,Public,,0.0,2.0,0.0,,Tesla Destination,https://www.tesla.com/destination-charging,J1772 TESLA,HOTEL,Free,,,,False,,56042073,-122.8705411,38.6103512,76.0889360939751
ELEC,Dry Creek Vineyard - Tesla Destination,3770 Lambert Bridge Rd,Healdsburg,CA,95448,,US,200-9,38.652759,-122.925048,2016-10-25,2022-10-06,113009.0,2023-01-18 15:15:20 UTC,P,E,,Public,,0.0,5.0,0.0,,Tesla Destination,https://www.tesla.com/destination-charging,J1772 TESLA,HOTEL,Free,,,,False,,56143219,-122.922133,38.654769,337.6782375649142
ELEC,Lambert Bridge Winery - Tesla Destination,4085 W Dry Creek Rd,Healdsburg,CA,95448,,US,200-9,38.646898,-122.927687,2016-12-08,2022-10-06,113010.0,2023-01-18 15:15:20 UTC,P,E,,Public,,0.0,1.0,0.0,,Tesla Destination,https://www.tesla.com/destination-charging,TESLA,BREWERY_DISTILLERY_WINERY,Free,,,,False,,56159991,-122.9304948,38.6475957,255.88476188378579
ELEC,Papapietro Perry Winery - Tesla Destination,4791 Dry Creek Rd,Healdsburg,CA,95448,,US,200-9,38.67324,-122.933823,2017-03-27,2022-10-06,113012.0,2023-01-18 15:15:20 UTC,P,E,,Public,,0.0,1.0,0.0,,Tesla Destination,https://www.tesla.com/destination-charging,TESLA,BREWERY_DISTILLERY_WINERY,Free,,,,False,,7324646947,-122.9369401,38.6753183,355.8506296386517
ELEC,Quivira Vineyards - Tesla Destination,4900 W Dry Creek Rd,Healdsburg,CA,94949,,US,200-9,38.655932,-122.937324,2017-02-14,2022-10-06,113013.0,2023-01-18 15:15:20 UTC,P,E,,Public,,0.0,2.0,0.0,,Tesla Destination,https://www.tesla.com/destination-charging,J1772 TESLA,BREWERY_DISTILLERY_WINERY,Free,,,,False,,56160039,-122.9361143,38.6547926,164.57790534777138
ELEC,Ridge Vineyards - Tesla Destination,650 Lytton Springs Rd,Healdsburg,CA,95448,,US,200-8,38.659382,-122.885417,2015-05-26,2022-10-06,113015.0,2023-01-18 15:15:20 UTC,P,E,,Public,,0.0,1.0,0.0,,Tesla Destination,https://www.tesla.com/destination-charging,TESLA,BREWERY_DISTILLERY_WINERY,Free,,,,False,,56031219,-122.886335,38.659576,82.57661825796811
ELEC,River Belle Inn - Tesla Destination,68 Front St,Healdsburg,CA,95448,,US,200-9,38.606658,-122.861649,2017-09-30,2022-10-06,113016.0,2023-01-18 15:15:20 UTC,P,E,,Public,,0.0,2.0,0.0,,Tesla Destination,https://www.tesla.com/destination-charging,TESLA,HOTEL,Free,,,,False,,56161786,-122.8617909,38.6064128,29.923485903296807
ELEC,Williams Selyem Winery - Tesla Destination,7227 Westside Rd,Healdsburg,CA,95405,,US,200-9,38.520826,-122.869841,2017-11-29,2022-10-06,113017.0,2023-01-18 15:15:20 UTC,P,E,,Public,,0.0,3.0,0.0,,Tesla Destination,https://www.tesla.com/destination-charging,J1772 TESLA,BREWERY_DISTILLERY_WINERY,Free,,,,False,,4878859246,-122.8678054,38.523662,361.6699923423487
ELEC,Thomas George Estates - Tesla Destination,8075 Westside Rd,Healdsburg,CA,95448,,US,200-9,38.522965,-122.879001,2017-06-21,2022-10-06,113018.0,2023-01-18 15:15:20 UTC,P,E,,Public,,0.0,1.0,0.0,,Tesla Destination,https://www.tesla.com/destination-charging,TESLA,BREWERY_DISTILLERY_WINERY,Free,,,,False,,4878859246,-122.8678054,38.523662,977.028919108482
ELEC,"Twomey Cellars, Healdsburg - Tesla Destination",3000 Westside Rd,Healdsburg,CA,95448,,US,200-8,38.577291,-122.876575,2015-10-27,2022-10-06,113019.0,2023-01-18 15:15:20 UTC,P,E,,Public,,0.0,3.0,0.0,,Tesla Destination,https://www.tesla.com/destination-charging,J1772 TESLA,BREWERY_DISTILLERY_WINERY,Free,,,,False,,4927973233,-122.8761096,38.5746701,294.2260012702824
ELEC,Tomales Bay Resort - Tesla Destination,12938 Sir Francis Drake Blvd,Inverness,CA,94937,,US,200-9,38.107042,-122.862711,2016-10-21,2022-10-06,113033.0,2023-01-18 15:15:20 UTC,P,E,,Public,,0.0,4.0,0.0,,Tesla Destination,https://www.tesla.com/destination-charging,J1772 TESLA,HOTEL,Free,,,,False,,110388830,-122.8620082,38.105654,166.13765825452163
ELEC,La Rochelle Winery - Tesla Destination,233 Adobe Canyon Rd,Kenwood,CA,95452,,US,200-9,38.428521,-122.555443,2017-01-23,2022-10-06,113044.0,2023-01-18 15:15:20 UTC,P,E,,Public,,0.0,1.0,0.0,,Tesla Destination,https://www.tesla.com/destination-charging,TESLA,BREWERY_DISTILLERY_WINERY,Free,,,,False,,56132716,-122.556224,38.424366,466.9978263903231
ELEC,Courtyard Marriott Palo Alto-Los Altos - Tesla Destination,4320 El Camino Real,Los Altos,CA,94022,,US,200-9,37.40506,-122.119167,2017-09-18,2022-10-06,113076.0,2023-01-18 15:15:20 UTC,P,E,,Public,,0.0,12.0,0.0,,Tesla Destination,https://www.tesla.com/destination-charging,J1772 TESLA,HOTEL,Free,,,,False,,3072895690,-122.118485,37.4047677,68.44940620006922
ELEC,Toll House Hotel - Tesla Destination,140 S Santa Cruz Ave,Los Gatos,CA,95030,,US,200-9,37.2210758,-121.9850882,2018-01-01,2022-10-06,113106.0,2023-01-18 15:15:20 UTC,P,E,,Public,,0.0,10.0,0.0,,Tesla Destination,https://www.tesla.com/destination-charging,J1772 TESLA,HOTEL,Free,,,,False,,65523168,-121.9854556,37.2203106,91.09349584357267
ELEC,Hotel Los Gatos - Tesla Destination,210 E Main St,Los Gatos,CA,95030,,US,200-9,37.220969,-121.977106,2016-07-07,2022-10-06,113108.0,2023-01-18 15:15:20 UTC,P,E,,Public,,0.0,2.0,0.0,,Tesla Destination,https://www.tesla.com/destination-charging,TESLA,HOTEL,Free,,,,False,,65544733,-121.9771678,37.221138,19.572483600733463
ELEC,Los Gatos Garden Inn - Tesla Destination,46 E Main St,Los Gatos,CA,95030,,US,200-9,37.220872,-121.980319,2018-02-01,2022-10-06,113109.0,2023-01-18 15:15:20 UTC,P,E,,Public,,0.0,3.0,0.0,,Tesla Destination,https://www.tesla.com/destination-charging,J1772 TESLA,HOTEL,Free,,,,False,,65575579,-121.9804574,37.2203127,63.38730917049085
ELEC,Hotel Nia - Tesla Destination,200 Independence Dr,Menlo Park,CA,94025,,US,GPS,37.482386,-122.176522,2018-05-03,2022-10-06,113125.0,2023-01-18 15:15:20 UTC,P,E,,Public,,0.0,10.0,0.0,,Tesla Destination,https://www.tesla.com/destination-charging,J1772 TESLA,HOTEL,Free,,,,False,,65448697,-122.1755392,37.4824016,86.7374446900693
ELEC,Millwood Inn and Suites - Tesla Destination,1375 El Camino Real,Millbrae,CA,94030,,US,200-9,37.609602,-122.401414,2018-04-14,2022-10-06,113127.0,2023-01-18 15:15:20 UTC,P,E,,Public,,0.0,3.0,0.0,,Tesla Destination,https://www.tesla.com/destination-charging,J1772 TESLA,INN,Free,,,,False,,65434590,-122.4018476,37.60952,39.267956497211486
ELEC,Coyote Creek Golf Club - Tesla Destination,1 Coyote Creek Golf Dr,Morgan Hill,CA,95037,,US,200-9,37.193039,-121.702313,2018-02-06,2022-10-06,113141.0,2023-01-18 15:15:20 UTC,P,E,,Public,,0.0,4.0,0.0,,Tesla Destination,https://www.tesla.com/destination-charging,TESLA,REC_SPORTS_FACILITY,Free,,,,False,,4612686507,-121.7017656,37.193127,49.4652798329995
ELEC,La Quinta Inn & Suites Morgan Hill - Tesla Destination,17043 Condit Rd,Morgan Hill,CA,95037,,US,GPS,37.134293,-121.631501,2017-08-25,2022-10-06,113142.0,2023-01-18 15:15:20 UTC,P,E,,Public,,0.0,4.0,0.0,,Tesla Destination,https://www.tesla.com/destination-charging,TESLA,HOTEL,Free,,,,False,,1722549902,-121.6314391,37.1345801,32.39226245081579
ELEC,Seal Cove Inn - Tesla Destination,221 Cypress Ave,Moss Beach,CA,94038,,US,200-9,37.5220717,-122.5135405,2015-07-31,2022-10-06,113143.0,2023-01-18 15:15:20 UTC,P,E,,Public,,0.0,1.0,0.0,,Tesla Destination,https://www.tesla.com/destination-charging,TESLA,INN,Free,,,,False,,65414707,-122.5124839,37.5212335,131.7953400889878
ELEC,Holiday Inn Express Mountain View - Tesla Destination,1561 W El Camino Real,Mountain View,CA,94040,,US,200-9,37.3894309,-122.0920614,2015-04-14,2022-10-06,113144.0,2023-01-18 15:15:20 UTC,P,E,,Public,,0.0,2.0,0.0,,Tesla Destination,https://www.tesla.com/destination-charging,J1772 TESLA,HOTEL,Free,,,,False,,726963286,-122.0919482,37.3896456,25.8837090251146
ELEC,Hotel Vue - Tesla Destination,64 W El Camino Real,Mountain View,CA,94040,,US,200-9,37.381445,-122.074197,2018-06-27,2022-10-06,113145.0,2023-01-18 15:15:20 UTC,P,E,,Public,,0.0,3.0,0.0,,Tesla Destination,https://www.tesla.com/destination-charging,J1772 TESLA,HOTEL,Free,,,,False,,187643145,-122.0747309,37.3812797,50.628157803244385
ELEC,SpringHill Suites by Marriott Napa Valley - Tesla Destination,101 Gateway Rd E,Napa,CA,94558,,US,200-9,38.2242325,-122.2594288,2018-02-06,2022-10-06,113150.0,2023-01-18 15:15:20 UTC,P,E,,Public,,0.0,7.0,0.0,,Tesla Destination,https://www.tesla.com/destination-charging,J1772 TESLA,HOTEL,Free,,,,False,,1129660927,-122.2588835,38.2231876,125.57329497107602
ELEC,Candlelight Inn Napa Valley - Tesla Destination,1045 Easum Dr,Napa,CA,94558,,US,200-9,38.3033887,-122.3113571,2016-02-25,2022-10-06,113151.0,2023-01-18 15:15:20 UTC,P,E,,Public,,0.0,1.0,0.0,,Tesla Destination,https://www.tesla.com/destination-charging,TESLA,INN,Free,,,,False,,3225907332,-122.311666,38.3030528,46.06078315172732
ELEC,O'Brien Estates - Tesla Destination,1200 Orchard Ave,Napa,CA,94558,,US,200-9,38.34591,-122.33966,2015-07-15,2022-10-06,113152.0,2023-01-18 15:15:20 UTC,P,E,,Public,,0.0,2.0,0.0,,Tesla Destination,https://www.tesla.com/destination-charging,TESLA,BREWERY_DISTILLERY_WINERY,Free,,,,False,,55938962,-122.3388323,38.3481445,258.7376170705574
ELEC,The Westin Verasa Napa - Tesla Destination,1314 McKinstry St,Napa,CA,94559,,US,200-9,38.304309,-122.283944,2018-06-25,2022-10-06,113153.0,2023-01-18 15:15:20 UTC,P,E,,Public,,0.0,12.0,0.0,,Tesla Destination,https://www.tesla.com/destination-charging,J1772 TESLA,HOTEL,Free,,,,False,,55952033,-122.2850499,38.3042978,96.50676628352544
ELEC,Silverado Resort & Spa - Tesla Destination,1600 Atlas Peak Rd,Napa,CA,94558,,US,200-9,38.348616,-122.264465,2017-10-27,2022-10-06,113154.0,2023-01-18 15:15:20 UTC,P,E,,Public,,0.0,10.0,0.0,,Tesla Destination,https://www.tesla.com/destination-charging,TESLA,HOTEL,Free,,,,False,,55967276,-122.2653657,38.3485281,79.15117739738697
ELEC,River Terrace Inn - Tesla Destination,1600 Soscol Ave,Napa,CA,94559,,US,200-9,38.305275,-122.283453,2015-04-14,2022-10-06,113155.0,2023-01-18 15:15:20 UTC,P,E,,Public,,0.0,3.0,0.0,,Tesla Destination,https://www.tesla.com/destination-charging,J1772 TESLA,INN,Free,,,,False,,4925826672,-122.283234,38.3054399,26.48347994307288
ELEC,Reynolds Family Winery - Tesla Destination,3266 Silverado Trl,Napa,CA,94558,,US,200-8,38.355633,-122.28608,2015-06-08,2022-10-06,113156.0,2023-01-18 15:15:20 UTC,P,E,,Public,,0.0,1.0,0.0,,Tesla Destination,https://www.tesla.com/destination-charging,TESLA,BREWERY_DISTILLERY_WINERY,Free,,,,False,,55951901,-122.2874451,38.3568915,183.71506401176234
ELEC,SENZA Hotel - Tesla Destination,4066 Howard Ln,Napa,CA,94558,,US,200-9,38.341938,-122.324832,2015-04-28,2022-10-06,113157.0,2023-01-18 15:15:20 UTC,P,E,,Public,,0.0,2.0,0.0,,Tesla Destination,https://www.tesla.com/destination-charging,TESLA,HOTEL,Free,,,,False,,55973519,-122.3253532,38.3420339,46.68935079804656
ELEC,Black Stallion Estate Winery - Tesla Destination,4089 Silverado Trl,Napa,CA,94558,,US,200-9,38.3598318,-122.2906388,2015-08-05,2022-10-06,113158.0,2023-01-18 15:15:20 UTC,P,E,,Public,,0.0,3.0,0.0,,Tesla Destination,https://www.tesla.com/destination-charging,J1772 TESLA,BREWERY_DISTILLERY_WINERY,Free,,,,False,,55954683,-122.2878954,38.3580344,311.7100212678318
ELEC,"Inn on Randolph, a Select Registry Property - Tesla Destination",411 Randolph St,Napa,CA,94559,,US,200-9,38.292615,-122.287015,2015-04-09,2022-10-06,113159.0,2023-01-18 15:15:20 UTC,P,E,,Public,,0.0,2.0,0.0,,Tesla Destination,https://www.tesla.com/destination-charging,J1772 TESLA,INN,Free,,,,False,,55960976,-122.286689,38.2922711,47.66281835898463
ELEC,"Churchill Manor, a Select Registry Property - Tesla Destination",485 Brown St,Napa,CA,94559,,US,200-9,38.2930642,-122.2844017,2016-01-21,2022-10-06,113160.0,2023-01-18 15:15:20 UTC,P,E,,Public,,0.0,2.0,0.0,,Tesla Destination,https://www.tesla.com/destination-charging,J1772 TESLA,HOTEL,Free,,,,False,,55954405,-122.2836849,38.2932395,65.52280521109215
ELEC,Napa River Inn - Tesla Destination,500 Main St,Napa,CA,94559,,US,200-9,38.29622,-122.283138,2014-05-30,2022-10-06,113161.0,2023-01-18 15:15:20 UTC,P,E,,Public,,0.0,2.0,0.0,,Tesla Destination,https://www.tesla.com/destination-charging,TESLA,INN,Free,,,,False,,55958865,-122.2832407,38.2963989,21.818524687531294
ELEC,Rudd Winery - Tesla Destination,500 Oakville Cross Rd,Napa,CA,94558,,US,200-9,38.455324,-122.365144,2016-04-12,2022-10-06,113162.0,2023-01-18 15:15:20 UTC,P,E,,Public,,0.0,2.0,0.0,,Tesla Destination,https://www.tesla.com/destination-charging,J1772 TESLA,BREWERY_DISTILLERY_WINERY,Free,,,,False,,55954722,-122.3634644,38.455933,161.1691014610433
ELEC,Odette Estate Winery - Tesla Destination,5998 Silverado Trail,Napa,CA,94558,,US,200-9,38.406448,-122.328279,2015-06-01,2022-10-06,113163.0,2023-01-18 15:15:20 UTC,P,E,,Public,,0.0,1.0,0.0,,Tesla Destination,https://www.tesla.com/destination-charging,TESLA,BREWERY_DISTILLERY_WINERY,Free,,,,False,,55972029,-122.3514196,38.4084912,2029.0890432459478
ELEC,Quixote and Pott Wines - Tesla Destination,6126 Silverado Trl S,Napa,CA,94558,,US,200-9,38.417886,-122.323317,2017-02-10,2022-10-06,113164.0,2023-01-18 15:15:20 UTC,P,E,,Public,,0.0,1.0,0.0,,Tesla Destination,https://www.tesla.com/destination-charging,TESLA,BREWERY_DISTILLERY_WINERY,Free,,,,False,,55937318,-122.3411617,38.4276308,1894.9283124407918
ELEC,Italics Winegrowers - Tesla Destination,70 Rapp Ln,Napa,CA,94558,,US,200-8,38.308931,-122.246385,2016-07-18,2022-10-06,113166.0,2023-01-18 15:15:20 UTC,P,E,,Public,,0.0,1.0,0.0,,Tesla Destination,https://www.tesla.com/destination-charging,TESLA,BREWERY_DISTILLERY_WINERY,Free,,,,False,,55951694,-122.2459327,38.3077644,135.5905007399859
ELEC,ZD Wines - Tesla Destination,8383 Silverado Trl,Napa,CA,94558,,US,200-9,38.476549,-122.38888,2014-04-16,2022-10-06,113167.0,2023-01-18 15:15:20 UTC,P,E,,Public,,0.0,2.0,0.0,,Tesla Destination,https://www.tesla.com/destination-charging,TESLA,BREWERY_DISTILLERY_WINERY,Free,,,,False,,55954971,-122.3875734,38.4680458,952.3314278285676
ELEC,Ashes & Diamonds Winery - Tesla Destination,4130 Howard Ln,Napa Valley,CA,94558,,US,200-8,38.344114,-122.326251,2018-02-20,2022-10-06,113168.0,2023-01-18 15:15:20 UTC,P,E,,Public,,0.0,5.0,0.0,,Tesla Destination,https://www.tesla.com/destination-charging,J1772 TESLA,BREWERY_DISTILLERY_WINERY,Free,,,,False,,272156550,-122.3266902,38.3442206,40.09487192284845
ELEC,Doubletree by Hilton - Newark/Fremont - Tesla Destination,39900 Balentine Dr,Newark,CA,94560,,US,200-8,37.521383,-121.9909546,2017-12-04,2022-10-06,113169.0,2023-01-18 15:15:20 UTC,P,E,,Public,,0.0,4.0,0.0,,Tesla Destination,https://www.tesla.com/destination-charging,TESLA,HOTEL,Free,,,,False,,3958761733,-121.9900256,37.5207376,108.91675852365087
ELEC,Holiday Inn Express Hotel & Suites Oakland-Airport - Tesla Destination,66 Airport Access Rd,Oakland,CA,94603,,US,200-8,37.725841,-122.198335,2018-08-15,2022-10-06,113179.0,2023-01-18 15:15:20 UTC,P,E,,Public,,0.0,3.0,0.0,,Tesla Destination,https://www.tesla.com/destination-charging,J1772 TESLA,HOTEL,Free,,,,False,,241794204,-122.1993604,37.7256559,92.50240308809555
ELEC,Signature Flight Support OAK - Oakland Int'l Airport - Tesla Destination,8433 Earhart Rd,Oakland,CA,94621,,US,200-8,37.730079,-122.213042,2018-07-11,2022-10-06,113180.0,2023-01-18 15:15:20 UTC,P,E,,Public,,0.0,3.0,0.0,,Tesla Destination,https://www.tesla.com/destination-charging,J1772 TESLA,AIRPORT,Free,,,,False,,53103996,-122.21021,37.7311603,276.5607443590294
ELEC,"Inn at Occidental, a Select Registry Property - Tesla Destination",3657 Church St,Occidental,CA,95465,,US,200-9,38.407219,-122.94643,2015-03-23,2022-10-06,113185.0,2023-01-18 15:15:20 UTC,P,E,,Public,,0.0,2.0,0.0,,Tesla Destination,https://www.tesla.com/destination-charging,J1772 TESLA,INN,Free,,,,False,,56057292,-122.9467897,38.4074018,37.35630194515353
ELEC,The Epiphany Hotel - Tesla Destination,180 Hamilton Ave,Palo Alto,CA,94301,,US,200-9,37.443601,-122.161516,2015-09-10,2022-10-06,113219.0,2023-01-18 15:15:20 UTC,P,E,,Public,,0.0,1.0,0.0,,Tesla Destination,https://www.tesla.com/destination-charging,TESLA,HOTEL,Free,,,,False,,65653767,-122.1615537,37.4439029,33.73438400970559
ELEC,Creekside Inn Hotel - Tesla Destination,3400 El Camino Real,Palo Alto,CA,94306,,US,200-9,37.418651,-122.135119,2017-04-12,2022-10-06,113220.0,2023-01-18 15:15:20 UTC,P,E,,Public,,0.0,2.0,0.0,,Tesla Destination,https://www.tesla.com/destination-charging,TESLA,INN,Free,,,,False,,6606624876,-122.1345503,37.4190779,69.10658226079967
ELEC,Hilton Garden Inn Palo Alto - Tesla Destination,4216 El Camino Real,Palo Alto,CA,94306,,US,200-9,37.409314,-122.123068,2018-02-06,2022-10-06,113221.0,2023-01-18 15:15:20 UTC,P,E,,Public,,0.0,3.0,0.0,,Tesla Destination,https://www.tesla.com/destination-charging,TESLA,HOTEL,Free,,,,False,,2565919545,-122.1231798,37.4101053,88.5410255328392
ELEC,Dinah's Garden Hotel & Poolside Restaurant - Tesla Destination,4261 El Camino Real,Palo Alto,CA,94306,,US,200-9,37.407771,-122.120076,2018-02-15,2022-10-06,113222.0,2023-01-18 15:15:20 UTC,P,E,,Public,,0.0,2.0,0.0,,Tesla Destination,https://www.tesla.com/destination-charging,TESLA,HOTEL,Free,,,,False,,6873345484,-122.1193316,37.4076945,66.29776710953459
ELEC,Homewood Suites by Hilton Palo Alto - Tesla Destination,4329 El Camino Real,Palo Alto,CA,94306,,US,200-9,37.405664,-122.118794,2018-02-21,2022-10-06,113223.0,2023-01-18 15:15:20 UTC,P,E,,Public,,0.0,6.0,0.0,,Tesla Destination,https://www.tesla.com/destination-charging,J1772 TESLA,HOTEL,Free,,,,False,,206352843,-122.119477,37.4058809,64.97056890482074
ELEC,Lagunitas Brewing - Tesla Destination,1280 N McDowell Blvd,Petaluma,CA,94954,,US,200-9,38.272406,-122.662407,2016-03-11,2022-10-06,113259.0,2023-01-18 15:15:20 UTC,P,E,,Public,,0.0,6.0,0.0,,Tesla Destination,https://www.tesla.com/destination-charging,J1772 TESLA,BREWERY_DISTILLERY_WINERY,Free,,,,False,,1834838282,-122.663415,38.272155,92.31512562907484
ELEC,Sheraton Sonoma County-Petaluma - Tesla Destination,745 Baywood Dr,Petaluma,CA,94954,,US,200-8,38.230988,-122.612703,2015-10-14,2022-10-06,113260.0,2023-01-18 15:15:20 UTC,P,E,,Public,,0.0,3.0,0.0,,Tesla Destination,https://www.tesla.com/destination-charging,J1772 TESLA,HOTEL,Free,,,,False,,56071049,-122.6121829,38.2298511,134.33256426852756
ELEC,The Rose Hotel - Tesla Destination,807 Main St,Pleasanton,CA,94566,,US,200-9,37.663977,-121.874814,2018-01-11,2022-10-06,113273.0,2023-01-18 15:15:20 UTC,P,E,,Public,,0.0,4.0,0.0,,Tesla Destination,https://www.tesla.com/destination-charging,J1772 TESLA,HOTEL,Free,,,,False,,53025328,-121.8743129,37.6640252,44.43269180794697
ELEC,Oxford Suites Sonoma - Tesla Destination,67 Golf Course Dr W,Rohnert Park,CA,94928,,US,200-9,38.363812,-122.715502,2017-08-28,2022-10-06,113293.0,2023-01-18 15:15:20 UTC,P,E,,Public,,0.0,3.0,0.0,,Tesla Destination,https://www.tesla.com/destination-charging,J1772 TESLA,HOTEL,Free,,,,False,,9182623213,-122.7151568,38.3633368,60.81017040630999
ELEC,Round Pond Winery - Tesla Destination,875 Rutherford Pl,Rutherford,CA,94558,,US,GPS,38.468316,-122.404902,2014-11-20,2022-10-06,113296.0,2023-01-18 15:15:20 UTC,P,E,,Public,,0.0,3.0,0.0,,Tesla Destination,https://www.tesla.com/destination-charging,J1772 TESLA,BREWERY_DISTILLERY_WINERY,Free,,,,False,,4928433381,-122.4069321,38.4662114,293.2649767692452
ELEC,Super 8 San Bruno /SF Intl Arpt West - Tesla Destination,421 El Camino Real,San Bruno,CA,94066,,US,200-9,37.621832,-122.412209,2018-04-14,2022-10-06,113302.0,2023-01-18 15:15:20 UTC,P,E,,Public,,0.0,3.0,0.0,,Tesla Destination,https://www.tesla.com/destination-charging,J1772 TESLA,HOTEL,Free,,,,False,,1050206559,-122.4115275,37.6215806,66.21224723193014
ELEC,101 Second Street Garage - Tesla Destination,101 Second St.,San Francisco,CA,94111,,US,200-9,37.788097,-122.39918,2016-06-10,2022-10-06,113330.0,2023-01-18 15:15:20 UTC,P,E,,Public,,0.0,2.0,0.0,,Tesla Destination,https://www.tesla.com/destination-charging,TESLA,HOTEL,Free,,,,False,,5839953279,-122.3985696,37.7879861,55.038495697505084
ELEC,101 California Street Garage - Tesla Destination,101 California St,San Francisco,CA,94111,,US,200-9,37.792826,-122.397675,2016-06-08,2022-10-06,113331.0,2023-01-18 15:15:20 UTC,P,E,,Public,,0.0,2.0,0.0,,Tesla Destination,https://www.tesla.com/destination-charging,TESLA,HOTEL,Free,,,,False,,5854943486,-122.3974308,37.7925584,36.685799170974704
ELEC,345 California Center Parking Garage - Tesla Destination,115 Battery St,San Francisco,CA,94111,,US,200-8,37.792496,-122.39998,2015-01-27,2022-10-06,113332.0,2023-01-18 15:15:20 UTC,P,E,,Public,,0.0,1.0,0.0,,Tesla Destination,https://www.tesla.com/destination-charging,TESLA,PARKING_GARAGE,Free,,,,False,,65336474,-122.3997849,37.7922611,31.2432435587376
ELEC,"Hotel Kabuki, a Joie de Vivre Hotel - Tesla Destination",1625 Post St,San Francisco,CA,94115,,US,200-9,37.785523,-122.428919,2015-11-20,2022-10-06,113333.0,2023-01-18 15:15:20 UTC,P,E,,Public,,0.0,2.0,0.0,,Tesla Destination,https://www.tesla.com/destination-charging,J1772 TESLA,HOTEL,Free,,,,False,,65314187,-122.4281655,37.7857872,72.44074273619728
ELEC,"Hotel Buchanan, a Kimpton Hotel - Tesla Destination",1800 Sutter St,San Francisco,CA,94115,,US,200-9,37.78679,-122.430143,2015-11-23,2022-10-06,113334.0,2023-01-18 15:15:20 UTC,P,E,,Public,,0.0,2.0,0.0,,Tesla Destination,https://www.tesla.com/destination-charging,TESLA,HOTEL,Free,,,,False,,65292734,-122.4299974,37.7865117,33.48641135915467
ELEC,Loews Regency San Francisco - Tesla Destination,222 Sansome St,San Francisco,CA,94104,,US,200-9,37.792442,-122.401039,2015-01-22,2022-10-06,113335.0,2023-01-18 15:15:20 UTC,P,E,,Public,,0.0,1.0,0.0,,Tesla Destination,https://www.tesla.com/destination-charging,TESLA,HOTEL,Free,,,,False,,65352417,-122.4009593,37.7921162,36.898068275096236
ELEC,Hilton San Francisco Union Square - Tesla Destination,333 O'Farrell St,San Francisco,CA,94102,,US,200-9,37.786079,-122.4104325,2015-11-02,2022-10-06,113336.0,2023-01-18 15:15:20 UTC,P,E,,Public,,0.0,1.0,0.0,,Tesla Destination,https://www.tesla.com/destination-charging,TESLA,HOTEL,Free,,,,False,,65317945,-122.4097,37.7862213,66.28673566090028
ELEC,The Westin St. Francis San Francisco on Union Square - Tesla Destination,335 Powell St,San Francisco,CA,94102,,US,200-9,37.787828,-122.408731,2018-10-03,2022-10-06,113337.0,2023-01-18 15:15:20 UTC,P,E,,Public,,0.0,2.0,0.0,,Tesla Destination,https://www.tesla.com/destination-charging,TESLA,HOTEL,Free,,,,False,,1308305528,-122.4083373,37.7878249,34.59843185073808
ELEC,Park Central Hotel - Tesla Destination,50 3rd St,San Francisco,CA,94103,,US,200-9,37.78671,-122.402827,2014-04-04,2022-10-06,113338.0,2023-01-18 15:15:20 UTC,P,E,,Public,,0.0,1.0,0.0,,Tesla Destination,https://www.tesla.com/destination-charging,TESLA,HOTEL,Free,,,,False,,65300105,-122.4025729,37.7866798,22.580686292148126
ELEC,The Ritz-Carlton Hotel San Francisco - Tesla Destination,600 Stockton St,San Francisco,CA,94108,,US,200-9,37.7918779,-122.4071784,2015-12-08,2022-10-06,113339.0,2023-01-18 15:15:20 UTC,P,E,,Public,,0.0,2.0,0.0,,Tesla Destination,https://www.tesla.com/destination-charging,J1772 TESLA,HOTEL,Free,,,,False,,65295299,-122.4075516,37.7922563,53.34617050458962
ELEC,San Francisco Marriott Marquis - Tesla Destination,780 Mission St,San Francisco,CA,94103,,US,200-9,37.7849,-122.4043,2015-02-03,2022-10-06,113340.0,2023-01-18 15:15:20 UTC,P,E,,Public,,0.0,3.0,0.0,,Tesla Destination,https://www.tesla.com/destination-charging,J1772 TESLA,HOTEL,Free,,,,False,,65351772,-122.4042569,37.7844843,46.378716307307165
ELEC,The Fairmont San Francisco - Tesla Destination,950 Mason St,San Francisco,CA,94108,,US,200-9,37.7924958,-122.4100354,2014-12-10,2022-10-06,113342.0,2023-01-18 15:15:20 UTC,P,E,,Public,,0.0,3.0,0.0,,Tesla Destination,https://www.tesla.com/destination-charging,J1772 TESLA,HOTEL,Free,,,,False,,65307381,-122.4093646,37.792979,79.75684908396678
ELEC,InterContinental Mark Hopkins San Francisco - Tesla Destination,999 California St,San Francisco,CA,94108,,US,200-8,37.791596,-122.410385,2015-01-22,2022-10-06,113343.0,2023-01-18 15:15:20 UTC,P,E,,Public,,0.0,2.0,0.0,,Tesla Destination,https://www.tesla.com/destination-charging,TESLA,HOTEL,Free,,,,False,,65295314,-122.4108302,37.791838,47.481579078662634
ELEC,San Francisco Zoo - Tesla Destination,Sloat Blvd & Great Hwy,San Francisco,CA,94132,,US,GPS,37.73313,-122.505159,2017-11-20,2022-10-06,113344.0,2023-01-18 15:15:20 UTC,P,E,,Public,,0.0,10.0,0.0,,Tesla Destination,https://www.tesla.com/destination-charging,J1772 TESLA,OTHER_ENTERTAINMENT,Free,,,,False,,302912887,-122.5070573,37.7336782,177.71857289715808
ELEC,Atlantic Aviation SJC - Tesla Destination,1250 Aviation Ave,San Jose,CA,95110,,US,200-9,37.356798,-121.930151,2018-07-09,2022-10-06,113345.0,2023-01-18 15:15:20 UTC,P,E,,Public,,0.0,12.0,0.0,,Tesla Destination,https://www.tesla.com/destination-charging,J1772 TESLA,AIRPORT,Free,,,,False,,8720157561,-121.9315883,37.3562795,139.50836219438128
ELEC,The Fairmont San Jose - Tesla Destination,170 S Market St,San Jose,CA,95113,,US,200-9,37.3327794,-121.8892745,2015-01-29,2022-10-06,113346.0,2023-01-18 15:15:20 UTC,P,E,,Public,,0.0,2.0,0.0,,Tesla Destination,https://www.tesla.com/destination-charging,TESLA,HOTEL,Free,,,,False,,3208509425,-121.890073,37.3332088,85.22876741716405
ELEC,La Quinta Inn & Suites San Jose Airport - Tesla Destination,2585 Seaboard Ave,San Jose,CA,95131,,US,200-9,37.378373,-121.939254,2018-05-02,2022-10-06,113347.0,2023-01-18 15:15:20 UTC,P,E,,Public,,0.0,4.0,0.0,,Tesla Destination,https://www.tesla.com/destination-charging,J1772 TESLA,HOTEL,Free,,,,False,,65523824,-121.9388085,37.3790077,80.8112760810883
ELEC,Holiday Inn Express San Jose - Tesla Destination,2660 Monterey Hwy,San Jose,CA,95111,,US,200-8,37.296681,-121.853109,2016-10-12,2022-10-06,113348.0,2023-01-18 15:15:20 UTC,P,E,,Public,,0.0,2.0,0.0,,Tesla Destination,https://www.tesla.com/destination-charging,J1772 TESLA,HOTEL,Free,,,,False,,4167974203,-121.8541757,37.2966666,94.37029570726469
ELEC,San Jose Marriott - Tesla Destination,301 S Market St,San Jose,CA,95113,,US,200-9,37.330348,-121.888385,2018-05-16,2022-10-06,113349.0,2023-01-18 15:15:20 UTC,P,E,,Public,,0.0,6.0,0.0,,Tesla Destination,https://www.tesla.com/destination-charging,J1772 TESLA,HOTEL,Free,,,,False,,741845188,-121.888328,37.3308589,57.032676315113775
ELEC,Hyatt House San Jose/Silicon Valley - Tesla Destination,75 Headquarters Dr,San Jose,CA,95134,,US,200-9,37.416498,-121.953018,2018-06-12,2022-10-06,113350.0,2023-01-18 15:15:20 UTC,P,E,,Public,,0.0,4.0,0.0,,Tesla Destination,https://www.tesla.com/destination-charging,TESLA,HOTEL,Free,,,,False,,65497221,-121.9517967,37.4170931,126.54010891844362
ELEC,Hilton Garden Inn Oakland/San Leandro - Tesla Destination,510 Lewelling Blvd,San Leandro,CA,94579,,US,200-9,37.685716,-122.132684,2018-05-25,2022-10-06,113351.0,2023-01-18 15:15:20 UTC,P,E,,Public,,0.0,8.0,0.0,,Tesla Destination,https://www.tesla.com/destination-charging,TESLA,HOTEL,Free,,,,False,,52982496,-122.133039,37.6866698,110.56280145734165
ELEC,Tolosa Winery - Tesla Destination,4910 Edna Rd,San Luis Obispo,CA,94301,,US,200-9,35.230915,-120.625431,2018-08-01,2022-10-06,113354.0,2023-01-18 15:15:20 UTC,P,E,,Public,,0.0,2.0,0.0,,Tesla Destination,https://www.tesla.com/destination-charging,TESLA,BREWERY_DISTILLERY_WINERY,Free,,,,False,,1155678786,-121.3835328,36.9631462,204302.03922477184
ELEC,Rosewood CordeValle - Tesla Destination,1 CordeValle Club Dr,San Martin,CA,95046,,US,200-9,37.0679,-121.633,2022-04-13,2022-10-06,113358.0,2023-01-18 15:15:20 UTC,P,E,,Public,,0.0,14.0,0.0,,Tesla Destination,https://www.tesla.com/destination-charging,TESLA,HOTEL,Free,,,,False,,295224652,-121.6253127,37.0640969,802.5307650208839
ELEC,Hyatt House San Ramon - Tesla Destination,2323 San Ramon Valley Blvd,San Ramon,CA,94583,,US,200-9,37.777919,-121.977858,2018-06-20,2022-10-06,113359.0,2023-01-18 15:15:20 UTC,P,E,,Public,,0.0,4.0,0.0,,Tesla Destination,https://www.tesla.com/destination-charging,TESLA,HOTEL,Free,,,,False,,355645482,-121.9779103,37.7771264,88.2530073224227
ELEC,Santa Clara Marriott - Tesla Destination,2700 Mission College Blvd,Santa Clara,CA,95054,,US,200-8,37.390939,-121.974647,2016-11-02,2022-10-06,113371.0,2023-01-18 15:15:20 UTC,P,E,,Public,,0.0,2.0,0.0,,Tesla Destination,https://www.tesla.com/destination-charging,J1772 TESLA,HOTEL,Free,,,,False,,276322618,-121.9740632,37.3919396,122.63465260916185
ELEC,Towneplace Suites by Marriott San Jose - Santa Clara - Tesla Destination,2877 Lakeside Dr,Santa Clara,CA,95054,,US,200-8,37.383181,-121.978802,2018-03-12,2022-10-06,113372.0,2023-01-18 15:15:20 UTC,P,E,,Public,,0.0,6.0,0.0,,Tesla Destination,https://www.tesla.com/destination-charging,J1772 TESLA,HOTEL,Free,,,,False,,33784160,-121.9777491,37.383599,103.99353812977071
ELEC,Signature Flight Support - San Jose - Tesla Destination,323 Martin Ave,Santa Clara,CA,95050,,US,200-8,37.36135,-121.935057,2017-10-30,2022-10-06,113373.0,2023-01-18 15:15:20 UTC,P,E,,Public,,0.0,4.0,0.0,,Tesla Destination,https://www.tesla.com/destination-charging,TESLA,AIRPORT,Free,,,,False,,65574638,-121.9366841,37.3618821,155.49970737099
ELEC,Hyatt House Santa Clara - Tesla Destination,3915 Rivermark Plaza,Santa Clara,CA,95054,,US,200-8,37.39449,-121.944762,2018-08-06,2022-10-06,113374.0,2023-01-18 15:15:20 UTC,P,E,,Public,,0.0,2.0,0.0,,Tesla Destination,https://www.tesla.com/destination-charging,TESLA,HOTEL,Free,,,,False,,650006561,-121.944733,37.394154,37.449281126407634
ELEC,Hyatt Vineyard Creek Hotel and Spa - Tesla Destination,170 Railroad St,Santa Rosa,CA,95401,,US,200-8,38.436068,-122.71986,2014-09-18,2022-10-06,113394.0,2023-01-18 15:15:20 UTC,P,E,,Public,,0.0,2.0,0.0,,Tesla Destination,https://www.tesla.com/destination-charging,TESLA,HOTEL,Free,,,,False,,56074879,-122.720112,38.4365997,63.06518887064465
ELEC,Martin Ray Winery - Tesla Destination,2191 Laguna Rd,Santa Rosa,CA,95401,,US,200-9,38.468937,-122.850563,2015-10-27,2022-10-06,113395.0,2023-01-18 15:15:20 UTC,P,E,,Public,,0.0,2.0,0.0,,Tesla Destination,https://www.tesla.com/destination-charging,TESLA,BREWERY_DISTILLERY_WINERY,Free,,,,False,,56048513,-122.8489054,38.4694386,154.71320505180404
ELEC,Benovia Winery - Tesla Destination,3339 Hartman Rd,Santa Rosa,CA,95401,,US,200-8,38.476196,-122.797839,2015-06-01,2022-10-06,113396.0,2023-01-18 15:15:20 UTC,P,E,,Public,,0.0,2.0,0.0,,Tesla Destination,https://www.tesla.com/destination-charging,J1772 TESLA,BREWERY_DISTILLERY_WINERY,Free,,,,False,,56064448,-122.7976872,38.4774393,138.87893792436668
ELEC,The Gables Wine Country Inn - Tesla Destination,4257 Petaluma Hill Rd,Santa Rosa,CA,95404,,US,200-9,38.3935452,-122.6930142,2014-10-14,2022-10-06,113397.0,2023-01-18 15:15:20 UTC,P,E,,Public,,0.0,2.0,0.0,,Tesla Destination,https://www.tesla.com/destination-charging,TESLA,INN,Free,,,,False,,56022796,-122.7051073,38.3933124,1054.2409598655502
ELEC,Vintners Inn - Tesla Destination,4350 Barnes Rd,Santa Rosa,CA,95403,,US,200-9,38.4952778,-122.7588656,2019-09-20,2022-10-06,113398.0,2023-01-18 15:15:20 UTC,P,E,,Public,,0.0,4.0,0.0,,Tesla Destination,https://www.tesla.com/destination-charging,J1772 TESLA,INN,Free,,,,False,,300795525,-122.7588317,38.4962638,109.67803872409898
ELEC,Sonoma Jet Center - Tesla Destination,6000 Flightline Dr,Santa Rosa,CA,95403,,US,GPS,38.509445,-122.804181,2016-01-21,2022-10-06,113399.0,2023-01-18 15:15:20 UTC,P,E,,Public,,0.0,3.0,0.0,,Tesla Destination,https://www.tesla.com/destination-charging,J1772 TESLA,AIRPORT,Free,,,,False,,56177963,-122.802727,38.5087166,150.2197588415822
ELEC,Cavallo Point Lodge - Tesla Destination,601 Murray Cir,Sausalito,CA,94965,,US,200-9,37.837856,-122.479836,2015-02-03,2022-10-06,113402.0,2023-01-18 15:15:20 UTC,P,E,,Public,,0.0,2.0,0.0,,Tesla Destination,https://www.tesla.com/destination-charging,TESLA,HOTEL,Free,,,,False,,2951539013,-122.4798377,37.8378109,5.017119846318617
ELEC,Casa Madrona - Tesla Destination,801 Bridgeway,Sausalito,CA,94965,,US,200-9,37.8570477,-122.481192,2016-12-30,2022-10-06,113403.0,2023-01-18 15:15:20 UTC,P,E,,Public,,0.0,1.0,0.0,,Tesla Destination,https://www.tesla.com/destination-charging,TESLA,HOTEL,Free,,,,False,,110419684,-122.481828,37.8570739,55.91257585180435
ELEC,Sea Ranch Lodge - Tesla Destination,60 Sea Walk Dr,Sea Ranch,CA,95497,,US,GPS,38.680822,-123.429276,2015-02-25,2022-10-06,113404.0,2023-01-18 15:15:20 UTC,P,E,,Public,,0.0,3.0,0.0,,Tesla Destination,https://www.tesla.com/destination-charging,J1772 TESLA,HOTEL,Free,,,,False,,56089155,-123.4251193,38.6813937,366.37108248055574
ELEC,The Fairmont Sonoma Mission Inn & Spa - Tesla Destination,100 Boyes Blvd,Sonoma,CA,95476,,US,200-8,38.312891,-122.482471,2015-01-23,2022-10-06,113415.0,2023-01-18 15:15:20 UTC,P,E,,Public,,0.0,6.0,0.0,,Tesla Destination,https://www.tesla.com/destination-charging,TESLA,HOTEL,Free,,,,False,,3588424688,-122.4833833,38.3123654,98.74871157811123
ELEC,Ram's Gate Winery - Tesla Destination,28700 Arnold Dr,Sonoma,CA,95476,,US,200-9,38.174307,-122.451274,2015-02-13,2022-10-06,113416.0,2023-01-18 15:15:20 UTC,P,E,,Public,,0.0,3.0,0.0,,Tesla Destination,https://www.tesla.com/destination-charging,J1772 TESLA,BREWERY_DISTILLERY_WINERY,Free,,,,False,,56080596,-122.471121,38.169533,1814.361807643191
ELEC,Favero Vineyards - Tesla Destination,3939 Lovall Valley Rd,Sonoma,CA,95476,,US,200-9,38.300246,-122.404857,2016-03-04,2022-10-06,113417.0,2023-01-18 15:15:20 UTC,P,E,,Public,,0.0,1.0,0.0,,Tesla Destination,https://www.tesla.com/destination-charging,TESLA,BREWERY_DISTILLERY_WINERY,Free,,,,False,,3210145963,-122.401984,38.299631,259.86689937100704
ELEC,Saint Helena Winery - Tesla Destination,100 Pratt Ave,Saint Helena,CA,94574,,US,200-9,38.519773,-122.475455,2017-12-15,2022-10-06,113431.0,2023-01-18 15:15:20 UTC,P,E,,Public,,0.0,2.0,0.0,,Tesla Destination,https://www.tesla.com/destination-charging,TESLA,BREWERY_DISTILLERY_WINERY,Free,,,,False,,55951634,-122.4725301,38.5209866,288.02772980986197
ELEC,"Las Alcobas, A Luxury Collection Hotel, Napa Valley - Tesla Destination",1915 Main St,Saint Helena,CA,94574,,US,200-9,38.50939,-122.478401,2017-10-27,2022-10-06,113433.0,2023-01-18 15:15:20 UTC,P,E,,Public,,0.0,3.0,0.0,,Tesla Destination,https://www.tesla.com/destination-charging,TESLA,HOTEL,Free,,,,False,,55951641,-122.4778861,38.5096133,51.22230124372805
ELEC,Joseph Phelps Vineyards - Tesla Destination,200 Taplin Rd,Saint Helena,CA,94574,,US,200-9,38.507342,-122.428543,2015-03-24,2022-10-06,113434.0,2023-01-18 15:15:20 UTC,P,E,,Public,,0.0,3.0,0.0,,Tesla Destination,https://www.tesla.com/destination-charging,J1772 TESLA,BREWERY_DISTILLERY_WINERY,Free,,,,False,,55957393,-122.4317424,38.5012978,727.4657328488709
ELEC,Vineyard 29 - Tesla Destination,2929 N Hwy 29,Saint Helena,CA,94574,,US,200-9,38.519294,-122.495569,2018-05-08,2022-10-06,113436.0,2023-01-18 15:15:20 UTC,P,E,,Public,,0.0,4.0,0.0,,Tesla Destination,https://www.tesla.com/destination-charging,TESLA,BREWERY_DISTILLERY_WINERY,Free,,,,False,,55959112,-122.4969749,38.5203006,165.7951700416015
ELEC,Mending Wall Winery - Tesla Destination,3730 Silverado Trail N,Saint Helena,CA,94574,,US,GPS,38.556018,-122.499959,2015-03-30,2022-10-06,113437.0,2023-01-18 15:15:20 UTC,P,E,,Public,,0.0,1.0,0.0,,Tesla Destination,https://www.tesla.com/destination-charging,TESLA,BREWERY_DISTILLERY_WINERY,Free,,,,False,,321413454,-122.4967453,38.555106,297.2789567811737
ELEC,HALL Wines - Tesla Destination,401 St. Helena Hwy S,Saint Helena,CA,94574,,US,GPS,38.488989,-122.452143,2015-05-05,2022-10-06,113438.0,2023-01-18 15:15:20 UTC,P,E,,Public,,0.0,2.0,0.0,,Tesla Destination,https://www.tesla.com/destination-charging,TESLA,BREWERY_DISTILLERY_WINERY,Free,,,,False,,4928368459,-122.4532351,38.4905223,195.20060058520406
ELEC,Velo Vino Clif Family Winery - Tesla Destination,709 Main St,Saint Helena,CA,94574,,US,200-9,38.500368,-122.464018,2017-10-27,2022-10-06,113439.0,2023-01-18 15:15:20 UTC,P,E,,Public,,0.0,2.0,0.0,,Tesla Destination,https://www.tesla.com/destination-charging,J1772 TESLA,BREWERY_DISTILLERY_WINERY,Free,,,,False,,55960336,-122.4634682,38.500501,50.07803563458851
ELEC,Meadowood - Tesla Destination,900 Meadowood Ln,Saint Helena,CA,94574,,US,200-9,38.522276,-122.46597,2017-10-27,2022-10-06,113440.0,2023-01-18 15:15:20 UTC,P,E,,Public,,0.0,6.0,0.0,,Tesla Destination,https://www.tesla.com/destination-charging,TESLA,HOTEL,Free,,,,False,,354728354,-122.466997,38.52057,209.68596246277284
ELEC,Corison Winery - Tesla Destination,987 Saint Helena Hwy,Saint Helena,CA,94574,,US,200-9,38.484983,-122.44736,2015-10-14,2022-10-06,113441.0,2023-01-18 15:15:20 UTC,P,E,,Public,,0.0,3.0,0.0,,Tesla Destination,https://www.tesla.com/destination-charging,J1772 TESLA,BREWERY_DISTILLERY_WINERY,Free,,,,False,,4928368556,-122.4458751,38.4851456,130.50453123854797
ELEC,Merryvale Vineyards - Tesla Destination,1000 Main St,Saint Helena,CA,94574,,US,200-9,38.5022063,-122.4641502,2018-07-10,2022-10-06,113442.0,2023-01-18 15:15:20 UTC,P,E,,Public,,0.0,2.0,0.0,,Tesla Destination,https://www.tesla.com/destination-charging,J1772 TESLA,BREWERY_DISTILLERY_WINERY,Free,,,,False,,3572862840,-122.4647333,38.5016192,82.68313189869667
ELEC,Southbridge Napa Valley - Tesla Destination,1020 Main St,Saint Helena,CA,94574,,US,200-9,38.502582,-122.46493,2017-03-17,2022-10-06,113443.0,2023-01-18 15:15:20 UTC,P,E,,Public,,0.0,2.0,0.0,,Tesla Destination,https://www.tesla.com/destination-charging,TESLA,HOTEL,Free,,,,False,,3572862840,-122.4647333,38.5016192,108.41832467214758
ELEC,Alpha Omega Winery - Tesla Destination,1155 Mee Ln,Saint Helena,CA,94574,,US,200-9,38.470596,-122.429101,2016-11-14,2022-10-06,113444.0,2023-01-18 15:15:20 UTC,P,E,,Public,,0.0,3.0,0.0,,Tesla Destination,https://www.tesla.com/destination-charging,TESLA,BREWERY_DISTILLERY_WINERY,Free,,,,False,,55952338,-122.4312912,38.4702968,193.55489285832965
ELEC,Whitehall Lane Winery - Tesla Destination,1563 St. Helena Hwy S,Saint Helena,CA,94574,,US,200-9,38.478215,-122.437767,2016-08-29,2022-10-06,113445.0,2023-01-18 15:15:20 UTC,P,E,,Public,,0.0,2.0,0.0,,Tesla Destination,https://www.tesla.com/destination-charging,J1772 TESLA,BREWERY_DISTILLERY_WINERY,Free,,,,False,,10316664037,-122.4362679,38.4772489,169.02446111455544
ELEC,Nine Suns Winery - Tesla Destination,200 Long Ranch Rd,Saint Helena,CA,94574,,US,200-9,38.46755,-122.348857,2015-11-30,2022-10-06,113446.0,2023-01-18 15:15:20 UTC,P,E,,Public,,0.0,1.0,0.0,,Tesla Destination,https://www.tesla.com/destination-charging,TESLA,BREWERY_DISTILLERY_WINERY,Free,,,,False,,321123905,-122.344471,38.4652491,459.64503372675995
ELEC,Ovid Napa Valley - Tesla Destination,255 Long Ranch Rd,Saint Helena,CA,94574,,US,200-9,38.461982,-122.343979,2017-05-15,2022-10-06,113447.0,2023-01-18 15:15:20 UTC,P,E,,Public,,0.0,1.0,0.0,,Tesla Destination,https://www.tesla.com/destination-charging,TESLA,BREWERY_DISTILLERY_WINERY,Free,,,,False,,321123905,-122.344471,38.4652491,365.80225856077124
ELEC,Newton Vineyard - Tesla Destination,2555 Madrona Ave,Saint Helena,CA,94574,,US,200-9,38.5009763,-122.4971795,2018-06-11,2022-10-06,113448.0,2023-01-18 15:15:20 UTC,P,E,,Public,,0.0,2.0,0.0,,Tesla Destination,https://www.tesla.com/destination-charging,TESLA,BREWERY_DISTILLERY_WINERY,Free,,,,False,,3192358607,-122.4920522,38.5003389,451.7789286214785
ELEC,Trinchero Napa Valley - Tesla Destination,3070 North Saint Helena Hwy,Saint Helena,CA,94574,,US,200-9,38.5283957,-122.4977783,2016-07-08,2022-10-06,113449.0,2023-01-18 15:15:20 UTC,P,E,,Public,,0.0,2.0,0.0,,Tesla Destination,https://www.tesla.com/destination-charging,J1772 TESLA,BREWERY_DISTILLERY_WINERY,Free,,,,False,,623727864,-122.4981722,38.5259362,275.6225033718038
ELEC,PRESS - Tesla Destination,587 St Helena Highway,Saint Helena,CA,94574,,US,200-9,38.489023,-122.450566,2016-04-12,2022-10-06,113450.0,2023-01-18 15:15:20 UTC,P,E,,Public,,0.0,2.0,0.0,,Tesla Destination,https://www.tesla.com/destination-charging,J1772 TESLA,RESTAURANT,Free,,,,False,,55949148,-122.4497987,38.4886848,76.64280872628791
ELEC,Wheeler Farms Winery - Tesla Destination,588 Zinfandel Ln,Saint Helena,CA,94574,,US,200-9,38.487409,-122.437755,2017-04-12,2022-10-06,113451.0,2023-01-18 15:15:20 UTC,P,E,,Public,,0.0,2.0,0.0,,Tesla Destination,https://www.tesla.com/destination-charging,TESLA,BREWERY_DISTILLERY_WINERY,Free,,,,False,,2966261312,-122.4379761,38.4859814,159.904322602626
ELEC,Anderson's Conn Valley Vineyards - Tesla Destination,680 Rossi Rd,Saint Helena,CA,94574,,US,200-9,38.515494,-122.41096,2018-09-06,2022-10-06,113452.0,2023-01-18 15:15:20 UTC,P,E,,Public,,0.0,2.0,0.0,,Tesla Destination,https://www.tesla.com/destination-charging,TESLA,BREWERY_DISTILLERY_WINERY,Free,,,,False,,55961466,-122.4162692,38.513372,518.7007288091509
ELEC,Dakota Shy - Tesla Destination,771 Sage Canyon Rd,Saint Helena,CA,94574,,US,200-9,38.486594,-122.401241,2017-11-27,2022-10-06,113453.0,2023-01-18 15:15:20 UTC,P,E,,Public,,0.0,2.0,0.0,,Tesla Destination,https://www.tesla.com/destination-charging,TESLA,BREWERY_DISTILLERY_WINERY,Free,,,,False,,55955939,-122.4044068,38.4869155,277.8548386366035
ELEC,Yao Family Wines - Tesla Destination,929 Main St,Saint Helena,CA,94574,,US,200-9,38.501427,-122.46489,2017-10-27,2022-10-06,113454.0,2023-01-18 15:15:20 UTC,P,E,,Public,,0.0,2.0,0.0,,Tesla Destination,https://www.tesla.com/destination-charging,J1772 TESLA,BREWERY_DISTILLERY_WINERY,Free,,,,False,,3572862840,-122.4647333,38.5016192,25.35137520403479
ELEC,Amizetta Vineyards - Tesla Destination,1099 Greenfield Rd,Saint Helena,CA,94574,,US,200-9,38.521258,-122.380629,2017-02-07,2022-10-06,113455.0,2023-01-18 15:15:20 UTC,P,E,,Public,,0.0,2.0,0.0,,Tesla Destination,https://www.tesla.com/destination-charging,J1772 TESLA,BREWERY_DISTILLERY_WINERY,Free,,,,False,,8997479346,-122.3804315,38.5224136,129.64065226649106
ELEC,The Lodge at Tiburon - Tesla Destination,1651 Tiburon Blvd,Tiburon,CA,94920,,US,200-9,37.8748518,-122.4576151,2017-06-16,2022-10-06,113478.0,2023-01-18 15:15:20 UTC,P,E,,Public,,0.0,2.0,0.0,,Tesla Destination,https://www.tesla.com/destination-charging,J1772 TESLA,HOTEL,Free,,,,False,,4931882946,-122.4582247,37.874843,53.51490933366759
ELEC,Martinelli Winery - Tesla Destination,3360 River Rd,Windsor,CA,95492,,US,200-9,38.487603,-122.807316,2016-01-25,2022-10-06,113512.0,2023-01-18 15:15:20 UTC,P,E,,Public,,0.0,2.0,0.0,,Tesla Destination,https://www.tesla.com/destination-charging,J1772 TESLA,BREWERY_DISTILLERY_WINERY,Free,,,,False,,55984469,-122.8083938,38.4863652,166.56600028245307
ELEC,Hampton Inn & Suites Windsor - Sonoma Wine Country - Tesla Destination,8937 Brooks Rd S,Windsor,CA,95492,,US,200-8,38.548889,-122.807771,2015-10-07,2022-10-06,113513.0,2023-01-18 15:15:20 UTC,P,E,,Public,,0.0,2.0,0.0,,Tesla Destination,https://www.tesla.com/destination-charging,TESLA,HOTEL,Free,,,,False,,345972306,-122.8085774,38.5495181,99.05127682895413
ELEC,The Mountain House Restaurant - Tesla Destination,13808 Skyline Blvd,Woodside,CA,94062,,US,200-9,37.438194,-122.322541,2016-01-04,2022-10-06,113515.0,2023-01-18 15:15:20 UTC,P,E,,Public,,0.0,2.0,0.0,,Tesla Destination,https://www.tesla.com/destination-charging,TESLA,RESTAURANT,Free,,,,False,,1696853526,-122.3226158,37.4384225,26.252318299799402
ELEC,Priest Ranch Wines - Tesla Destination,6490 Washington St,Yountville,CA,94599,,US,200-9,38.4000624,-122.3591091,2017-03-30,2022-10-06,113518.0,2023-01-18 15:15:20 UTC,P,E,,Public,,0.0,2.0,0.0,,Tesla Destination,https://www.tesla.com/destination-charging,TESLA,BREWERY_DISTILLERY_WINERY,Free,,,,False,,55970897,-122.359068,38.3995289,59.43059724518065
ELEC,Bardessono Hotel & Spa - Tesla Destination,6526 Yount St,Yountville,CA,94599,,US,200-9,38.402469,-122.361104,2014-10-29,2022-10-06,113519.0,2023-01-18 15:15:20 UTC,P,E,,Public,,0.0,3.0,0.0,,Tesla Destination,https://www.tesla.com/destination-charging,J1772 TESLA,HOTEL,Free,,,,False,,55959873,-122.3609056,38.4017476,82.05805931983255
ELEC,North Block Hotel - Tesla Destination,6757 Washington St,Yountville,CA,94599,,US,200-8,38.406124,-122.366872,2018-03-25,2022-10-06,113520.0,2023-01-18 15:15:20 UTC,P,E,,Public,,0.0,3.0,0.0,,Tesla Destination,https://www.tesla.com/destination-charging,J1772 TESLA,HOTEL,Free,,,,False,,55963191,-122.3662996,38.4056429,73.14016487618834
ELEC,Alameda South Shore Center - Tesla Supercharger,523 South Shore Center West,Alameda,CA,94501,,US,GPS,37.756611,-122.249282,2018-12-01,2023-07-01,116778.0,2023-07-14 19:41:28 UTC,P,E,,Public,24 hours daily,0.0,0.0,12.0,,Tesla,https://www.tesla.com/supercharger,TESLA,SHOPPING_CENTER,,,,,False,,53118040,-122.2485205,37.7566557,67.12994428500966
ELEC,San Francisco Premium Outlets - Tesla Supercharger,2774 Livermore Outlets Drive,Livermore,CA,94551,,US,GPS,37.700342,-121.840938,2018-12-01,2023-07-01,116780.0,2023-07-14 19:41:28 UTC,P,E,,Public,24 hours daily,0.0,0.0,20.0,,Tesla,https://www.tesla.com/supercharger,TESLA,SHOPPING_CENTER,,,,,False,,3379263940,-121.8402127,37.7006904,74.65073752954356
ELEC,Embassy Suites - Tesla Supercharger,901 East Calaveras Boulevard,Milpitas,CA,95035,,US,GPS,37.434659,-121.891445,2018-12-01,2023-07-01,116782.0,2023-07-14 19:41:28 UTC,P,E,,Public,24 hours daily,0.0,0.0,16.0,,Tesla,https://www.tesla.com/supercharger,TESLA,HOTEL,,,,,False,,5372825584,-121.8914332,37.4341192,60.03214788582273
ELEC,Almaden Ranch - Tesla Supercharger,5160 Cherry Avenue,San Jose,CA,95118,,US,GPS,37.25845,-121.871401,2018-12-01,2023-07-01,116783.0,2023-07-14 19:41:28 UTC,P,E,,Public,24 hours daily,0.0,0.0,24.0,,Tesla,https://www.tesla.com/supercharger,TESLA,SHOPPING_CENTER,,,,,False,,5376867066,-121.8705328,37.2567202,207.12500788927358
ELEC,Target - Tesla Supercharger,2610 Bishop Drive,San Ramon,CA,94583,,US,GPS,37.762806,-121.963391,2018-12-01,2023-07-01,116784.0,2023-07-14 19:41:28 UTC,P,E,,Public,24 hours daily,0.0,0.0,16.0,,Tesla,https://www.tesla.com/supercharger,TESLA,SHOPPING_CENTER,,,,,False,,57841538,-121.9611506,37.7634765,210.58274590732532
ELEC,Assembly,4000 N 1st St,San Jose,CA,95134,,US,200-9,37.414851,-121.952883,2019-02-10,2023-09-14,117867.0,2024-01-31 22:07:01 UTC,P,E,,Public - Credit card at all times,9am-5pm daily,0.0,52.0,0.0,,Non-Networked,,J1772,OFFICE_BLDG,"$2 per hour for first hour, $20 per hour thereafter",,False,LD,True,,277823226,-121.953751,37.4150964,81.37117228303019
ELEC,The Village at Corte Madera - Tesla Supercharger,1618 Redwood Highway,Corte Madera,CA,94925,,US,GPS,37.928225,-122.514787,2019-02-01,2023-07-01,118947.0,2023-07-14 19:41:28 UTC,P,E,,Public,24 hours daily,0.0,0.0,10.0,,Tesla,https://www.tesla.com/supercharger,TESLA,SHOPPING_CENTER,,,,,False,,257876192,-122.5153548,37.9285654,62.55243128730231
ELEC,521420-Campos Family Vineyards,3501 Byer Road,Byron,CA,94514,,US,200-9,37.877278,-121.631861,2019-04-13,2024-07-09,121396.0,2024-07-09 02:29:17 UTC,,E,,Public,24 hours daily,0.0,3.0,0.0,,SHELL_RECHARGE,https://www.shell.us/motorist/electric-vehicle-charging.html,J1772,,,,,,False,,5844294228,-121.6323772,37.8819838,525.2194673456445
ELEC,Columbia Property Trust,1900 University Circle,E. Palo Alto,CA,94303,,US,GPS,37.459239,-122.142595,2019-04-25,2024-07-09,121678.0,2024-07-09 00:16:40 UTC,,E,,Public,24 hours daily,0.0,6.0,0.0,,Blink Network,http://www.blinkcharging.com/,J1772,,Free,,,,False,,65470760,-122.143519,37.4583219,130.5792200083142
ELEC,San Francisco Premium Outlets,2774 Livermore Outlets Dr.,Livermore,CA,94551,,US,GPS,37.70005,-121.84093,2018-10-03,2024-07-09,121788.0,2024-07-09 02:35:08 UTC,,E,,Public,24 hours daily,0.0,0.0,10.0,,Electrify America,https://www.electrifyamerica.com/,J1772COMBO,,,,,,False,,4035109946,-121.8414177,37.6997047,57.57884352224517
ELEC,Santana Row - Winchester Garage - Tesla Supercharger,330 South Winchester,San Jose,CA,95128,,US,200-9,37.321909,-121.949106,2019-03-01,2023-07-01,122307.0,2023-07-14 19:41:28 UTC,P,E,,Public,24 hours daily,0.0,0.0,26.0,,Tesla,https://www.tesla.com/supercharger,TESLA,,,,,,False,,291658826,-121.948725,37.3213108,74.56251376694506
ELEC,Santana Row - Winchester Garage - Valet - Tesla Supercharger,330 South Winchester Santana Row,San Jose,CA,95128,,US,GPS,37.321457,-121.948941,2019-03-01,2023-07-01,122308.0,2023-07-14 19:41:28 UTC,P,E,,Public,24 hours daily,0.0,0.0,10.0,,Tesla,https://www.tesla.com/supercharger,TESLA,,,,,,False,,291658826,-121.948725,37.3213108,25.081959240838074
ELEC,Aloft Dublin-Pleasanton - Tesla Destination,4075 Grafton St,Dublin,CA,94568,,US,200-8,37.704375,-121.865755,2018-05-08,2022-10-06,122373.0,2023-01-18 15:15:20 UTC,P,E,,Public,,0.0,2.0,0.0,,Tesla Destination,https://www.tesla.com/destination-charging,TESLA,,Free,,,,False,,4360688184,-121.8656721,37.7038661,57.055225607664475
ELEC,Michael David Winery of Sonoma - Tesla Destination,24625 Chianti Rd,Geyserville,CA,95441,,US,GPS,38.742054,-122.955013,2017-08-28,2022-10-06,122375.0,2023-01-18 15:15:20 UTC,P,E,,Public,,0.0,6.0,0.0,,Tesla Destination,https://www.tesla.com/destination-charging,J1772 TESLA,BREWERY_DISTILLERY_WINERY,Free,,,,False,,56124322,-122.9568521,38.7438415,254.84636563993826
ELEC,River Rock Casino - Tesla Destination,3250 Hwy 128 E,Geyserville,CA,95441,,US,200-8,38.703551,-122.858096,2018-11-15,2022-10-06,122376.0,2023-01-18 15:15:20 UTC,P,E,,Public,,0.0,2.0,0.0,,Tesla Destination,https://www.tesla.com/destination-charging,TESLA,,Free,,,,False,,1373379031,-122.8595174,38.7039424,130.79585652695235
ELEC,Robert Young Estate Winery - Tesla Destination,5102 Red Winery Rd,Geyserville,CA,94551,,US,200-8,38.692506,-122.826306,2018-08-27,2022-10-06,122377.0,2023-01-18 15:15:20 UTC,P,E,,Public,,0.0,3.0,0.0,,Tesla Destination,https://www.tesla.com/destination-charging,J1772 TESLA,,Free,,,,False,,56061022,-122.8321398,38.6938004,526.366452247068
ELEC,Hotel Trio Healdsburg - Tesla Destination,110 Dry Creek Rd,Healdsburg,CA,95448,,US,200-8,38.626332,-122.874809,2018-10-05,2022-10-06,122379.0,2023-01-18 15:15:20 UTC,P,E,,Public,,0.0,6.0,0.0,,Tesla Destination,https://www.tesla.com/destination-charging,J1772 TESLA,,Free,,,,False,,56052460,-122.8757726,38.6262559,84.13396378375802
ELEC,Mauritson Wines - Tesla Destination,2859 Dry Creek Rd,Healdsburg,CA,95448,,US,200-9,38.651443,-122.911988,2018-12-21,2022-10-06,122380.0,2023-01-18 15:15:20 UTC,P,E,,Public,,0.0,2.0,0.0,,Tesla Destination,https://www.tesla.com/destination-charging,TESLA,,Free,,,,False,,56025243,-122.9108763,38.6526178,162.43246682852404
ELEC,Christopher Creek Winery - Tesla Destination,641 Limerick Ln,Healdsburg,CA,95448,,US,200-9,38.589818,-122.837842,2018-11-19,2022-10-06,122381.0,2023-01-18 15:15:20 UTC,P,E,,Public,,0.0,3.0,0.0,,Tesla Destination,https://www.tesla.com/destination-charging,J1772 TESLA,,Free,,,,False,,56017963,-122.8386321,38.5917063,220.91347976311405
ELEC,Flights Restaurant Los Gatos - Tesla Destination,165 Los Gatos/Saratoga Rd,Los Gatos,CA,95030,,US,200-9,37.227975,-121.980024,2018-01-19,2022-10-06,122384.0,2023-01-18 15:15:20 UTC,P,E,,Public,,0.0,6.0,0.0,,Tesla Destination,https://www.tesla.com/destination-charging,J1772 TESLA,,Free,,,,False,,65546644,-121.9795763,37.2281239,42.95712958791053
ELEC,Park James Hotel - Tesla Destination,1400 El Camino Real,Menlo Park,CA,94025,,US,200-9,37.456271,-122.187642,2018-11-14,2022-10-06,122386.0,2023-01-18 15:15:20 UTC,P,E,,Public,,0.0,3.0,0.0,,Tesla Destination,https://www.tesla.com/destination-charging,TESLA,,Free,,,,False,,338171707,-122.187509,37.4558842,44.583676863074494
ELEC,Melka Estate & Winery - Tesla Destination,2900 Silverado Trl N,Saint Helena,CA,94574,,US,200-9,38.526764,-122.481955,2019-01-31,2022-10-06,122392.0,2023-01-18 15:15:20 UTC,P,E,,Public,,0.0,2.0,0.0,,Tesla Destination,https://www.tesla.com/destination-charging,TESLA,,Free,,,,False,,55963917,-122.4813221,38.5248214,222.913661451553
ELEC,Fairmont Heritage Place Ghirardelli Square - Tesla Destination,900 North Point St Suite D100,San Francisco,CA,94109,,US,200-9,37.805388,-122.423418,2014-11-18,2022-10-06,122393.0,2023-01-18 15:15:20 UTC,P,E,,Public,,0.0,2.0,0.0,,Tesla Destination,https://www.tesla.com/destination-charging,J1772 TESLA,,Free,,,,False,,65327194,-122.4236702,37.8052887,24.755859250190223
ELEC,Sonoma Airport - Tesla Destination,2290 Airport Blvd,Santa Rosa,CA,95403,,US,200-8,38.463407,-122.718931,2019-01-18,2022-10-06,122396.0,2023-01-18 15:15:20 UTC,P,E,,Public,,0.0,4.0,0.0,,Tesla Destination,https://www.tesla.com/destination-charging,TESLA,,Free,,,,False,,56036655,-122.7182881,38.4631485,62.92393766796263
ELEC,Emeritus Vineyards - Tesla Destination,2500 Gravenstein,Sebastopol,CA,95472,,US,200-9,38.428535,-122.851653,2017-04-14,2022-10-06,122398.0,2023-01-18 15:15:20 UTC,P,E,,Public,,0.0,2.0,0.0,,Tesla Destination,https://www.tesla.com/destination-charging,J1772 TESLA,,Free,,,,False,,56018994,-122.8513116,38.4286229,31.30381205740076
ELEC,Vineyard 7 & 8 - Tesla Destination,4028 Spring Moutain Rd,Saint Helena,CA,94574,,US,200-9,38.526095,-122.552481,2017-05-09,2022-10-06,122399.0,2023-01-18 15:15:20 UTC,P,E,,Public,,0.0,2.0,0.0,,Tesla Destination,https://www.tesla.com/destination-charging,TESLA,,Free,,,,False,,326063912,-122.5514386,38.5244021,208.94495182831932
ELEC,DuMOL Winery - Tesla Destination,1400 American Wy,Windsor,CA,95492,,US,200-9,38.530198,-122.800467,2019-02-21,2022-10-06,122404.0,2023-01-18 15:15:20 UTC,P,E,,Public,,0.0,2.0,0.0,,Tesla Destination,https://www.tesla.com/destination-charging,TESLA,,Free,,,,False,,2038908304,-122.7998758,38.5311929,121.99648476957015
ELEC,Russian River Brewing Company - Windsor - Tesla Destination,700 Mitchell Ln,Windsor,CA,95492,,US,200-9,38.532508,-122.80288,2018-11-13,2022-10-06,122405.0,2023-01-18 15:15:20 UTC,P,E,,Public,,0.0,8.0,0.0,,Tesla Destination,https://www.tesla.com/destination-charging,J1772 TESLA,,Free,,,,False,,357102102,-122.8027327,38.5330127,57.56416656370138
ELEC,521422-Ghiradelli Square,900 North Point St.,San Francisco,CA,94109,,US,200-9,37.805639,-122.4225,2019-05-19,2024-07-09,122882.0,2024-07-09 02:29:17 UTC,,E,,Public,24 hours daily,0.0,6.0,0.0,,SHELL_RECHARGE,https://www.shell.us/motorist/electric-vehicle-charging.html,J1772,,,,,,False,,65333366,-122.4220485,37.8055043,42.40004442770282
ELEC,521406-222 2nd St,222 2nd St.,San Francisco,CA,94105,,US,200-9,37.786651,-122.397949,2019-05-25,2024-07-09,123042.0,2024-07-09 02:29:18 UTC,,E,,Public,24 hours daily,0.0,4.0,0.0,,SHELL_RECHARGE,https://www.shell.us/motorist/electric-vehicle-charging.html,J1772,,,,,,False,,65306797,-122.3982588,37.786773,30.41703119915913
ELEC,Bishop Ranch 1,6111 Bollinger Canyon Road,San Ramon,CA,94583,,US,GPS,37.760545,-121.95591,2019-04-01,2024-07-09,123226.0,2024-07-09 02:48:40 UTC,,E,,Public,24 hours daily,0.0,31.0,0.0,,EV Connect,http://evconnect.com/,J1772,,,,,,False,,1967902620,-121.9556046,37.7585139,227.43847799468745
ELEC,RenaissanceApts_Sunnyvale_S,718 Old San Francisco Road,Sunnyvale,CA,94086,,US,200-9,37.366248,-122.018018,2019-06-28,2024-07-09,125133.0,2024-07-09 02:29:14 UTC,,E,,Public,24 hours daily,0.0,8.0,0.0,,SHELL_RECHARGE,https://www.shell.us/motorist/electric-vehicle-charging.html,J1772,,,,,,False,,65427623,-122.0172948,37.3666379,77.22989279514326
ELEC,656ACJose_S,656 America Center Court,San Jose,CA,95002,,US,GPS,37.421399,-121.978283,2019-06-28,2024-07-09,125138.0,2024-07-09 02:29:18 UTC,,E,,Public,Mon 12:00am - 11:59pm; Tue 12:00am - 11:59pm; Wed 12:00am - 11:59pm; Thu 12:00am - 11:59pm; Fri 12:00am - 11:59pm; Sat 12:00am - 11:59pm; Sun 12:00am - 11:59pm,0.0,20.0,0.0,,SHELL_RECHARGE,https://www.shell.us/motorist/electric-vehicle-charging.html,J1772,,,,,,False,,1317170024,-121.977855,37.4208342,73.29943427548024
ELEC,Monte Sereno - City Hall,18041 Saratoga-Los Gatos Rd,Monte Sereno,CA,95030,,US,GPS,37.232617,-121.986211,2019-07-15,2022-08-10,135489.0,2024-06-27 20:04:04 UTC,LG,E,,Public,9am-5pm daily,0.0,1.0,0.0,,Non-Networked,,J1772,MUNI_GOV,$1 per hour; 4 hour limit,,False,LD,False,,65522882,-121.9864942,37.2324657,30.19369687520679
ELEC,EVSP WALGREENS STORE 2088,1333 Castro St,San Francisco,CA,94114,,US,GPS,37.750738,-122.433831,2019-08-21,2024-07-09,143928.0,2024-07-09 01:11:51 UTC,,E,,Public,24 hours daily,0.0,2.0,0.0,,ChargePoint Network,http://www.chargepoint.com/,J1772,,,,,,False,,65296348,-122.4340312,37.7504893,32.78066423616526
ELEC,Hyatt House San Jose/Cupertino - Tesla Destination,10380 Perimeter Rd,Cupertino,CA,95014,,US,GPS,37.328737,-122.013545,2019-06-13,2022-10-06,145301.0,2023-01-18 15:15:20 UTC,P,E,,Public,,0.0,8.0,0.0,,Tesla Destination,https://www.tesla.com/destination-charging,TESLA,HOTEL,Free,,,,False,,26497360,-122.0142839,37.3285333,69.14782787894043
ELEC,Great Mall,447 Great Mall Drive,Milpitas,CA,95035,,US,GPS,37.41336,-121.898,2019-10-05,2024-07-09,146645.0,2024-07-09 02:38:34 UTC,,E,,Public,24 hours daily,0.0,0.0,4.0,,Electrify America,https://www.electrifyamerica.com/,J1772COMBO,,,,,,False,,5334821587,-121.8986702,37.4126001,103.16706755143383
ELEC,EdgeWater Apartments,2105 Carion Ct.,Pittsburg,CA,94565,,US,GPS,38.014467,-121.869583,2019-09-16,2024-07-09,146785.0,2024-07-09 00:23:01 UTC,,E,,Public,24 hours daily,0.0,4.0,0.0,,Blink Network,http://www.blinkcharging.com/,J1772,,Free,,,,False,,57795484,-121.869634,38.015263,88.62397905453949
ELEC,Greene Middle School,750 N California Ave,Palo Alto,CA,94303,,US,200-9,37.438796,-122.134121,2018-01-01,2023-01-10,147007.0,2023-02-14 15:54:11 UTC,P,E,,Public - Credit card at all times,7am-3pm daily,0.0,14.0,1.0,,POWERFLEX,https://www.powerflex.com,CHADEMO J1772 J1772COMBO,SCHOOL,$0.10 per kWh,,False,LD,False,,65646868,-122.1344395,37.439684,102.66724628008694
ELEC,Pinewood School,26800 Fremont Rd,Altos Hills,CA,94022,,US,GPS,37.38814845128645,-122.1421248572998,2018-01-01,2023-01-10,147008.0,2023-02-14 15:54:11 UTC,P,E,,Public - Credit card at all times,7am-3pm daily,0.0,16.0,0.0,,POWERFLEX,https://www.powerflex.com,J1772,SCHOOL,Free,,False,LD,False,,65624338,-122.1421073,37.3886679,57.78096789956254
ELEC,ProjectGreenHome.org,314 Stanford Ave,Palo Alto,CA,94306,,US,200-9,37.430039,-122.147944,2019-07-19,2023-06-12,147085.0,2024-01-31 22:07:01 UTC,P,E,,Public,24 hours daily; Drivers must bring their own J1772 cordset for Level 1 charging,1.0,1.0,0.0,,Non-Networked,,J1772 NEMA515,STREET_PARKING,Free,SOLAR,False,,False,,65500588,-122.1473322,37.4300539,54.04707808066491
ELEC,Santa Rosa Plaza,1071 Santa Rosa Plaza,Santa Rosa,CA,95401,,US,GPS,38.43861,-122.71778,2019-11-09,2024-07-09,147646.0,2024-07-09 02:37:24 UTC,,E,,Public,24 hours daily,0.0,0.0,6.0,,Electrify America,https://www.electrifyamerica.com/,J1772COMBO,,,,,,False,,56122531,-122.7184137,38.4385217,56.05948567022979
ELEC,Westside Professional,2470 Hilborn Road,Fairfield,CA,94534,,US,GPS,38.275058,-122.050676,2015-04-09,2024-07-09,148514.0,2024-07-09 00:21:50 UTC,,E,,Public,24 hours daily,0.0,1.0,0.0,,Blink Network,http://www.blinkcharging.com/,J1772,,$1.00/Hr Parking Fee,,,,False,,62347165,-122.0493356,38.273991,166.63649425805525
ELEC,Harbor Center,One Harbor Center,Suisun City,CA,94585,,US,GPS,38.241645287991,-122.04012927857,2015-10-22,2024-07-09,148518.0,2024-07-09 00:21:50 UTC,,E,,Public,24 hours daily,0.0,3.0,0.0,,Blink Network,http://www.blinkcharging.com/,J1772,,"$0.00-$1.00/Hr Variable Parking Fee, $0.21/kWh Energy Fee",,,,False,,62397998,-122.0405835,38.2414247,46.639563386695336
ELEC,Touro University - Library,182 Moises Way,Vallejo,CA,94592,,US,GPS,38.08778384,-122.2623748,2019-02-21,2024-07-09,148530.0,2024-07-09 00:17:25 UTC,,E,,Public,24 hours daily,0.0,2.0,0.0,,Blink Network,http://www.blinkcharging.com/,J1772,,"$0.00-$2.00/Hr Variable Parking Fee, $0.28/kWh Energy Fee",,,,False,,62433346,-122.261869,38.087708,45.06270469620467
ELEC,Four Embarcadero Center,"Four Embarcadero Center, B Level Parking",San Francisco,CA,94111,,US,GPS,37.7952,-122.3961,2011-10-05,2024-07-09,148555.0,2024-07-09 00:17:19 UTC,,E,,Public,24 hours daily,0.0,2.0,0.0,,Blink Network,http://www.blinkcharging.com/,J1772,,$2.00-$6.00/Hr Variable Parking Fee,,,,False,,11167484445,-122.3958949,37.7956205,50.11028555703755
ELEC,Two Embarcadero Center,"Two Embarcadero Center, A Level Parking",San Francisco,CA,94111,,US,GPS,37.7950272,-122.3985003,2012-02-06,2024-07-09,148559.0,2024-07-09 00:17:19 UTC,,E,,Public,24 hours daily,0.0,2.0,0.0,,Blink Network,http://www.blinkcharging.com/,J1772,,$2.00-$6.00/Hr Variable Parking Fee,,,,False,,65336941,-122.3980104,37.7953396,55.31408833586608
ELEC,531404  Two Embarcadero Center,"Two Embarcadero Center, A Level Parking",San Francisco,CA,94111,,US,GPS,37.794454,-122.3985089,2016-06-16,2024-07-09,148560.0,2024-07-09 00:06:18 UTC,,E,,Public,24 hours daily,0.0,6.0,0.0,,Blink Network,http://www.blinkcharging.com/,J1772,,$2.00-$6.00/Hr Variable Parking Fee,,,,False,,65307354,-122.3989918,37.7942922,46.08817223389445
ELEC,531403  Four Embarcadero Center,Embarcadero Center,San Francisco,CA,94111,,US,GPS,37.794454,-122.3985089,2015-09-09,2024-07-09,148562.0,2024-07-09 00:06:19 UTC,,E,,Public,24 hours daily,0.0,5.0,0.0,,Blink Network,http://www.blinkcharging.com/,J1772,,$0.00-$6.00/Hr Variable Parking Fee,,,,False,,65307354,-122.3989918,37.7942922,46.08817223389445
ELEC,531409  631 Gateway,631 Gateway Boulevard,South San Francisco,CA,94080,,US,GPS,37.6591478,-122.4009526,2019-02-27,2024-07-09,148587.0,2024-07-09 00:09:45 UTC,,E,,Public,24 hours daily,0.0,6.0,0.0,,Blink Network,http://www.blinkcharging.com/,J1772,,$2.00-$6.00/Hr Variable Parking Fee,,,,False,,65401168,-122.4023551,37.6582399,159.48137422148486
ELEC,531407  250 University Ave.,250 University Avenue,Palo Alto,CA,94301,,US,GPS,37.4418834,-122.1430195,2012-02-09,2024-07-09,148616.0,2024-07-09 00:09:44 UTC,,E,,Public,24 hours daily,0.0,16.0,0.0,,Blink Network,http://www.blinkcharging.com/,J1772,,$0.00-$0.18/kWh Variable Energy Fee,,,,False,,65542994,-122.1433109,37.4419281,26.20216911759942
ELEC,Stanford Park Hotel,100 El Camino Real,Menlo Park,CA,94025,,US,GPS,37.4476556,-122.1727157,2012-04-10,2024-07-09,148617.0,2024-07-09 00:17:23 UTC,,E,,Public,24 hours daily,0.0,1.0,0.0,,Blink Network,http://www.blinkcharging.com/,J1772,,$0.32/kWh Energy Fee,,,,False,,65403131,-122.1732518,37.4478033,50.094934892748476
ELEC,W. El Camino Real,2440 W El Camino Real,Mountain View,CA,94040,,US,GPS,37.3986446,-122.1082064,2013-04-15,2024-07-09,148625.0,2024-07-09 00:17:15 UTC,,E,,Public,24 hours daily,0.0,2.0,0.0,,Blink Network,http://www.blinkcharging.com/,J1772,,$2.00-$6.00/Hr Variable Parking Fee,,,,False,,206353451,-122.1082328,37.3986126,4.254376481752338
ELEC,Maple Tree Inn Silicon Valley,711 E. El Camino Real,Sunnyvale,CA,94087,,US,GPS,37.3598392,-122.0216952,2017-09-19,2024-07-09,148631.0,2024-07-09 00:04:28 UTC,,E,,Public,24 hours daily,0.0,2.0,0.0,,Blink Network,http://www.blinkcharging.com/,J1772,,$1.50-$5.00/Hr Variable Parking Fee,,,,False,,2050794021,-122.0219621,37.3593642,57.846015493080465
ELEC,SB Animal Hospital,5188 Moorpark Ave.,San Jose,CA,95129,,US,GPS,37.3094612,-121.9951423,2016-04-29,2024-07-09,148639.0,2024-07-09 00:21:56 UTC,,E,,Public,24 hours daily,0.0,1.0,0.0,,Blink Network,http://www.blinkcharging.com/,J1772,,"$0.00-$3.25/Hr Variable Parking Fee, $0.00-$0.25/kWh Variable Energy Fee",,,,False,,8957673485,-121.9952449,37.309588,16.767118284890522
ELEC,Target - Tesla Supercharger,5769 Lone Tree Way,Antioch,CA,94531,,US,200-8,37.963451,-121.737253,2019-09-30,2023-07-01,149290.0,2023-07-14 19:41:28 UTC,P,E,,Public,24 hours daily,0.0,0.0,10.0,,Tesla,https://www.tesla.com/supercharger,TESLA,,,,,,False,,352763412,-121.7370639,37.9617168,193.5458036721621
ELEC,Courtyard by Marriott Fairfield Napa Valley Area - Tesla Supercharger,1350 Holiday Lane,Fairfield,CA,94534,,US,200-8,38.256618,-122.065062,2019-09-30,2023-07-01,149309.0,2023-07-14 19:41:28 UTC,P,E,,Public,24 hours daily,0.0,0.0,12.0,,Tesla,https://www.tesla.com/supercharger,TESLA,,,,,,False,,9598846736,-122.064345,38.2563035,71.71041794167452
ELEC,Target - Tesla Supercharger,19661 Hesperian Boulevard,Hayward,CA,94541,,US,200-8,37.667211,-122.120366,2019-09-30,2023-07-01,149313.0,2023-07-14 19:41:28 UTC,P,E,,Public,24 hours daily,0.0,0.0,16.0,,Tesla,https://www.tesla.com/supercharger,TESLA,,,,,,False,,826956419,-122.1194852,37.6677702,99.38213661407407
ELEC,Great Mall - Tesla Supercharger,447 Great Mall Drive,Milpitas,CA,95035,,US,200-8,37.413524,-121.898362,2019-09-30,2023-07-01,149333.0,2023-07-14 19:41:28 UTC,P,E,,Public,24 hours daily,0.0,0.0,20.0,,Tesla,https://www.tesla.com/supercharger,TESLA,,,,,,False,,65488594,-121.8988505,37.4126874,102.54371819008536
ELEC,Lazy Dog Restaurant - Tesla Supercharger,3100 Newpark Mall,Newark,CA,94560,,US,200-9,37.525919,-122.006513,2019-09-30,2023-07-01,149336.0,2023-07-14 19:41:28 UTC,P,E,,Public,24 hours daily,0.0,0.0,16.0,,Tesla,https://www.tesla.com/supercharger,TESLA,,,,,,False,,52993542,-122.0062304,37.5266224,82.0889801496516
ELEC,Pleasanton Square Shopping Center - Tesla Supercharger,6000 Johnson Drive,Pleasanton,CA,94588,,US,200-8,37.700246,-121.908226,2019-09-30,2023-07-01,149345.0,2023-07-14 19:41:28 UTC,P,E,,Public,24 hours daily,0.0,0.0,10.0,,Tesla,https://www.tesla.com/supercharger,TESLA,,,,,,False,,53020735,-121.907722,37.6996577,79.02833547515188
ELEC,Harbor Gate Shopping Center - Tesla Supercharger,2157 Meeker Avenue,Richmond,CA,94804,,US,200-9,37.91989,-122.348601,2019-09-30,2023-07-01,149348.0,2023-07-14 19:41:28 UTC,P,E,,Public,24 hours daily,0.0,0.0,12.0,,Tesla,https://www.tesla.com/supercharger,TESLA,,,,,,False,,3958665467,-122.3472661,37.9197468,118.17329827647336
ELEC,Target - Tesla Supercharger,475 Rohnert Park Expressway,Rohnert Park,CA,94928,,US,200-8,38.347624,-122.720957,2019-09-30,2023-07-01,149352.0,2023-07-14 19:41:28 UTC,P,E,,Public,24 hours daily,0.0,0.0,12.0,,Tesla,https://www.tesla.com/supercharger,TESLA,,,,,,False,,351117420,-122.7211975,38.3489374,147.54185837043838
ELEC,Letterman Digital Arts Center - Tesla Supercharger,1 Letterman Drive,San Francisco,CA,94129,,US,200-9,37.798185,-122.448715,2019-09-30,2023-07-01,149355.0,2023-07-14 19:41:28 UTC,P,E,,Public,7am-12am daily,0.0,0.0,6.0,,Tesla,https://www.tesla.com/supercharger,TESLA,,,,,,False,,65314454,-122.4483025,37.7978992,48.203224764377026
ELEC,Princeton Plaza - Tesla Supercharger,1375 Blossom Hill Road,San Jose,CA,95118,,US,200-8,37.244614,-121.891112,2019-09-30,2023-07-01,149356.0,2023-07-14 19:41:28 UTC,P,E,,Public,24 hours daily,0.0,0.0,18.0,,Tesla,https://www.tesla.com/supercharger,TESLA,,,,,,False,,65583490,-121.8914949,37.2448339,41.793002540406704
ELEC,Diablo Plaza - Tesla Supercharger,2415-2505 San Ramon Valley Boulevard,San Ramon,CA,94583,,US,200-9,37.77486,-121.97985,2019-09-30,2023-07-01,149357.0,2023-07-14 19:41:28 UTC,P,E,,Public,24 hours daily,0.0,0.0,20.0,,Tesla,https://www.tesla.com/supercharger,TESLA,,,,,,False,,57909675,-121.9802186,37.7750911,41.35080473633765
ELEC,Target - Tesla Supercharger,904 Admiral Callaghan Lane,Vallejo,CA,94591,,US,200-9,38.131238,-122.223418,2019-09-30,2023-07-01,149361.0,2023-07-14 19:41:28 UTC,P,E,,Public,24 hours daily,0.0,0.0,18.0,,Tesla,https://www.tesla.com/supercharger,TESLA,,,,,,False,,62483152,-122.224932,38.1307405,143.51416767581276
ELEC,Golden Gate National Recreation Area - Fort Mason,2 Marina Blvd,San Francisco,CA,94123,,US,200-8,37.805408,-122.432211,2019-09-01,2023-06-12,149458.0,2024-01-31 22:07:01 UTC,FG,E,,Public,Park hours; 4 hour limit,0.0,2.0,0.0,,Non-Networked,,J1772,PARK,,,False,LD,False,,65319063,-122.4318761,37.8042494,132.14777105108524
ELEC,Metro 580,4575 Rosewood Drive,Pleasanton,CA,94588,,US,GPS,37.70068,-121.8844,2019-11-28,2024-07-09,149638.0,2024-07-09 02:36:44 UTC,,E,,Public,24 hours daily,0.0,1.0,3.0,,Electrify America,https://www.electrifyamerica.com/,CHADEMO J1772 J1772COMBO,,,,,,False,,358391108,-121.8831132,37.7013374,134.76040103242454
ELEC,Adelante Selby School,170 Selby Lane,Atherton,CA,94027,,US,200-9,37.458115,-122.22021,2019-12-05,2024-07-09,149738.0,2024-07-09 02:29:27 UTC,,E,,Public,24 hours daily,0.0,14.0,0.0,,SHELL_RECHARGE,https://www.shell.us/motorist/electric-vehicle-charging.html,J1772,,,,,,False,,266518520,-122.2211618,37.4589298,123.55815884315793
ELEC,Clifford School,225 Clifford Avenue,Redwood City,CA,94062,,US,200-8,37.482264,-122.263472,2019-12-05,2024-07-09,149739.0,2024-07-09 02:29:28 UTC,,E,,Public,24 hours daily,0.0,25.0,0.0,,SHELL_RECHARGE,https://www.shell.us/motorist/electric-vehicle-charging.html,J1772,,,,,,False,,65417897,-122.2629361,37.4820272,54.12357716348915
ELEC,"Lucky 705 - Concord, CA",5190 Clayton Rd.,Concord,CA,94521,,US,GPS,37.95408,-121.96502,2019-12-07,2024-07-09,149792.0,2024-07-09 02:37:59 UTC,,E,,Public,24 hours daily,0.0,1.0,3.0,,Electrify America,https://www.electrifyamerica.com/,J1772 J1772COMBO,,,,,,False,,5357346147,-121.9649241,37.9538732,24.484204635920754
ELEC,Vacaville Premium Outlets,321 Nut Tree Road,Vacaville,CA,95687,,US,GPS,38.36731,-121.95685,2019-12-10,2024-07-09,149834.0,2024-07-09 02:38:06 UTC,,E,,Public,24 hours daily,0.0,0.0,8.0,,Electrify America,https://www.electrifyamerica.com/,J1772COMBO,,,,,,False,,62447709,-121.956269,38.368225,113.65484066987385
ELEC,Napa Premium Outlet - Tesla Supercharger,629 Factory Stores Drive,Napa,CA,94558,,US,GPS,38.297148,-122.302474,2019-11-19,2023-07-01,150203.0,2023-07-14 19:41:28 UTC,P,E,,Public,24 hours daily,0.0,0.0,20.0,,Tesla,https://www.tesla.com/supercharger,TESLA,SHOPPING_CENTER,,,,,False,,1017147285,-122.3019687,38.2968869,52.79554506972437
ELEC,Coddingtown Mall - Tesla Supercharger,733 Coddingtown Center,Santa Rosa,CA,95401,,US,GPS,38.459409,-122.730226,2019-11-19,2023-07-01,150204.0,2023-07-14 19:41:28 UTC,P,E,,Public,24 hours daily,0.0,0.0,20.0,,Tesla,https://www.tesla.com/supercharger,TESLA,SHOPPING_MALL,,,,,False,,5432637216,-122.7300165,38.4597865,45.76837532757897
ELEC,Sharon Heights Shopping Center - Tesla Supercharger,325 Sharon Park Drive,Menlo Park,CA,94025,,US,GPS,37.423395,-122.198224,2019-11-19,2023-07-01,150206.0,2023-07-14 19:41:28 UTC,P,E,,Public,24 hours daily,0.0,0.0,18.0,,Tesla,https://www.tesla.com/supercharger,TESLA,SHOPPING_CENTER,,,,,False,,258750318,-122.1991759,37.4236426,88.45358793454264
ELEC,Stanford Shopping Center - Tesla Supercharger,660 Stanford Shopping Center,Palo Alto,CA,94304,,US,GPS,37.441734,-122.170202,2019-11-19,2023-07-01,150208.0,2023-07-14 19:41:28 UTC,P,E,,Public,24 hours daily,0.0,0.0,20.0,,Tesla,https://www.tesla.com/supercharger,TESLA,SHOPPING_CENTER,,,,,False,,2172124248,-122.1689607,37.4424886,138.0223881627183
ELEC,"Target T2829 - Alameda, CA",2700 5th Street,Alameda,CA,94501,,US,GPS,37.78958,-122.28003,2019-12-21,2024-07-09,150477.0,2024-07-09 02:36:38 UTC,,E,,Public,24 hours daily,0.0,0.0,6.0,,Electrify America,https://www.electrifyamerica.com/,J1772COMBO,,,,,,False,,2996469338,-122.2802687,37.7898722,38.67359066527879
ELEC,Aloft Silicon Valley - Tesla Destination,8200 Gateway Blvd,Newark,CA,94560,,US,200-9,37.535982,-122.062901,2019-05-30,2022-10-06,150501.0,2023-01-18 15:15:20 UTC,P,E,,Public,,0.0,2.0,0.0,,Tesla Destination,https://www.tesla.com/destination-charging,TESLA,,Free,,,,False,,1080041725,-122.0628833,37.5372387,139.74757665158455
ELEC,Hilton San Francisco Financial District - Tesla Destination,750 Kearny St,San Francisco,CA,94108,,US,200-9,37.795208,-122.404869,2019-04-24,2022-10-06,150511.0,2023-01-18 15:15:20 UTC,P,E,,Public,,0.0,2.0,0.0,,Tesla Destination,https://www.tesla.com/destination-charging,TESLA,,Free,,,,False,,65374771,-122.40497,37.7953282,16.043642983703595
ELEC,Silver Oak Alexander Valley - Tesla Destination,7300 Hwy 128,Healdsburg,CA,95448,,US,200-9,38.672352,-122.804252,2019-08-21,2022-10-06,150542.0,2023-02-09 17:35:53 UTC,P,E,,Public,,0.0,2.0,0.0,,Tesla Destination,https://www.tesla.com/destination-charging,TESLA,,Free,,,,False,,56018533,-122.8062109,38.6708019,242.13610990877166
ELEC,Home2 Suites by Hilton - South San Francisco - Tesla Destination,555 Gateway Blvd,South San Francisco,CA,94080,,US,200-8,37.656805,-122.399173,2019-07-31,2022-10-06,150551.0,2023-01-18 15:15:20 UTC,P,E,,Public,,0.0,10.0,0.0,,Tesla Destination,https://www.tesla.com/destination-charging,TESLA,,Free,,,,False,,906055329,-122.4007689,37.6567171,140.82899069169338
ELEC,The Masonic - Tesla Destination,1111 California St,San Francisco,CA,94108,,US,200-9,37.791537,-122.412813,2019-05-01,2022-10-06,150598.0,2023-01-18 15:15:20 UTC,P,E,,Public,,0.0,9.0,0.0,,Tesla Destination,https://www.tesla.com/destination-charging,TESLA,,Free,,,,False,,65295324,-122.4124799,37.7916306,31.065311414864638
ELEC,"San Jose, CA - Valet Access - Santana Row (Wall Connector) - Tesla Destination",330 Winchester Blvd,San Jose,CA,95128,,US,200-9,37.321733,-121.948743,2019-02-11,2022-10-06,150601.0,2023-01-18 15:15:20 UTC,P,E,,Public,,0.0,10.0,0.0,,Tesla Destination,https://www.tesla.com/destination-charging,TESLA,,Free,,,,False,,291658826,-121.948725,37.3213108,46.97353928249538
ELEC,"San Jose, CA - Santana Row - Wall Connector - Tesla Destination",330 Winchester Blvd,San Jose,CA,95128,,US,200-9,37.321884,-121.949815,2019-02-01,2022-10-06,150643.0,2023-01-18 15:15:20 UTC,P,E,,Public,,0.0,15.0,0.0,,Tesla Destination,https://www.tesla.com/destination-charging,TESLA,,Free,,,,False,,291658510,-121.9500827,37.3212005,79.60303967016155
ELEC,San Rafael City Hall - Tesla Destination,1400 Fifth Ave,San Rafael,CA,94901,,US,200-9,37.975114,-122.531959,2019-07-22,2022-10-06,150730.0,2023-01-18 15:15:20 UTC,P,E,,Public,,0.0,2.0,0.0,,Tesla Destination,https://www.tesla.com/destination-charging,TESLA,,Free,,,,False,,110418261,-122.5318321,37.9745204,66.93607304778122
ELEC,Homewood Suites Pleasant Hill Concord - Tesla Destination,650 Ellinwood Wy,Pleasant Hill,CA,94523,,US,200-8,37.961354,-122.054339,2019-06-27,2022-10-06,150741.0,2023-01-18 15:15:20 UTC,P,E,,Public,,0.0,4.0,0.0,,Tesla Destination,https://www.tesla.com/destination-charging,J1772 TESLA,,Free,,,,False,,57826723,-122.0549352,37.9613688,52.29419960453758
ELEC,UCSF - 1630 3rd Garage,1630 3rd St,San Francisco,CA,94158,,US,GPS,37.768,-122.39,2018-01-01,2023-01-10,150773.0,2023-02-14 15:54:11 UTC,SG,E,,Public - Credit card at all times,24 hours daily,0.0,19.0,0.0,,POWERFLEX,https://www.powerflex.com,J1772,PARKING_GARAGE,$0.30 per kWh,,False,LD,False,,302035013,-122.389321,37.7678729,61.334233573799295
ELEC,Amador Valley High School,1155 Santa Rita Rd,Pleasanton,CA,94566,,US,GPS,37.669,-121.874,2018-01-01,2023-01-10,150778.0,2023-02-14 15:54:11 UTC,LG,E,,Public,24 hours daily,0.0,10.0,0.0,,POWERFLEX,https://www.powerflex.com,J1772,SCHOOL,Free,,False,LD,False,,1372725047,-121.8730931,37.6689756,79.86867722829037
ELEC,Covington Elementary School,201 Covington Rd,Los Altos,CA,94024,,US,GPS,37.372,-122.107,2018-01-01,2023-01-10,150780.0,2023-02-14 15:54:11 UTC,LG,E,,Public,24 hours daily,0.0,26.0,2.0,,POWERFLEX,https://www.powerflex.com,J1772 J1772COMBO,SCHOOL,,,False,LD,False,,65656500,-122.1069325,37.373069,119.01710776468326
ELEC,Plaza Escuela,1177 Locust Street,Walnut Creek,CA,94596,,US,GPS,37.8957739,-122.061438,2019-12-24,2024-07-09,150786.0,2024-07-09 00:16:43 UTC,,E,,Public,24 hours daily,0.0,1.0,0.0,,Blink Network,http://www.blinkcharging.com/,J1772,,Free,,,,False,,57866549,-122.0614452,37.8961518,42.02537126194638
ELEC,Plaza Shopping Center - Pan Cal,1334 Saratoga Ave.,San Jose,CA,95129,,US,GPS,37.29978,-121.98169,2019-12-25,2024-07-09,150802.0,2024-07-09 02:37:27 UTC,,E,,Public,24 hours daily,0.0,1.0,3.0,,Electrify America,https://www.electrifyamerica.com/,CHADEMO J1772 J1772COMBO,,,,,,False,,65439537,-121.981764,37.2992517,59.10790396304408
ELEC,Somersville Towne Center,2550 Somersville Rd,Antioch,CA,94509,,US,GPS,38.002527,-121.842577,2017-10-10,2024-06-23,150843.0,2024-06-23 03:19:09 UTC,,E,,Public,Mon 5:00am - 10:59pm; Tue 5:00am - 10:59pm; Wed 5:00am - 10:59pm; Thu 5:00am - 10:59pm; Fri 5:00am - 10:59pm; Sat 5:00am - 10:59pm; Sun 5:00am - 10:59pm,0.0,2.0,0.0,,Volta,https://voltacharging.com/,J1772,,,,False,,False,,7285717309,-121.8403948,38.0029679,197.3888232927505
ELEC,The Streets of Brentwood Sunglass Hut,2455 Sand Creek Rd,Brentwood,CA,94513,,US,GPS,37.9457595,-121.738829,2017-11-30,2024-06-23,150847.0,2024-06-23 03:15:26 UTC,,E,,Public,Mon 5:00am - 10:59pm; Tue 5:00am - 10:59pm; Wed 5:00am - 10:59pm; Thu 5:00am - 10:59pm; Fri 5:00am - 10:59pm; Sat 5:00am - 10:59pm; Sun 5:00am - 10:59pm,0.0,2.0,0.0,,Volta,https://voltacharging.com/,J1772,,,,False,,False,,3590579742,-121.7407147,37.9471385,225.50730246444456
ELEC,Serra Shopping Center,5001 Junipero Serra Blvd,Colma,CA,94014,,US,GPS,37.67415985,-122.46554175,2015-03-30,2024-06-23,151056.0,2024-06-23 03:19:26 UTC,,E,,Public,Mon 5:00am - 10:59pm; Tue 5:00am - 10:59pm; Wed 5:00am - 10:59pm; Thu 5:00am - 10:59pm; Fri 5:00am - 10:59pm; Sat 5:00am - 10:59pm; Sun 5:00am - 10:59pm,0.0,2.0,0.0,,Volta,https://voltacharging.com/,J1772,,,,False,,False,,32927543,-122.467766,37.6731863,223.69767703809939
ELEC,Willows Shopping Center,1975 Diamond Blvd,Concord,CA,94520,,US,GPS,37.968301,-122.056903,2018-05-08,2024-06-23,151057.0,2024-06-23 03:16:58 UTC,,E,,Public,Mon 5:00am - 10:59pm; Tue 5:00am - 10:59pm; Wed 5:00am - 10:59pm; Thu 5:00am - 10:59pm; Fri 5:00am - 10:59pm; Sat 5:00am - 10:59pm; Sun 5:00am - 10:59pm,0.0,2.0,0.0,,Volta,https://voltacharging.com/,J1772,,,,False,,False,,349105431,-122.0581572,37.968755,120.97988248919013
ELEC,Whole Foods 365 at the Veranda,2001-2003 Diamond Blvd,Concord,CA,94520,,US,GPS,37.9737695,-122.0586535,2018-01-26,2024-06-23,151058.0,2024-06-23 03:16:27 UTC,,E,,Public,Mon 5:00am - 10:59pm; Tue 5:00am - 10:59pm; Wed 5:00am - 10:59pm; Thu 5:00am - 10:59pm; Fri 5:00am - 10:59pm; Sat 5:00am - 10:59pm; Sun 5:00am - 10:59pm,0.0,2.0,0.0,,Volta,https://voltacharging.com/,J1772,,,,False,,False,,2321976791,-122.0595061,37.9741824,87.71028944506145
ELEC,The Village At Corte Madera,1400 Redwood Hwy,Corte Madera,CA,94925,,US,GPS,37.9279845,-122.5129275,2016-12-02,2024-06-23,151059.0,2024-06-23 03:18:35 UTC,,E,,Public,Mon 5:00am - 10:59pm; Tue 5:00am - 10:59pm; Wed 5:00am - 10:59pm; Thu 5:00am - 10:59pm; Fri 5:00am - 10:59pm; Sat 5:00am - 10:59pm; Sun 5:00am - 10:59pm,0.0,4.0,0.0,,Volta,https://voltacharging.com/,J1772,,,,False,,False,,2469206835,-122.5120579,37.9273404,104.6276690041348
ELEC,The Marketplace KCR,19620 Stevens Creek Blvd,Cupertino,CA,95014,,US,GPS,37.322104,-122.018191,2016-10-01,2024-06-23,151062.0,2024-06-23 03:15:45 UTC,,E,,Public,Mon 5:00am - 10:59pm; Tue 5:00am - 10:59pm; Wed 5:00am - 10:59pm; Thu 5:00am - 10:59pm; Fri 5:00am - 10:59pm; Sat 5:00am - 10:59pm; Sun 5:00am - 10:59pm,0.0,3.0,0.0,,Volta,https://voltacharging.com/,J1772,,,,False,,False,,65443015,-122.0188878,37.3210748,129.975073045244
ELEC,Serramonte Center JcPenny,3 Serramonte Center,Daly City,CA,94015,,US,GPS,37.6713695,-122.469812,2017-10-27,2024-06-23,151063.0,2024-06-23 03:15:10 UTC,,E,,Public,Mon 5:00am - 10:59pm; Tue 5:00am - 10:59pm; Wed 5:00am - 10:59pm; Thu 5:00am - 10:59pm; Fri 5:00am - 10:59pm; Sat 5:00am - 10:59pm; Sun 5:00am - 10:59pm,0.0,2.0,0.0,,Volta,https://voltacharging.com/,J1772,,,,False,,False,,5887465119,-122.4688653,37.6694616,227.92573012506352
ELEC,Bay Street,5616 Bay St,Emeryville,CA,94608,,US,GPS,37.833765134,-122.291804229,2017-01-11,2024-06-23,151066.0,2024-06-23 03:18:32 UTC,,E,,Public,Mon 5:00am - 10:59pm; Tue 5:00am - 10:59pm; Wed 5:00am - 10:59pm; Thu 5:00am - 10:59pm; Fri 5:00am - 10:59pm; Sat 5:00am - 10:59pm; Sun 5:00am - 10:59pm,0.0,7.0,0.0,,Volta,https://voltacharging.com/,J1772,,,,False,LD,False,,4316576666,-122.2915511,37.8346424,100.04857847663965
ELEC,Powell Street Plaza,5701-5795 Christie Ave,Emeryville,CA,94608,,US,GPS,37.8366845,-122.294625,2016-12-30,2024-06-23,151067.0,2024-06-23 03:18:39 UTC,,E,,Public,Mon 5:00am - 10:59pm; Tue 5:00am - 10:59pm; Wed 5:00am - 10:59pm; Thu 5:00am - 10:59pm; Fri 5:00am - 10:59pm; Sat 5:00am - 10:59pm; Sun 5:00am - 10:59pm,0.0,2.0,0.0,,Volta,https://voltacharging.com/,J1772,,,,False,,False,,53125826,-122.293856,37.837112,82.58438504996448
ELEC,Solano Town Center Macy's,1350 Travis Blvd,Fairfield,CA,94533,,US,GPS,38.259248,-122.055175,2017-03-10,2024-06-23,151069.0,2024-06-23 03:15:29 UTC,,E,,Public,Mon 5:00am - 10:59pm; Tue 5:00am - 10:59pm; Wed 5:00am - 10:59pm; Thu 5:00am - 10:59pm; Fri 5:00am - 10:59pm; Sat 5:00am - 10:59pm; Sun 5:00am - 10:59pm,0.0,2.0,0.0,,Volta,https://voltacharging.com/,J1772,,,,False,,False,,62259676,-122.0570724,38.2593758,166.2745306644568
ELEC,Pacific Commons Panera,43330 Pacific Commons Blvd,Fremont,CA,94538,,US,GPS,37.50467075,-121.97196115,2015-01-31,2024-06-23,151071.0,2024-06-23 03:17:45 UTC,,E,,Public,Mon 5:00am - 10:59pm; Tue 5:00am - 10:59pm; Wed 5:00am - 10:59pm; Thu 5:00am - 10:59pm; Fri 5:00am - 10:59pm; Sat 5:00am - 10:59pm; Sun 5:00am - 10:59pm,0.0,2.0,0.0,,Volta,https://voltacharging.com/,J1772,,,,False,,False,,5847849644,-121.9720674,37.5055371,96.78871260952991
ELEC,Rose Pavilion,4225 Rosewood Dr,Pleasanton,CA,94588,,US,GPS,37.6986165,-121.8743085,2018-09-29,2024-06-23,151145.0,2024-06-23 03:14:01 UTC,,E,,Public,Mon 5:00am - 10:59pm; Tue 5:00am - 10:59pm; Wed 5:00am - 10:59pm; Thu 5:00am - 10:59pm; Fri 5:00am - 10:59pm; Sat 5:00am - 10:59pm; Sun 5:00am - 10:59pm,0.0,2.0,0.0,,Volta,https://voltacharging.com/,J1772,,,,False,,False,,658951924,-121.8723511,37.6992483,185.99314292558043
ELEC,Sequoia Station,1001-1111 El Camino Rd,Redwood City,CA,94063,,US,GPS,37.4848259,-122.2312233,2015-12-14,2024-06-23,151232.0,2024-06-23 03:15:55 UTC,,E,,Public,Mon 5:00am - 10:59pm; Tue 5:00am - 10:59pm; Wed 5:00am - 10:59pm; Thu 5:00am - 10:59pm; Fri 5:00am - 10:59pm; Sat 5:00am - 10:59pm; Sun 5:00am - 10:59pm,0.0,2.0,0.0,,Volta,https://voltacharging.com/,J1772,,,,False,,False,,276542358,-122.2319423,37.4854497,94.00004730701389
ELEC,Community Center Garage,1625 Owens St,San Francisco,CA,94158,,US,GPS,37.768299,-122.393775,2017-05-03,2024-06-23,151241.0,2024-06-23 03:15:19 UTC,,E,,Public,Mon 5:00am - 10:59pm; Tue 5:00am - 10:59pm; Wed 5:00am - 10:59pm; Thu 5:00am - 10:59pm; Fri 5:00am - 10:59pm; Sat 5:00am - 10:59pm; Sun 5:00am - 10:59pm,0.0,2.0,0.0,,Volta,https://voltacharging.com/,J1772,,,,False,,False,,1998017252,-122.3944287,37.7694731,142.63919352933922
ELEC,Third Street Garage,1630 3Rd St,San Francisco,CA,94158,,US,GPS,37.768046,-122.3897115,2017-02-10,2024-06-23,151242.0,2024-06-23 03:18:35 UTC,,E,,Public,Mon 5:00am - 10:59pm; Tue 5:00am - 10:59pm; Wed 5:00am - 10:59pm; Thu 5:00am - 10:59pm; Fri 5:00am - 10:59pm; Sat 5:00am - 10:59pm; Sun 5:00am - 10:59pm,0.0,2.0,0.0,,Volta,https://voltacharging.com/,J1772,,,,False,,False,,302035013,-122.389321,37.7678729,39.35311838224575
ELEC,Owens Street  Garage,1835 Owens St,San Francisco,CA,94158,,US,GPS,37.765967,-122.3922545,2017-01-11,2024-06-23,151243.0,2024-06-23 03:14:01 UTC,,E,,Public,Mon 5:00am - 10:59pm; Tue 5:00am - 10:59pm; Wed 5:00am - 10:59pm; Thu 5:00am - 10:59pm; Fri 5:00am - 10:59pm; Sat 5:00am - 10:59pm; Sun 5:00am - 10:59pm,0.0,2.0,0.0,,Volta,https://voltacharging.com/,J1772,,,,False,,False,,65313859,-122.3927231,37.7667042,91.7400663043055
ELEC,Letterman Digital Arts Center Public,One Letterman Dr Bldg B,San Francisco,CA,94129,,US,GPS,37.798811,-122.448826,2018-10-26,2024-06-23,151245.0,2024-06-23 03:13:50 UTC,,E,,Public,Mon 5:00am - 10:59pm; Tue 5:00am - 10:59pm; Wed 5:00am - 10:59pm; Thu 5:00am - 10:59pm; Fri 5:00am - 10:59pm; Sat 5:00am - 10:59pm; Sun 5:00am - 10:59pm,0.0,2.0,0.0,,Volta,https://voltacharging.com/,J1772,,,,False,,False,,65314454,-122.4483025,37.7978992,111.33343536945891
ELEC,West Park Plaza,1303 South Winchester Blvd,San Jose,CA,95128,,US,GPS,37.300310333,-121.950836333,2019-02-06,2024-06-23,151246.0,2024-06-23 03:15:14 UTC,,E,,Public,Mon 5:00am - 10:59pm; Tue 5:00am - 10:59pm; Wed 5:00am - 10:59pm; Thu 5:00am - 10:59pm; Fri 5:00am - 10:59pm; Sat 5:00am - 10:59pm; Sun 5:00am - 10:59pm,0.0,3.0,0.0,,Volta,https://voltacharging.com/,J1772,,,,False,,False,,4514842096,-121.9500386,37.3003305,70.59699363849377
ELEC,Eastridge Center Macy's,2200 Eastridge Loop #2062,San Jose,CA,95122,,US,GPS,37.3265465,-121.814653,2014-05-31,2024-06-23,151247.0,2024-06-23 03:17:18 UTC,,E,,Public,Mon 5:00am - 10:59pm; Tue 5:00am - 10:59pm; Wed 5:00am - 10:59pm; Thu 5:00am - 10:59pm; Fri 5:00am - 10:59pm; Sat 5:00am - 10:59pm; Sun 5:00am - 10:59pm,0.0,2.0,0.0,,Volta,https://voltacharging.com/,J1772,,,,False,,False,,65485806,-121.8149203,37.3283282,199.52108646871446
ELEC,Westfield Valley Fair Garage Macy's,2801 Stevens Creek Blvd,San Jose,CA,95128,,US,GPS,37.324524,-121.942787,2018-02-13,2024-06-23,151248.0,2024-06-23 03:14:53 UTC,,E,,Public,Mon 5:00am - 10:59pm; Tue 5:00am - 10:59pm; Wed 5:00am - 10:59pm; Thu 5:00am - 10:59pm; Fri 5:00am - 10:59pm; Sat 5:00am - 10:59pm; Sun 5:00am - 10:59pm,0.0,2.0,0.0,,Volta,https://voltacharging.com/,J1772,,,,False,,False,,4306972147,-121.943275,37.3234409,127.93243471198441
ELEC,Bayfair Center Kohl's,15555 E. 14Th St,San Leandro,CA,94578,,US,GPS,37.701627,-122.126322,2018-03-31,2024-06-23,151249.0,2024-06-23 03:14:37 UTC,,E,,Public,Mon 7:00am - 9:00pm; Tue 7:00am - 9:00pm; Wed 7:00am - 9:00pm; Thu 7:00am - 9:00pm; Fri 7:00am - 9:00pm; Sat 7:00am - 9:00pm; Sun 7:00am - 9:00pm,0.0,2.0,0.0,,Volta,https://voltacharging.com/,J1772,,,,False,,False,,6885242666,-122.1251848,37.7029341,176.44889015873295
ELEC,Mariposa Shopping Center,2760 Homestead Rd,Santa Clara,CA,95051,,US,GPS,37.3384275,-121.9747335,2017-03-06,2024-06-23,151251.0,2024-06-23 03:18:47 UTC,,E,,Public,Mon 5:00am - 10:59pm; Tue 5:00am - 10:59pm; Wed 5:00am - 10:59pm; Thu 5:00am - 10:59pm; Fri 5:00am - 10:59pm; Sat 5:00am - 10:59pm; Sun 5:00am - 10:59pm,0.0,2.0,0.0,,Volta,https://voltacharging.com/,J1772,,,,False,,False,,65519024,-121.9740769,37.337539,114.58825671812141
ELEC,Shoppes at Homestead fka Loehmann's Plaza,1603 1695 Hollenbeck Ave,Sunnyvale,CA,94087,,US,GPS,37.3403915,-122.0422885,2017-03-06,2024-06-23,151256.0,2024-06-23 03:18:27 UTC,,E,,Public,Mon 5:00am - 10:59pm; Tue 5:00am - 10:59pm; Wed 5:00am - 10:59pm; Thu 5:00am - 10:59pm; Fri 5:00am - 10:59pm; Sat 5:00am - 10:59pm; Sun 5:00am - 10:59pm,0.0,2.0,0.0,,Volta,https://voltacharging.com/,J1772,,,,False,,False,,664103573,-122.041455,37.3405507,75.78223910180301
ELEC,Ygnacio Plaza,1881 Ygnacio Valley Rd,Walnut Creek,CA,94598,,US,GPS,37.9179271,-122.0371688,2015-09-10,2024-06-23,151267.0,2024-06-23 03:19:07 UTC,,E,,Public,Mon 5:00am - 10:59pm; Tue 5:00am - 10:59pm; Wed 5:00am - 10:59pm; Thu 5:00am - 10:59pm; Fri 5:00am - 10:59pm; Sat 5:00am - 10:59pm; Sun 5:00am - 10:59pm,0.0,2.0,0.0,,Volta,https://voltacharging.com/,J1772,,,,False,,False,,2778795359,-122.0383462,37.9185353,123.4538972891406
ELEC,Citrus Marketplace,2290 Oak Grove Rd,Walnut Creek,CA,94598,,US,GPS,37.930717,-122.014211,2018-06-20,2024-06-23,151268.0,2024-06-23 03:17:58 UTC,,E,,Public,Mon 5:00am - 10:59pm; Tue 5:00am - 10:59pm; Wed 5:00am - 10:59pm; Thu 5:00am - 10:59pm; Fri 5:00am - 10:59pm; Sat 5:00am - 10:59pm; Sun 5:00am - 10:59pm,0.0,2.0,0.0,,Volta,https://voltacharging.com/,J1772,,,,False,,False,,57806467,-122.0143055,37.9301008,69.01787551821643
ELEC,Cherry Chase Shopping Center,639 S Bernardo Ave,Sunnyvale,CA,94087,,US,GPS,37.372742,-122.0576365,2019-11-01,2024-06-23,151847.0,2024-06-23 03:14:41 UTC,,E,,Public,Mon 5:00am - 10:59pm; Tue 5:00am - 10:59pm; Wed 5:00am - 10:59pm; Thu 5:00am - 10:59pm; Fri 5:00am - 10:59pm; Sat 5:00am - 10:59pm; Sun 5:00am - 10:59pm,0.0,2.0,0.0,,Volta,https://voltacharging.com/,J1772,,,,False,,False,,65557444,-122.0568699,37.3722073,90.13356940370609
ELEC,Gilroy Premium Outlets,681 Leavesley Road,Gilroy,CA,95020,,US,GPS,37.02431,-121.56286,2020-01-04,2024-07-09,152120.0,2024-07-09 02:35:42 UTC,,E,,Public,24 hours daily,0.0,0.0,8.0,,Electrify America,https://www.electrifyamerica.com/,J1772COMBO,,,,,,False,,1710790636,-121.5631895,37.0238283,61.029710757364974
ELEC,KENTFIELD IVC EV11 EV12,1800 Ignacio Blvd,Novato,CA,94949,,US,GPS,38.07577,-122.57449,2020-01-07,2024-07-09,152228.0,2024-07-09 01:07:37 UTC,,E,,Public,24 hours daily,0.0,2.0,0.0,,ChargePoint Network,http://www.chargepoint.com/,J1772,,,,,,False,,3984423544,-122.5745621,38.0761696,44.87950936435205
ELEC,FOOTHILL-DEANZA DE ANZA 6,21250 Stevens Creek Blvd,Cupertino,CA,95014,,US,GPS,37.31945,-122.04388,2020-01-17,2024-07-09,152488.0,2024-07-09 01:07:56 UTC,,E,,Public,24 hours daily,0.0,1.0,0.0,,ChargePoint Network,http://www.chargepoint.com/,J1772,,,,,,False,,2471566990,-122.041535,37.3195994,208.03218150826365
ELEC,Eastridge Center Barnes & Noble,2200 Eastridge Loop #2062,San Jose,CA,95122,,US,GPS,37.324088,-121.81352,2020-01-20,2024-06-23,152852.0,2024-06-23 03:17:43 UTC,,E,,Public,Mon 5:00am - 10:59pm; Tue 5:00am - 10:59pm; Wed 5:00am - 10:59pm; Thu 5:00am - 10:59pm; Fri 5:00am - 10:59pm; Sat 5:00am - 10:59pm; Sun 5:00am - 10:59pm,0.0,2.0,0.0,,Volta,https://voltacharging.com/,J1772,,,,False,,False,,1519317739,-121.8118247,37.3240687,149.92127167346962
ELEC,Eastridge Center USPS,2200 Eastridge Loop #2062,San Jose,CA,95122,,US,GPS,37.3266262,-121.8137777,2020-01-20,2024-06-23,152853.0,2024-06-23 03:20:24 UTC,,E,,Public,Mon 5:00am - 10:59pm; Tue 5:00am - 10:59pm; Wed 5:00am - 10:59pm; Thu 5:00am - 10:59pm; Fri 5:00am - 10:59pm; Sat 5:00am - 10:59pm; Sun 5:00am - 10:59pm,0.0,2.0,0.0,,Volta,https://voltacharging.com/,J1772,,,,False,,False,,65485806,-121.8149203,37.3283282,214.53200539772155
ELEC,NewPark Mall DCFC,2086 Newpark Mall,Newark,CA,94560,,US,GPS,37.527594793,-122.002632039,2020-01-20,2024-06-23,152856.0,2024-06-23 03:14:36 UTC,,E,,Public,Mon 5:00am - 10:59pm; Tue 5:00am - 10:59pm; Wed 5:00am - 10:59pm; Thu 5:00am - 10:59pm; Fri 7:00am - 10:59pm; Sat 5:00am - 10:59pm; Sun 5:00am - 10:59pm,0.0,0.0,1.0,,Volta,https://voltacharging.com/,J1772COMBO,,,,False,,False,,257395104,-122.0034155,37.5288328,154.0245751414485
ELEC,Safeway El Camino Real Millbrae,525 El Camino Real,Millbrae,CA,94030,,US,GPS,37.603659,-122.394714,2020-01-20,2024-06-23,152857.0,2024-06-23 03:20:35 UTC,,E,,Public,Mon 5:00am - 10:59pm; Tue 5:00am - 10:59pm; Wed 5:00am - 10:59pm; Thu 5:00am - 10:59pm; Fri 5:00am - 10:59pm; Sat 5:00am - 10:59pm; Sun 5:00am - 10:59pm,0.0,2.0,0.0,,Volta,https://voltacharging.com/,J1772,,,,False,,False,,297164234,-122.3944633,37.6040738,51.13857305684485
ELEC,Serramonte Center Macy's,3 Serramonte Center,Daly City,CA,94015,,US,GPS,37.673435,-122.4716325,2020-01-20,2024-06-23,152858.0,2024-06-23 03:19:31 UTC,,E,,Public,Mon 5:00am - 10:59pm; Tue 5:00am - 10:59pm; Wed 5:00am - 10:59pm; Thu 5:00am - 10:59pm; Fri 5:00am - 10:59pm; Sat 5:00am - 10:59pm; Sun 5:00am - 10:59pm,0.0,4.0,0.0,,Volta,https://voltacharging.com/,J1772,,,,False,,False,,313865252,-122.4733848,37.6730648,159.62244039225996
ELEC,Serramonte Center Target,3 Serramonte Center,Daly City,CA,94015,,US,GPS,37.6712355,-122.4725975,2020-01-20,2024-06-23,152859.0,2024-06-23 03:19:48 UTC,,E,,Public,Mon 5:00am - 10:59pm; Tue 5:00am - 10:59pm; Wed 5:00am - 10:59pm; Thu 5:00am - 10:59pm; Fri 5:00am - 10:59pm; Sat 5:00am - 10:59pm; Sun 5:00am - 10:59pm,0.0,4.0,0.0,,Volta,https://voltacharging.com/,J1772,,,,False,,False,,306053459,-122.474409,37.6719,175.72654353305109
ELEC,Stonestown Galleria Sports Basement,3251 20Th Ave,San Francisco,CA,94132,,US,GPS,37.728954191,-122.477707483,2020-01-20,2024-06-23,152860.0,2024-06-23 03:15:17 UTC,,E,,Public,Mon 5:00am - 10:59pm; Tue 5:00am - 10:59pm; Wed 5:00am - 10:59pm; Thu 5:00am - 10:59pm; Fri 5:00am - 10:59pm; Sat 5:00am - 10:59pm; Sun 5:00am - 10:59pm,0.0,2.0,0.0,,Volta,https://voltacharging.com/,J1772,,,,False,,False,,2456996785,-122.4787183,37.7282351,119.56702993787734
ELEC,Oakland Arena & RingCentral Coliseum,7000 Coliseum Way,Oakland,CA,94621,,US,GPS,37.752065,-122.203197,2020-01-20,2024-06-23,152863.0,2024-06-23 03:15:51 UTC,,E,,Public,Mon 5:00am - 10:59pm; Tue 5:00am - 10:59pm; Wed 5:00am - 10:59pm; Thu 5:00am - 10:59pm; Fri 5:00am - 10:59pm; Sat 5:00am - 10:59pm; Sun 5:00am - 10:59pm,0.0,2.0,0.0,,Volta,https://voltacharging.com/,J1772,,,,False,,False,,241309735,-122.2059178,37.7522244,239.86372480319426
ELEC,Bayfair Center Northeast Entrance,15555 E. 14Th St,San Leandro,CA,94578,,US,GPS,37.7020065,-122.1255155,2020-01-20,2024-06-23,152864.0,2024-06-23 03:17:41 UTC,,E,,Public,Mon 5:00am - 10:59pm; Tue 5:00am - 10:59pm; Wed 5:00am - 10:59pm; Thu 5:00am - 10:59pm; Fri 5:00am - 10:59pm; Sat 5:00am - 10:59pm; Sun 5:00am - 10:59pm,0.0,2.0,0.0,,Volta,https://voltacharging.com/,J1772,,,,False,,False,,53087589,-122.1245581,37.7024978,100.39465681373272
ELEC,Century Theater Southland Mall,One Southland Mall Drive,Hayward,CA,94545,,US,GPS,37.651737,-122.100236,2020-01-20,2024-06-23,152866.0,2024-06-23 03:16:30 UTC,,E,,Public,Mon 5:00am - 10:59pm; Tue 5:00am - 10:59pm; Wed 5:00am - 10:59pm; Thu 5:00am - 10:59pm; Fri 5:00am - 10:59pm; Sat 5:00am - 10:59pm; Sun 5:00am - 10:59pm,0.0,2.0,0.0,,Volta,https://voltacharging.com/,J1772,,,,False,,False,,257389899,-122.0989526,37.6520671,118.79961336596497
ELEC,Macy's at Stoneridge Shopping Center,1 Stoneridge Mall,Pleasanton,CA,94588,,US,GPS,37.69328,-121.9280545,2020-01-20,2024-06-23,152867.0,2024-06-23 03:17:44 UTC,,E,,Public,Mon 5:00am - 10:59pm; Tue 5:00am - 10:59pm; Wed 5:00am - 10:59pm; Thu 5:00am - 10:59pm; Fri 5:00am - 10:59pm; Sat 5:00am - 10:59pm; Sun 5:00am - 10:59pm,0.0,2.0,0.0,,Volta,https://voltacharging.com/,J1772,,,,False,,False,,53139105,-121.9267747,37.6926385,133.29928842335744
ELEC,Macy's - Stoneridge Mall,1 Stoneridge Mall,Pleasanton,CA,94588,,US,GPS,37.693356,-121.92916,2020-01-20,2024-06-23,152868.0,2024-06-23 03:19:00 UTC,,E,,Public,Mon 5:00am - 10:59pm; Tue 5:00am - 10:59pm; Wed 5:00am - 10:59pm; Thu 5:00am - 10:59pm; Fri 5:00am - 10:59pm; Sat 5:00am - 10:59pm; Sun 5:00am - 10:59pm,0.0,2.0,0.0,,Volta,https://voltacharging.com/,J1772,,,,False,,False,,53131791,-121.9291732,37.6922035,128.15759703129368
ELEC,The Streets of Brentwood Sprouts Farmers Market,2455 Sand Creek Rd,Brentwood,CA,94513,,US,GPS,37.944033,-121.7353075,2020-01-20,2024-06-23,152869.0,2024-06-23 03:19:05 UTC,,E,,Public,Mon 5:00am - 10:59pm; Tue 5:00am - 10:59pm; Wed 5:00am - 10:59pm; Thu 5:00am - 10:59pm; Fri 5:00am - 10:59pm; Sat 5:00am - 10:59pm; Sun 5:00am - 10:59pm,0.0,2.0,0.0,,Volta,https://voltacharging.com/,J1772,,,,False,,False,,262693285,-121.7341376,37.943616,112.58077308004282
ELEC,The Veranda Luxe Cinema,2001-2003 Diamond Blvd,Concord,CA,94520,,US,GPS,37.971492,-122.057606,2020-01-20,2024-06-23,152870.0,2024-06-23 03:17:41 UTC,,E,,Public,Mon 5:00am - 10:59pm; Tue 5:00am - 10:59pm; Wed 5:00am - 10:59pm; Thu 5:00am - 10:59pm; Fri 5:00am - 10:59pm; Sat 5:00am - 10:59pm; Sun 5:00am - 10:59pm,0.0,2.0,0.0,,Volta,https://voltacharging.com/,J1772,,,,False,,False,,57903522,-122.0558815,37.9714317,151.31314407442406
ELEC,The Veranda MOD Pizza,2001-2003 Diamond Blvd,Concord,CA,94520,,US,GPS,37.971519,-122.056783,2020-01-20,2024-06-23,152871.0,2024-06-23 03:17:52 UTC,,E,,Public,Mon 5:00am - 10:59pm; Tue 5:00am - 10:59pm; Wed 5:00am - 10:59pm; Thu 5:00am - 10:59pm; Fri 5:00am - 10:59pm; Sat 5:00am - 10:59pm; Sun 5:00am - 10:59pm,0.0,2.0,0.0,,Volta,https://voltacharging.com/,J1772,,,,False,,False,,57903522,-122.0558815,37.9714317,79.61678142556461
ELEC,The Veranda TJ Max,2001-2003 Diamond Blvd,Concord,CA,94520,,US,GPS,37.97246804,-122.05951707,2020-01-20,2024-06-23,152872.0,2024-06-23 03:18:51 UTC,,E,,Public,Mon 5:00am - 10:59pm; Tue 5:00am - 10:59pm; Wed 5:00am - 10:59pm; Thu 5:00am - 10:59pm; Fri 5:00am - 10:59pm; Sat 5:00am - 10:59pm; Sun 5:00am - 10:59pm,0.0,2.0,0.0,,Volta,https://voltacharging.com/,J1772,,,,False,,False,,5280148065,-122.0612799,37.9733028,180.2571562685571
ELEC,Hamilton Marketplace,5800 Nave Drive,Novato,CA,94947,,US,GPS,38.06337,-122.53376,2020-01-20,2024-06-23,152873.0,2024-06-23 03:14:50 UTC,,E,,Public,Mon 5:00am - 10:59pm; Tue 5:00am - 10:59pm; Wed 5:00am - 10:59pm; Thu 5:00am - 10:59pm; Fri 5:00am - 10:59pm; Sat 5:00am - 10:59pm; Sun 5:00am - 10:59pm,0.0,1.0,0.0,,Volta,https://voltacharging.com/,J1772,,,,False,,False,,30033788,-122.535034,38.0633798,111.54038733031554
ELEC,Vintage Oaks At Novato,208 Vintage Way,Novato,CA,94945,,US,GPS,38.0881933,-122.5518908,2020-01-20,2024-06-23,152874.0,2024-06-23 03:17:31 UTC,,E,,Public,Mon 5:00am - 10:59pm; Tue 5:00am - 10:59pm; Wed 5:00am - 10:59pm; Thu 5:00am - 10:59pm; Fri 5:00am - 10:59pm; Sat 5:00am - 10:59pm; Sun 5:00am - 10:59pm,0.0,2.0,0.0,,Volta,https://voltacharging.com/,J1772,,,,False,,False,,110415822,-122.5523106,38.0865272,188.87006576447916
ELEC,Century Rowland Plaza,44 Rowland Way,Novato,CA,94945,,US,GPS,38.094665,-122.5566985,2020-01-20,2024-06-23,152875.0,2024-06-23 03:15:49 UTC,,E,,Public,Mon 8:00am - 10:59pm; Tue 8:00am - 10:59pm; Wed 8:00am - 10:59pm; Thu 8:00am - 10:59pm; Fri 8:00am - 10:59pm; Sat 8:00am - 10:59pm; Sun 8:00am - 10:59pm,0.0,2.0,0.0,,Volta,https://voltacharging.com/,J1772,,,,False,,False,,4018042438,-122.5567151,38.0944479,24.184120522758914
ELEC,"San Marin Plaza, Novato, CA",199 San Marin Dr,Novato,CA,94945,,US,GPS,38.1224115,-122.6033645,2020-01-20,2024-06-23,152876.0,2024-06-23 03:17:45 UTC,,E,,Public,Mon 5:00am - 10:59pm; Tue 5:00am - 10:59pm; Wed 5:00am - 10:59pm; Thu 5:00am - 10:59pm; Fri 5:00am - 10:59pm; Sat 5:00am - 10:59pm; Sun 5:00am - 10:59pm,0.0,2.0,0.0,,Volta,https://voltacharging.com/,J1772,,,,False,,False,,110408573,-122.6043105,38.12178,108.53054670600574
ELEC,The Culinary Institute of America at Copia,500 1St St,Napa,CA,94559,,US,GPS,38.302228,-122.2813685,2020-01-20,2024-06-23,152877.0,2024-06-23 03:15:26 UTC,,E,,Public,Mon 5:00am - 10:59pm; Tue 5:00am - 10:59pm; Wed 5:00am - 10:59pm; Thu 5:00am - 10:59pm; Fri 5:00am - 10:59pm; Sat 5:00am - 10:59pm; Sun 5:00am - 10:59pm,0.0,2.0,0.0,,Volta,https://voltacharging.com/,J1772,,,,False,,False,,55953155,-122.2810564,38.3014157,94.34025425008309
ELEC,Solano Town Center Buffalo Wild Wings,1350 Travis Blvd,Fairfield,CA,94533,,US,GPS,38.2610265,-122.0551395,2020-01-20,2024-06-23,152878.0,2024-06-23 03:18:44 UTC,,E,,Public,Mon 5:00am - 10:59pm; Tue 5:00am - 10:59pm; Wed 5:00am - 10:59pm; Thu 5:00am - 10:59pm; Fri 5:00am - 10:59pm; Sat 5:00am - 10:59pm; Sun 5:00am - 10:59pm,0.0,2.0,0.0,,Volta,https://voltacharging.com/,J1772,,,,False,,False,,4364198043,-122.0571239,38.2594403,247.2410581022244
ELEC,531401  201 California Garage,201 California Street,SF,CA,94111,,US,GPS,37.7930345,-122.3990296,2018-05-04,2024-07-09,153138.0,2024-07-09 00:16:13 UTC,,E,,Public,24 hours daily,0.0,4.0,0.0,,Blink Network,http://www.blinkcharging.com/,J1772,,FREE,,,,False,,65295278,-122.3988009,37.7933647,41.85628688051739
ELEC,201 California Garage,201 California Street,SF,CA,94111,,US,GPS,37.7930345,-122.3990296,2016-09-27,2024-07-09,153139.0,2024-07-09 00:16:14 UTC,,E,,Public,24 hours daily,0.0,2.0,0.0,,Blink Network,http://www.blinkcharging.com/,J1772,,FREE,,,,False,,65295278,-122.3988009,37.7933647,41.85628688051739
ELEC,"Walmart 2989 - Fremont, CA",44009 Osgood Road,Fremont,CA,94539,,US,GPS,37.51092,-121.94216,2020-01-30,2024-07-09,153165.0,2024-07-09 02:37:30 UTC,,E,,Public,24 hours daily,0.0,1.0,3.0,,Electrify America,https://www.electrifyamerica.com/,CHADEMO J1772 J1772COMBO,,,,,,False,,53036694,-121.9416602,37.5101378,97.51111608219392
ELEC,"Walmart 2648 - San Leandro, CA",1919 Davis Street,San Leandro,CA,94577,,US,GPS,37.71528,-122.17783,2020-01-30,2024-07-09,153166.0,2024-07-09 02:36:41 UTC,,E,,Public,24 hours daily,0.0,1.0,3.0,,Electrify America,https://www.electrifyamerica.com/,CHADEMO J1772 J1772COMBO,,,,,,False,,53111328,-122.1764174,37.7156097,129.5504037933827
ELEC,Lawrence Oakmead Shopping Center,540 Lawrence Expressway,Sunnyvale,CA,94085,,US,GPS,37.38381,-121.99531,2020-01-30,2024-07-09,153167.0,2024-07-09 02:36:25 UTC,,E,,Public,24 hours daily,0.0,1.0,3.0,,Electrify America,https://www.electrifyamerica.com/,CHADEMO J1772 J1772COMBO,,,,,,False,,1998284545,-121.9954744,37.3836727,21.073011913120247
ELEC,BOA Santa Teresa-Bernal CA3-169,155 Bernal Rd.,San Jose,CA,95119,,US,GPS,37.22859,-121.77614,2020-01-31,2024-07-09,153205.0,2024-07-09 02:37:17 UTC,,E,,Public,24 hours daily,0.0,0.0,3.0,,Electrify America,https://www.electrifyamerica.com/,J1772COMBO,,,,,,False,,258160709,-121.7754602,37.2285622,60.266558733903146
ELEC,BOA Castro Valley CA4-121,3067 Castro Valley Blvd.,Castro Valley,CA,94546,,US,GPS,37.69479,-122.08156,2020-02-01,2024-07-09,153240.0,2024-07-09 02:38:17 UTC,,E,,Public,24 hours daily,0.0,1.0,3.0,,Electrify America,https://www.electrifyamerica.com/,CHADEMO J1772 J1772COMBO,,,,,,False,,53104467,-122.082122,37.6953968,83.65253601338955
ELEC,Brookvale Shopping Center,35720 Fremont Blvd.,Fremont,CA,94536,,US,GPS,37.56716,-122.02416,2020-02-01,2024-07-09,153241.0,2024-07-09 02:38:01 UTC,,E,,Public,24 hours daily,0.0,0.0,3.0,,Electrify America,https://www.electrifyamerica.com/,J1772COMBO,,,,,,False,,53026808,-122.0243155,37.5667826,44.146371084021666
ELEC,Target - Tesla Supercharger,1061 Cochrane Road,Morgan Hill,CA,95037,,US,GPS,37.156369,-121.653476,2020-01-31,2023-07-01,153410.0,2023-07-14 19:41:28 UTC,P,E,,Public,24 hours daily,0.0,0.0,14.0,,Tesla,https://www.tesla.com/supercharger,TESLA,,,,,,False,,367139870,-121.6554221,37.156166,173.9371918625389
ELEC,Plaza Escuela - Tesla Supercharger,1153 Locust Street,Walnut Creek,CA,94596,,US,GPS,37.8952,-122.061872,2020-01-31,2023-07-01,153412.0,2023-07-14 19:41:28 UTC,P,E,,Public,24 hours daily,0.0,0.0,24.0,,Tesla,https://www.tesla.com/supercharger,TESLA,,,,,,False,,3839580753,-122.061853,37.8945953,67.26033343528928
ELEC,RWSH STATION 2,2825 Sand Hill Rd,Menlo Park,CA,94025,,US,GPS,37.419588,-122.211505,2020-02-07,2024-07-09,153500.0,2024-07-09 01:08:54 UTC,,E,,Public,24 hours daily,0.0,2.0,0.0,,ChargePoint Network,http://www.chargepoint.com/,J1772,,,,,,False,,851372988,-122.2137428,37.420504,222.3270073196489
ELEC,CCSF-SFMTA JCG ANNEX 1,1650 Fillmore St,San Francisco,CA,94115,,US,GPS,37.784902,-122.432567,2020-02-07,2024-07-09,153503.0,2024-07-09 01:08:44 UTC,,E,,Public,24 hours daily,0.0,2.0,0.0,,ChargePoint Network,http://www.chargepoint.com/,J1772,,,,,,False,,65314192,-122.4330972,37.7851617,54.816593406237615
ELEC,"Walmart 2031 - Union City, CA",30600 Dyer Street,Union City,CA,94587,,US,GPS,37.60423,-122.06859,2020-02-08,2024-07-09,153565.0,2024-07-09 02:38:27 UTC,,E,,Public,24 hours daily,0.0,1.0,3.0,,Electrify America,https://www.electrifyamerica.com/,CHADEMO J1772 J1772COMBO,,,,,,False,,610811229,-122.0685814,37.6056732,160.4785331027504
ELEC,SRSC-Davidson_SanRafael_O,280 Woodland Ave,San Rafael,CA,94901,,US,200-9,37.965895,-122.524903,2020-02-12,2024-07-09,153659.0,2024-07-09 02:29:35 UTC,,E,,Public,24 hours daily,0.0,14.0,0.0,,SHELL_RECHARGE,https://www.shell.us/motorist/electric-vehicle-charging.html,J1772,,,,,,False,,110429715,-122.5268885,37.9660416,174.81769181348452
ELEC,SRSC-SunValley_SanRafael_O,75 Happy Lane,San Rafael,CA,94901,,US,200-9,37.985222,-122.550856,2020-02-12,2024-07-09,153660.0,2024-07-09 02:29:36 UTC,,E,,Public,24 hours daily,0.0,16.0,0.0,,SHELL_RECHARGE,https://www.shell.us/motorist/electric-vehicle-charging.html,J1772,,,,,,False,,8712688105,-122.550227,37.9852164,55.12944117664485
ELEC,SRSC-Coleman_SanRafael_O,800 BELLE AVE.,SAN RAFAEL,CA,94901,,US,200-9,37.97803,-122.520021,2020-02-12,2024-07-09,153661.0,2024-07-09 02:29:39 UTC,,E,,Public,24 hours daily,0.0,12.0,0.0,,SHELL_RECHARGE,https://www.shell.us/motorist/electric-vehicle-charging.html,J1772,,,,,,False,,110380713,-122.5202069,37.9775661,54.09567955310854
ELEC,SRSC-SanPedro_SanRafael_O,498 POINT SAN PEDRO R,SAN RAFAEL,CA,94901,,US,200-9,37.97437,-122.489529,2020-02-12,2024-07-09,153662.0,2024-07-09 02:29:39 UTC,,E,,Public,24 hours daily,0.0,14.0,0.0,,SHELL_RECHARGE,https://www.shell.us/motorist/electric-vehicle-charging.html,J1772,,,,,,False,,272140742,-122.4901001,37.9751406,99.23769878618667
ELEC,SRSC-SRHigh_SanRafael_O,150 3RD STREET,SAN RAFAEL,CA,94901,,US,200-9,37.970823,-122.51327,2020-02-12,2024-07-09,153663.0,2024-07-09 02:29:40 UTC,,E,,Public,24 hours daily,0.0,16.0,0.0,,SHELL_RECHARGE,https://www.shell.us/motorist/electric-vehicle-charging.html,J1772,,,,,,False,,110405625,-122.5129349,37.9714534,76.00312013120785
ELEC,HUDSON PACIFIC 1455 STATION 10,1455 Market Street,San Francisco,CA,94103,,US,GPS,37.774846,-122.417113,2020-02-14,2024-07-09,153713.0,2024-07-09 01:09:16 UTC,,E,,Public,24 hours daily,0.0,1.0,0.0,,ChargePoint Network,http://www.chargepoint.com/,J1772,,,,,,False,,65306942,-122.4169784,37.7752726,48.8887436365808
ELEC,HUDSON PACIFIC 1455 STATION 9,1455 Market St.,San Francisco,CA,94103,,US,GPS,37.774854,-122.417127,2020-02-14,2024-07-09,153714.0,2024-07-09 01:09:16 UTC,,E,,Public,24 hours daily,0.0,1.0,0.0,,ChargePoint Network,http://www.chargepoint.com/,J1772,,,,,,False,,65306942,-122.4169784,37.7752726,48.343912490022355
ELEC,Stanford Shopping Center,660 Stanford Shopping Center,Palo Alto,CA,94304,,US,GPS,37.44208,-122.16977,2020-02-14,2024-07-09,153726.0,2024-07-09 02:38:01 UTC,,E,,Public,24 hours daily,0.0,0.0,6.0,,Electrify America,https://www.electrifyamerica.com/,J1772COMBO,,,,,,False,,2172124248,-122.1689607,37.4424886,84.67147640107812
ELEC,Embassy Suites - Tesla Supercharger,250 Gateway Boulevard,South San Francisco,CA,94080,,US,GPS,37.655161,-122.401383,2020-02-21,2023-07-01,153881.0,2023-07-14 19:41:28 UTC,P,E,,Public,24 hours daily,0.0,0.0,20.0,,Tesla,https://www.tesla.com/supercharger,TESLA,HOTEL,,,,,False,,906032713,-122.4022267,37.6549849,76.81168622050967
ELEC,SAN CARLOS WHEELER DUAL,657 Walnut St,San Carlos,CA,94070,,US,GPS,37.505057,-122.26101,2020-02-27,2024-07-09,153969.0,2024-07-09 01:09:29 UTC,,E,,Public,24 hours daily,0.0,2.0,0.0,,ChargePoint Network,http://www.chargepoint.com/,J1772,,,,,,False,,65421464,-122.2606097,37.5045473,66.77612015969189
ELEC,ZICO EVC HOTEL ZICO,200 E El Camino Real,Mountain View,CA,94040,,US,GPS,37.37974,-122.06872,2020-02-27,2024-07-09,153970.0,2024-07-09 01:09:29 UTC,,E,,Public,24 hours daily,0.0,1.0,0.0,,ChargePoint Network,http://www.chargepoint.com/,J1772,,,,,,False,,8820954213,-122.0678045,37.3805044,117.33761916257116
ELEC,COUNTY OF MARIN LG 5,1600-1650 Los Gamos Dr,San Rafael,CA,94903,,US,GPS,38.019331,-122.540385,2020-02-27,2024-07-09,153975.0,2024-07-09 01:08:22 UTC,,E,,Public,24 hours daily,0.0,2.0,0.0,,ChargePoint Network,http://www.chargepoint.com/,J1772,,,,,,False,,257876378,-122.5403844,38.0183213,112.27368833978083
ELEC,Princeton Plaza Mall,1375 Blossom Hill Rd.,San Jose,CA,95118,,US,GPS,37.24593,-121.88928,2020-02-29,2024-07-09,154188.0,2024-07-09 02:38:17 UTC,,E,,Public,24 hours daily,0.0,1.0,3.0,,Electrify America,https://www.electrifyamerica.com/,CHADEMO J1772 J1772COMBO,,,,,,False,,65432020,-121.8900148,37.2462629,74.83755641419381
ELEC,UNION SANITARY USD 2,5072 Benson Rd,Union City,CA,94587,,US,GPS,37.593046,-122.089761,2020-03-04,2024-07-09,154271.0,2024-07-09 01:09:27 UTC,,E,,Public,24 hours daily,0.0,2.0,0.0,,ChargePoint Network,http://www.chargepoint.com/,J1772,,,,,,False,,349925833,-122.0885777,37.5930545,104.26122853406793
ELEC,SRWC CHARGER 1,585 Broadway,Redwood City,CA,94063,,US,GPS,37.48493,-122.206579,2020-03-05,2024-07-09,154296.0,2024-07-09 01:09:06 UTC,,E,,Public,24 hours daily,0.0,1.0,0.0,,ChargePoint Network,http://www.chargepoint.com/,J1772,,,,,,False,,65492505,-122.2065664,37.4839235,111.92337364353166
ELEC,ESSEX PARK GREEN 7,1710 S Delaware St,San Mateo,CA,94402,,US,GPS,37.554916,-122.30752,2020-03-06,2024-07-09,154327.0,2024-07-09 01:08:51 UTC,,E,,Public,24 hours daily,0.0,1.0,0.0,,ChargePoint Network,http://www.chargepoint.com/,J1772,,,,,,False,,7128993345,-122.3076718,37.5548739,14.176703297463364
ELEC,"Lucky 736 - Oakland, CA",247 East 18th Street,Oakland,CA,94606,,US,GPS,37.79966,-122.25313,2020-03-06,2024-07-09,154345.0,2024-07-09 02:38:29 UTC,,E,,Public,24 hours daily,0.0,0.0,3.0,,Electrify America,https://www.electrifyamerica.com/,J1772COMBO,,,,,,False,,53046055,-122.2537522,37.8002861,88.51755983046147
ELEC,PALO ALTO PLACE EV1,565 Arastradero Rd,Palo Alto,CA,94306,,US,GPS,37.408856,-122.124144,2020-03-13,2024-07-09,154449.0,2024-07-09 01:09:53 UTC,,E,,Public,24 hours daily,0.0,1.0,0.0,,ChargePoint Network,http://www.chargepoint.com/,J1772,,,,,,False,,65577391,-122.1241722,37.4092621,45.22496397953262
ELEC,CONTRA COSTA CO W. CO HEALTH 2,13601 San Pablo Ave West Co Health Clinic,San Pablo,CA,94806,,US,GPS,37.954968,-122.338986,2020-03-14,2024-07-09,154475.0,2024-07-09 01:08:49 UTC,,E,,Public,24 hours daily,0.0,2.0,0.0,,ChargePoint Network,http://www.chargepoint.com/,J1772,,,,,,False,,10732183341,-122.3391914,37.9552765,38.74348972761579
ELEC,4CD DVC LOT 5 STN 5,780 Stubbs Rd,Pleasant Hill,CA,94523,,US,GPS,37.969226,-122.073559,2020-03-20,2024-07-09,154575.0,2024-07-09 01:10:32 UTC,,E,,Public,24 hours daily,0.0,2.0,0.0,,ChargePoint Network,http://www.chargepoint.com/,J1772,,,,,,False,,57944315,-122.0757907,37.9692096,195.63862606471668
ELEC,4CD DVC LOT 5 STN 7,764 Stubbs Rd,Pleasant Hill,CA,94523,,US,GPS,37.969404,-122.073663,2020-03-20,2024-07-09,154576.0,2024-07-09 01:10:32 UTC,,E,,Public,24 hours daily,0.0,2.0,0.0,,ChargePoint Network,http://www.chargepoint.com/,J1772,,,,,,False,,2452139419,-122.074613,37.9707829,174.48204079562606
ELEC,4CD DVC LOT 5 STN 1,"37.969463, -122.073370",Pleasant Hill,CA,94523,,US,GPS,37.969295,-122.073343,2020-03-20,2024-07-09,154577.0,2024-07-09 01:10:32 UTC,,E,,Public,24 hours daily,0.0,2.0,0.0,,ChargePoint Network,http://www.chargepoint.com/,J1772,,,,,,False,,2452139419,-122.074613,37.9707829,199.41506263224358
ELEC,FX CAR CHARGE GEFAIRFAX,720 Center Blvd,Fairfax,CA,94930,,US,GPS,37.986518,-122.583479,2020-03-24,2024-07-09,154616.0,2024-07-09 01:10:29 UTC,,E,,Public,24 hours daily,0.0,2.0,0.0,,ChargePoint Network,http://www.chargepoint.com/,J1772,,,,,,False,,110387142,-122.5825305,37.9862396,88.70294563116013
ELEC,Almond Elementary School,550 Almond Ave,Los Altos,CA,94022,,US,GPS,37.384776,-122.10123,2020-03-20,2023-01-10,154654.0,2023-02-14 15:54:11 UTC,P,E,,Public,Open to public outside of school hours; limited hours,0.0,18.0,1.0,,Non-Networked,,CHADEMO J1772 J1772COMBO,SCHOOL,,,True,LD,False,,65605153,-122.1011543,37.3850229,28.257020298759077
ELEC,Egan Junior High School,100 W Portola Ave,Los Altos,CA,94022,,US,GPS,37.39641,-122.117962,2020-03-20,2023-01-10,154655.0,2023-02-14 15:54:11 UTC,P,E,,Public,24 hours daily; open to public after school hours,0.0,26.0,4.0,,Non-Networked,,CHADEMO J1772 J1772COMBO,SCHOOL,,,True,LD,False,,5369067316,-122.117995,37.3968273,46.493191527699686
ELEC,RICHMOND MARINA,1207 Melville Square,Richmond,CA,94804,,US,GPS,37.915406,-122.347533,2020-03-27,2024-07-09,154772.0,2024-07-09 01:10:50 UTC,,E,,Public,24 hours daily,0.0,1.0,0.0,,ChargePoint Network,http://www.chargepoint.com/,J1772,,,,,,False,,262790070,-122.3475209,37.9159084,55.87449328352686
ELEC,625 GARAGE STATION 1,625 2nd St.,San Francisco,CA,94107,,US,GPS,37.781887,-122.390854,2020-03-31,2024-07-09,154840.0,2024-07-09 01:10:02 UTC,,E,,Public,24 hours daily,0.0,2.0,0.0,,ChargePoint Network,http://www.chargepoint.com/,J1772,,,,,,False,,65315465,-122.391314,37.7824712,76.5119766062819
ELEC,Bishop Ranch 7,2527 Camino Ramon,San Ramon,CA,94583,,US,GPS,37.771867,-121.961442,2019-08-14,2024-07-09,154914.0,2024-07-09 02:48:42 UTC,,E,,Public,24 hours daily,0.0,16.0,0.0,,EV Connect,http://evconnect.com/,J1772,,,,,,False,,2390272077,-121.9603724,37.7708313,148.6652368041794
ELEC,Centennial Recreation Center,171 W Edmundson Ave,Morgan Hill,CA,95037,,US,GPS,37.113217,-121.645713,2019-04-22,2024-07-09,155037.0,2024-07-09 02:48:50 UTC,,E,,Public,24 hours daily,0.0,4.0,0.0,,EV Connect,http://evconnect.com/,J1772,,,,,,False,,65449745,-121.6458049,37.1125312,76.69175832514617
ELEC,Lorin Eden Elementary,27790 Portsmouth Ave,Hayward,CA,94545,,US,GPS,37.624682,-122.10014,2019-08-23,2024-07-09,155049.0,2024-07-09 02:49:09 UTC,,E,,Public,24 hours daily,0.0,2.0,0.0,,EV Connect,http://evconnect.com/,J1772,,,,,,False,,53044830,-122.0998304,37.6240657,73.75469036963877
ELEC,Vintage Oaks Shopping Center - Tesla Supercharger,208 Vintage Way,Novato,CA,94945,,US,GPS,38.089474,-122.551745,2020-04-03,2023-07-01,155166.0,2023-07-14 19:41:28 UTC,P,E,,Public,24 hours daily,0.0,0.0,20.0,,Tesla,https://www.tesla.com/supercharger,TESLA,SHOPPING_MALL,,,,,False,,110355854,-122.5551427,38.0885695,313.9033393417859
ELEC,Powell Street Plaza - Tesla Supercharger,5795 Christie Avenue,Emeryville,CA,94608,,US,GPS,37.837493,-122.295505,2020-04-03,2023-07-01,155167.0,2023-07-14 19:41:28 UTC,P,E,,Public,24 hours daily,0.0,0.0,12.0,,Tesla,https://www.tesla.com/supercharger,TESLA,SHOPPING_MALL,,,,,False,,30364616,-122.2962895,37.8374829,68.90138812944829
ELEC,Los Altos High School - Tesla Stations,201 Almond Ave,Los Altos,CA,94022,,US,GPS,37.385746,-122.109849,2018-03-16,2023-01-10,155170.0,2023-02-14 15:54:11 UTC,P,E,,Public,24 hours daily,0.0,3.0,0.0,,Non-Networked,,TESLA,SCHOOL,,,False,LD,False,,5863691282,-122.1092744,37.3849905,98.15616858955931
ELEC,COUNTY CHARCOT EV1,2310 N 1st St,San Jose,CA,95131,,US,GPS,37.380403,-121.922388,2020-04-09,2024-07-09,155259.0,2024-07-09 01:10:23 UTC,,E,,Public,24 hours daily,0.0,2.0,0.0,,ChargePoint Network,http://www.chargepoint.com/,J1772,,,,,,False,,760124119,-121.9225521,37.3792661,127.24650503569411
ELEC,ESSEX PARK GREEN 10,410 Station Park Cir,San Mateo,CA,94402,,US,GPS,37.554306,-122.30912,2020-04-11,2024-07-09,155312.0,2024-07-09 01:11:14 UTC,,E,,Public,24 hours daily,0.0,2.0,0.0,,ChargePoint Network,http://www.chargepoint.com/,J1772,,,,,,False,,4865113676,-122.3084014,37.554401,64.22129257034368
ELEC,24HUNDRED STATION 7,2360 Mission College Blvd,Santa Clara,CA,95054,,US,GPS,37.387442,-121.966943,2020-04-22,2024-07-09,155489.0,2024-07-09 01:09:24 UTC,,E,,Public,24 hours daily,0.0,2.0,0.0,,ChargePoint Network,http://www.chargepoint.com/,J1772,,,,,,False,,65494775,-121.9666158,37.3888196,155.8861501699347
ELEC,BOA Emeryville CA4-137,4120 San Pablo Avenue,Emeryville,CA,94608,,US,GPS,37.83268,-122.27974,2020-04-25,2024-07-09,155576.0,2024-07-09 02:36:04 UTC,,E,,Public,24 hours daily,0.0,0.0,3.0,,Electrify America,https://www.electrifyamerica.com/,J1772COMBO,,,,,,False,,1490417533,-122.2799979,37.8331078,52.68611938394413
ELEC,Burbank Elementary,222 Burbank St,Hayward,CA,94541,,US,GPS,37.666229,-122.095195,2020-02-14,2024-07-09,155976.0,2024-07-09 02:49:20 UTC,,E,,Public,24 hours daily,0.0,2.0,0.0,,EV Connect,http://evconnect.com/,J1772,,,,,,False,,53090392,-122.0946818,37.6666781,67.33699400204779
ELEC,Schafer Park Elementary School,26268 Flamingo Ave,Hayward,CA,94544,,US,GPS,37.642405,-122.086168,2019-10-29,2024-07-09,155978.0,2024-07-09 02:49:11 UTC,,E,,Public,24 hours daily,0.0,2.0,0.0,,EV Connect,http://evconnect.com/,J1772,,,,,,False,,53098648,-122.085549,37.642279,56.27406297796303
ELEC,John Muir Elementary,"24823 Soto Rd,",Hayward,CA,94544,,US,GPS,37.65658,-122.083414,2019-10-03,2024-07-09,155979.0,2024-07-09 02:49:10 UTC,,E,,Public,24 hours daily,0.0,2.0,0.0,,EV Connect,http://evconnect.com/,J1772,,,,,,False,,53044703,-122.0841138,37.657261,97.61756670930332
ELEC,Eldgridge Elementary,26825 Eldridge Ave,Hayward,CA,94544,,US,GPS,37.636218,-122.085831,2020-09-10,2024-07-09,155980.0,2024-07-09 02:49:09 UTC,,E,,Public,24 hours daily,0.0,2.0,0.0,,EV Connect,http://evconnect.com/,J1772,,,,,,False,,53112033,-122.0843504,37.636896,150.60308837429577
ELEC,Hayward High School,1633 East Ave,Hayward,CA,94541,,US,GPS,37.67183,-122.069135,2021-08-01,2024-07-09,155982.0,2024-07-09 02:49:10 UTC,,E,,Public,24 hours daily,0.0,11.0,0.0,,EV Connect,http://evconnect.com/,J1772,,,,,,False,,53024523,-122.0673038,37.6723936,172.92541698854004
ELEC,MAYAEV MAYAEV,1240 MAYACAMA Club Dr,Santa Rosa,CA,95403,,US,GPS,38.52965,-122.733284,2020-05-01,2024-07-09,155998.0,2024-07-09 01:10:55 UTC,,E,,Public,24 hours daily,0.0,2.0,0.0,,ChargePoint Network,http://www.chargepoint.com/,J1772,,,,,,False,,56178844,-122.725514,38.523419,967.9405179218609
ELEC,4CD DO,500 Court St,Martinez,CA,94553,,US,GPS,38.019217,-122.135422,2020-05-05,2024-07-09,156051.0,2024-07-09 01:11:42 UTC,,E,,Public,24 hours daily,0.0,2.0,0.0,,ChargePoint Network,http://www.chargepoint.com/,J1772,,,,,,False,,4967062449,-122.1353577,38.019549,37.344004241465285
ELEC,550 KEARNY STATION 1,665 Sacramento St,San Francisco,CA,94111,,US,GPS,37.793514,-122.404236,2020-05-07,2024-07-09,156095.0,2024-07-09 01:11:07 UTC,,E,,Public,24 hours daily,0.0,2.0,0.0,,ChargePoint Network,http://www.chargepoint.com/,J1772,,,,,,False,,65307363,-122.4046141,37.7935779,33.97458687320192
ELEC,RINCON CENTER RINCON 3,121 Spear St,San Francisco,CA,94105,,US,GPS,37.79186,-122.39286,2020-05-13,2024-07-09,156224.0,2024-07-09 01:12:25 UTC,,E,,Public,24 hours daily,0.0,2.0,0.0,,ChargePoint Network,http://www.chargepoint.com/,J1772,,,,,,False,,65303495,-122.3925074,37.7912945,70.09972456086157
ELEC,STANFORD CAM 3 LL1,453 Quarry Rd,Palo Alto,CA,94304,,US,GPS,37.437388,-122.171752,2021-03-23,2024-07-09,186522.0,2024-07-09 01:17:46 UTC,,E,,Public,24 hours daily,0.0,2.0,0.0,,ChargePoint Network,http://www.chargepoint.com/,J1772,,,,,,False,,847439828,-122.171775,37.4378472,51.101146605386006
ELEC,EV FIRST FLOOR,2580 El Camino Real,Redwood City,CA,94061,,US,GPS,37.472028,-122.217417,2021-03-25,2024-07-09,186557.0,2024-07-09 00:28:41 UTC,,E,,Public,24 hours daily,0.0,2.0,0.0,,ChargePoint Network,http://www.chargepoint.com/,J1772,,,,,,False,,65390006,-122.2185229,37.4720054,97.6280689753307
ELEC,EV SECOND FLOOR,2580 El Camino Real,Redwood City,CA,94061,,US,GPS,37.472028,-122.21746,2021-03-25,2024-07-09,186558.0,2024-07-09 00:32:35 UTC,,E,,Public,24 hours daily,0.0,2.0,0.0,,ChargePoint Network,http://www.chargepoint.com/,J1772,,,,,,False,,65390006,-122.2185229,37.4720054,93.83462542240242
ELEC,DOUGLAS PARKING STATION 2,1717 Webster St,Oakland,CA,94612,,US,GPS,37.806087,-122.267307,2021-04-02,2024-07-09,186808.0,2024-07-09 01:17:19 UTC,,E,,Public,24 hours daily,0.0,2.0,0.0,,ChargePoint Network,http://www.chargepoint.com/,J1772,,,,,,False,,246806704,-122.2673498,37.8057097,42.12207256868916
ELEC,DOUGLAS PARKING STATION 3,1717 Webster St,Oakland,CA,94612,,US,GPS,37.806121,-122.267317,2021-04-02,2024-07-09,186809.0,2024-07-09 01:17:19 UTC,,E,,Public,24 hours daily,0.0,2.0,0.0,,ChargePoint Network,http://www.chargepoint.com/,J1772,,,,,,False,,246806704,-122.2673498,37.8057097,45.825229983340876
ELEC,DOUGLAS PARKING STATION 4,1717 Webster St,Oakland,CA,94612,,US,GPS,37.806095,-122.26735,2021-04-02,2024-07-09,186810.0,2024-07-09 01:17:19 UTC,,E,,Public,24 hours daily,0.0,2.0,0.0,,ChargePoint Network,http://www.chargepoint.com/,J1772,,,,,,False,,246806704,-122.2673498,37.8057097,42.843469361496794
ELEC,DOUGLAS PARKING STATION 5,1717 Webster St,Oakland,CA,94612,,US,GPS,37.806087,-122.267285,2021-04-02,2024-07-09,186811.0,2024-07-09 01:17:19 UTC,,E,,Public,24 hours daily,0.0,2.0,0.0,,ChargePoint Network,http://www.chargepoint.com/,J1772,,,,,,False,,246806704,-122.2673498,37.8057097,42.33839814004121
ELEC,DOUGLAS PARKING STATION 1,1717 Webster St,Oakland,CA,94612,,US,GPS,37.806089,-122.267293,2021-04-02,2024-07-09,186814.0,2024-07-09 01:20:41 UTC,,E,,Public,24 hours daily,0.0,2.0,0.0,,ChargePoint Network,http://www.chargepoint.com/,J1772,,,,,,False,,246806704,-122.2673498,37.8057097,42.47047493741644
ELEC,SANTA CLARA DON-TRITON,1484 Don Ave,Santa Clara,CA,95050,,US,GPS,37.357502,-121.95525,2021-04-02,2024-07-09,186841.0,2024-07-09 01:23:18 UTC,,E,,Public,24 hours daily,0.0,2.0,0.0,,ChargePoint Network,http://www.chargepoint.com/,J1772,,,,,,False,,65572027,-121.9544649,37.3579046,82.57843794498288
ELEC,SANTA CLARA DON-TRITON 4,1484 Don Ave,Santa Clara,CA,95050,,US,GPS,37.357494,-121.955124,2021-04-02,2024-07-09,186842.0,2024-07-09 01:23:18 UTC,,E,,Public,24 hours daily,0.0,2.0,0.0,,ChargePoint Network,http://www.chargepoint.com/,J1772,,,,,,False,,65572027,-121.9544649,37.3579046,74.01428876720539
ELEC,SANTA CLARA DON-TRITON 3,1484 Don Ave,Santa Clara,CA,95050,,US,GPS,37.357506,-121.95511,2021-04-02,2024-07-09,186843.0,2024-07-09 01:23:18 UTC,,E,,Public,24 hours daily,0.0,1.0,0.0,,ChargePoint Network,http://www.chargepoint.com/,J1772,,,,,,False,,65572027,-121.9544649,37.3579046,72.21783798582354
ELEC,SANTA CLARA DON-TRITON HC,1484 Don Ave,Santa Clara,CA,95050,,US,GPS,37.3575,-121.95518,2021-04-02,2024-07-09,186844.0,2024-07-09 01:23:19 UTC,,E,,Public,24 hours daily,0.0,1.0,0.0,,ChargePoint Network,http://www.chargepoint.com/,J1772,,,,,,False,,65572027,-121.9544649,37.3579046,77.58094408868236
ELEC,SANTA CLARA MARSALLI PARK 2,1425 Lafayette St,Santa Clara,CA,95050,,US,GPS,37.35445,-121.94542,2021-04-02,2024-07-09,186845.0,2024-07-09 01:23:19 UTC,,E,,Public,24 hours daily,0.0,2.0,0.0,,ChargePoint Network,http://www.chargepoint.com/,J1772,,,,,,False,,1953986041,-121.9457396,37.354346,30.524430304152368
ELEC,SANTA CLARA MARSALLI PARK,1425 Lafayette St,Santa Clara,CA,95050,,US,GPS,37.35438,-121.94538,2021-04-02,2024-07-09,186846.0,2024-07-09 01:23:19 UTC,,E,,Public,24 hours daily,0.0,1.0,0.0,,ChargePoint Network,http://www.chargepoint.com/,J1772,,,,,,False,,1953986041,-121.9457396,37.354346,32.008655290026
ELEC,SANTA CLARA MARSALLI PARK 3,1425 Lafayette St,Santa Clara,CA,95050,,US,GPS,37.354397,-121.945465,2021-04-02,2024-07-09,186847.0,2024-07-09 01:23:19 UTC,,E,,Public,24 hours daily,0.0,2.0,0.0,,ChargePoint Network,http://www.chargepoint.com/,J1772,,,,,,False,,1953986041,-121.9457396,37.354346,24.925246845273314
ELEC,SANTA CLARA MISSION LIB 2,1098 Lexington St,Santa Clara,CA,95050,,US,GPS,37.347333,-121.944771,2021-04-02,2024-07-09,186848.0,2024-07-09 01:23:20 UTC,,E,,Public,24 hours daily,0.0,2.0,0.0,,ChargePoint Network,http://www.chargepoint.com/,J1772,,,,,,False,,65557004,-121.9452096,37.3473063,38.884457203924526
ELEC,SANTA CLARA MISSION LIB 1,1098 Lexington st,Santa Clara,CA,95050,,US,GPS,37.347885,-121.94432,2021-04-02,2024-07-09,186849.0,2024-07-09 01:23:20 UTC,,E,,Public,24 hours daily,0.0,1.0,0.0,,ChargePoint Network,http://www.chargepoint.com/,J1772,,,,,,False,,65460281,-121.9442091,37.3476634,26.519290374912437
ELEC,SANTA CLARA UTILITY YARD,1715 Martin Ave,Santa Clara,CA,95050,,US,GPS,37.366425,-121.957214,2021-04-02,2024-07-09,186850.0,2024-07-09 01:23:21 UTC,,E,,Public,24 hours daily,0.0,2.0,0.0,,ChargePoint Network,http://www.chargepoint.com/,J1772,,,,,,False,,65519498,-121.9581588,37.3662543,85.62665459497548
ELEC,Streets of Brentwood - Tesla Supercharger,2455 Sand Creek Road,Brentwood,CA,94513,,US,GPS,37.946857,-121.739623,2021-03-29,2023-07-01,186875.0,2023-07-14 19:41:28 UTC,P,E,,Public,24 hours daily,0.0,0.0,16.0,,Tesla,https://www.tesla.com/supercharger,TESLA,SHOPPING_MALL,,,,,False,,3590579742,-121.7407147,37.9471385,100.7146689179549
ELEC,SANTA CLARA CRC 1,969 Kiely Blvd,Santa Clara,CA,95051,,US,GPS,37.343671,-121.976621,2021-04-03,2024-07-09,187020.0,2024-07-09 01:23:20 UTC,,E,,Public,24 hours daily,0.0,2.0,0.0,,ChargePoint Network,http://www.chargepoint.com/,J1772,,,,,,False,,4213230636,-121.9776197,37.342176,188.22665421796307
ELEC,SANTA CLARA CRC 2,969 Kiely Blvd,Santa Clara,CA,95051,,US,GPS,37.343437,-121.97661,2021-04-03,2024-07-09,187021.0,2024-07-09 01:23:20 UTC,,E,,Public,24 hours daily,0.0,2.0,0.0,,ChargePoint Network,http://www.chargepoint.com/,J1772,,,,,,False,,4213230636,-121.9776197,37.342176,166.21712514786392
ELEC,SANTA CLARA CRC 3,969 Kiely Blvd,Santa Clara,CA,95051,,US,GPS,37.343662,-121.9766,2021-04-03,2024-07-09,187022.0,2024-07-09 01:23:21 UTC,,E,,Public,24 hours daily,0.0,1.0,0.0,,ChargePoint Network,http://www.chargepoint.com/,J1772,,,,,,False,,4213230636,-121.9776197,37.342176,188.22539438582118
ELEC,UNITED AIRLINES SFO EV 3,800 South Airport Blvd,San Francisco,CA,94128,,US,GPS,37.632014,-122.395438,2021-04-08,2024-07-09,187145.0,2024-07-09 01:22:31 UTC,,E,,Public,24 hours daily,0.0,2.0,0.0,,ChargePoint Network,http://www.chargepoint.com/,J1772,,,,,,False,,2263587584,-122.3977943,37.6327747,224.07507448059695
ELEC,Cherry Chase Center - Tesla Supercharger,639 S Bernardo Ave,Sunnyvale,CA,94087,,US,GPS,37.372459,-122.05705,2021-04-05,2023-07-01,187279.0,2023-07-14 19:41:28 UTC,P,E,,Public,24 hours daily,0.0,0.0,16.0,,Tesla,https://www.tesla.com/supercharger,TESLA,SHOPPING_CENTER,,,,,False,,65557444,-122.0568699,37.3722073,32.19634267571076
ELEC,HUDSON 333 TWIN STATION 1,333 Twin Dolphin Dr,Redwood City,CA,94065,,US,GPS,37.522498,-122.257567,2021-04-14,2024-07-09,187588.0,2024-07-09 00:39:54 UTC,,E,,Public,24 hours daily,0.0,2.0,0.0,,ChargePoint Network,http://www.chargepoint.com/,J1772,,,,,,False,,5577324571,-122.260637,37.5224802,270.7518082776772
ELEC,"Simon Napa Premium Outlets (Napa, Ca)",629 FACTORY STORES DRIVE,Napa,CA,94558,,US,GPS,38.29656,-122.30303,2021-04-14,2024-07-09,187616.0,2024-07-09 02:36:35 UTC,,E,,Public,24 hours daily,0.0,0.0,4.0,,Electrify America,https://www.electrifyamerica.com/,CHADEMO J1772COMBO,,,,,,False,,1017147285,-122.3019687,38.2968869,99.49447721598587
ELEC,VALLEY WATER STATION 01,Almaden & Via Monte,San Jose,CA,95123,,US,GPS,37.247036,-121.874325,2021-04-15,2024-07-09,187625.0,2024-07-09 00:51:03 UTC,,E,,Public,Mon 5:00am - 11:00pm; Tue 5:00am - 11:00pm; Wed 5:00am - 11:00pm; Thu 5:00am - 11:00pm; Fri 5:00am - 11:00pm; Sat 5:00am - 11:00pm; Sun 5:00am - 11:00pm,0.0,2.0,0.0,,ChargePoint Network,http://www.chargepoint.com/,J1772,,,,,,False,,1149891870,-121.8749932,37.2470486,59.162304036419776
ELEC,VALLEY WATER STATION 04,5741-5743 Almaden Rd,San Jose,CA,95118,,US,GPS,37.247171,-121.874445,2021-04-15,2024-07-09,187626.0,2024-07-09 00:51:06 UTC,,E,,Public,Mon 5:00am - 11:00pm; Tue 5:00am - 11:00pm; Wed 5:00am - 11:00pm; Thu 5:00am - 11:00pm; Fri 5:00am - 11:00pm; Sat 5:00am - 11:00pm; Sun 5:00am - 11:00pm,0.0,2.0,0.0,,ChargePoint Network,http://www.chargepoint.com/,J1772,,,,,,False,,1149891870,-121.8749932,37.2470486,50.39648487991524
ELEC,VALLEY WATER STATION 03,5741-5743 Almaden Rd,San Jose,CA,95118,,US,GPS,37.24718,-121.874342,2021-04-15,2024-07-09,187627.0,2024-07-09 00:51:06 UTC,,E,,Public,Mon 5:00am - 11:00pm; Tue 5:00am - 11:00pm; Wed 5:00am - 11:00pm; Thu 5:00am - 11:00pm; Fri 5:00am - 11:00pm; Sat 5:00am - 11:00pm; Sun 5:00am - 11:00pm,0.0,2.0,0.0,,ChargePoint Network,http://www.chargepoint.com/,J1772,,,,,,False,,1149891870,-121.8749932,37.2470486,59.463904418208735
ELEC,Friendship Plaza in Millbrae,45 Murchison Drive,Millbrae,CA,94030,,US,GPS,37.596385,-122.38728,2021-04-12,2024-06-23,187718.0,2024-06-23 03:17:26 UTC,,E,,Public,Mon 5:00am - 10:59pm; Tue 5:00am - 10:59pm; Wed 5:00am - 10:59pm; Thu 5:00am - 10:59pm; Fri 5:00am - 10:59pm; Sat 5:00am - 10:59pm; Sun 5:00am - 10:59pm,0.0,2.0,0.0,,Volta,https://voltacharging.com/,J1772,,,,False,,False,,65391467,-122.3871754,37.595644,82.9093206694671
ELEC,Northgate One,270 Northgate Drive,San Rafael,CA,94903,,US,GPS,38.008382333,-122.547532,2021-04-12,2024-06-23,187719.0,2024-06-23 03:16:45 UTC,,E,,Public,Mon 5:00am - 10:59pm; Tue 5:00am - 10:59pm; Wed 5:00am - 10:59pm; Thu 5:00am - 10:59pm; Fri 5:00am - 10:59pm; Sat 5:00am - 10:59pm; Sun 5:00am - 10:59pm,0.0,3.0,0.0,,Volta,https://voltacharging.com/,J1772,,,,False,,False,,318278778,-122.5485891,38.0076892,120.49056155874615
ELEC,"Save Mart FoodMaxx 462 (Newark, CA)",39966 Cedar Blvd,Newark,CA,94560,,US,GPS,37.51923,-121.99236,2021-04-23,2024-07-09,187908.0,2024-07-09 02:37:29 UTC,,E,,Public,24 hours daily,0.0,0.0,4.0,,Electrify America,https://www.electrifyamerica.com/,CHADEMO J1772COMBO,,,,,,False,,3958776965,-121.9918662,37.5183314,108.99835259376432
ELEC,Walmart 2280 Mountain View,600 Showers Drive,Mountain View,CA,94040,,US,GPS,37.40098,-122.10866,2021-04-27,2024-07-09,188023.0,2024-07-09 02:38:32 UTC,,E,,Public,24 hours daily,0.0,0.0,6.0,,Electrify America,https://www.electrifyamerica.com/,CHADEMO J1772COMBO,,,,,,False,,65534211,-122.1086906,37.4005701,45.658944925536375
ELEC,Richmond Bayview Library,5100 Hartnett Ave,Richmond,CA,94804,,US,GPS,37.915277,-122.3233809,2021-04-27,2024-07-09,188035.0,2024-07-09 00:18:16 UTC,,E,,Public,24 hours daily,0.0,2.0,0.0,,Blink Network,http://www.blinkcharging.com/,J1772,,Free,,,,False,,6393398412,-122.3230279,37.9149984,43.80215500863358
ELEC,VALLEY WATER STATION 5,5750 Almaden Expy,San Jose,CA,95123,,US,GPS,37.246074,-121.873457,2021-04-29,2024-07-09,188092.0,2024-07-09 01:00:33 UTC,,E,,Public,24 hours daily,0.0,1.0,0.0,,ChargePoint Network,http://www.chargepoint.com/,J1772,,,,,,False,,4549970204,-121.8745031,37.2459241,94.08504411143038
ELEC,521423_St Marys Cathedral,1111 Gough St,San Francisco,CA,94014,,US,GPS,37.784189,-122.424892,2021-04-29,2024-07-09,188114.0,2024-07-09 02:29:19 UTC,,E,,Public,24 hours daily,0.0,9.0,0.0,,SHELL_RECHARGE,https://www.shell.us/motorist/electric-vehicle-charging.html,J1772,,,,,,False,,65329103,-122.4243124,37.7834094,100.5444737823728
ELEC,SMCCD CAN LOT 6_2,Campus Cir,Redwood City,CA,94061,,US,GPS,37.446205,-122.26554,2021-04-30,2024-07-09,188158.0,2024-07-09 01:23:20 UTC,,E,,Public,24 hours daily,0.0,2.0,0.0,,ChargePoint Network,http://www.chargepoint.com/,J1772,,,,,,False,,306082361,-122.265385,37.4466239,48.54788968339754
ELEC,SMCCD CAN LOT 6_3,CPWM+FR,Woodside,CA,94061,,US,GPS,37.44621,-122.26548,2021-04-30,2024-07-09,188159.0,2024-07-09 01:23:20 UTC,,E,,Public,24 hours daily,0.0,2.0,0.0,,ChargePoint Network,http://www.chargepoint.com/,J1772,,,,,,False,,306082361,-122.265385,37.4466239,46.78152822379515
ELEC,SMCCD CAN LOT 6_4,Campus Cir,Redwood City,CA,94061,,US,GPS,37.446217,-122.26542,2021-04-30,2024-07-09,188160.0,2024-07-09 01:23:21 UTC,,E,,Public,24 hours daily,0.0,2.0,0.0,,ChargePoint Network,http://www.chargepoint.com/,J1772,,,,,,False,,306082361,-122.265385,37.4466239,45.350658671990736
ELEC,SMCCD CAN LOT 6_5,The Loop Rd,Redwood City,CA,94061,,US,GPS,37.446217,-122.26536,2021-04-30,2024-07-09,188162.0,2024-07-09 01:23:22 UTC,,E,,Public,24 hours daily,0.0,2.0,0.0,,ChargePoint Network,http://www.chargepoint.com/,J1772,,,,,,False,,306082361,-122.265385,37.4466239,45.29907504686891
ELEC,SMCCD CAN LOT 6_6,The Loop Rd,Redwood City,CA,94061,,US,GPS,37.44622,-122.26531,2021-04-30,2024-07-09,188163.0,2024-07-09 01:23:22 UTC,,E,,Public,24 hours daily,0.0,2.0,0.0,,ChargePoint Network,http://www.chargepoint.com/,J1772,,,,,,False,,306082361,-122.265385,37.4466239,45.39711639724138
ELEC,431408  Avalon Ocean Avenue,1200 Ocean Avenue,SF,CA,94112,,US,GPS,37.7239842,-122.4556294,2019-03-28,2024-07-09,189100.0,2024-07-09 00:10:55 UTC,,E,,Public,24 hours daily,0.0,7.0,0.0,,Blink Network,http://www.blinkcharging.com/,J1772,,$0.25/kWh Energy Fee,,,,False,,6358814109,-122.455538,37.7237484,27.42444565324475
ELEC,UDR HDR 1,1001 Cresta Way,San Rafael,CA,94903,,US,GPS,38.022729,-122.534119,2021-05-04,2024-07-09,189140.0,2024-07-09 01:21:59 UTC,,E,,Public,24 hours daily,0.0,2.0,0.0,,ChargePoint Network,http://www.chargepoint.com/,J1772,,,,,,False,,10280706913,-122.534143,38.022353,41.862173276744485
ELEC,EVCharge4U Main Office,1805 Martin Luther King Jr Way,Berkeley,CA,94709,,US,200-8,37.874052,-122.27309,2021-04-06,2023-08-10,189283.0,2024-01-31 22:07:01 UTC,P,E,,Public,24 hours daily,0.0,2.0,0.0,,AMPUP,https://ampup.io/,J1772,OFFICE_BLDG,,NONE,False,,False,,53093345,-122.2733218,37.8742086,26.78002213925967
ELEC,SMCCD CAN LOT 6_1,Campus Cir,Redwood City,CA,94061,,US,GPS,37.446243,-122.26572,2021-05-06,2024-07-09,189292.0,2024-07-09 01:23:19 UTC,,E,,Public,24 hours daily,0.0,2.0,0.0,,ChargePoint Network,http://www.chargepoint.com/,J1772,,,,,,False,,306082361,-122.265385,37.4466239,51.65746069311651
ELEC,META MPK17-09,1 Hacker Way Building 17,Menlo Park,CA,94025,,US,GPS,37.484788,-122.146402,2021-05-08,2024-07-09,189366.0,2024-07-09 00:27:59 UTC,,E,,Public,24 hours daily,0.0,2.0,0.0,,ChargePoint Network,http://www.chargepoint.com/,J1772,,,,,,False,,339943486,-122.1458084,37.4842966,75.68989156526976
ELEC,FAIRFIELD SEBAS FIS 1,1101 Gravenstein Hwy S,Sebastopol,CA,95472,,US,GPS,38.388878,-122.813729,2021-05-11,2024-07-09,189462.0,2024-07-09 01:24:02 UTC,,E,,Public,24 hours daily,0.0,2.0,0.0,,ChargePoint Network,http://www.chargepoint.com/,J1772,,,,,,False,,4931086043,-122.8134504,38.3891238,36.55988675033317
ELEC,FAIRFIELD SEBAS STATION 2,1101 Gravenstein Highway S,Sebastopol,CA,95472,,US,GPS,38.388938,-122.81377,2021-05-11,2024-07-09,189463.0,2024-07-09 01:24:02 UTC,,E,,Public,24 hours daily,0.0,2.0,0.0,,ChargePoint Network,http://www.chargepoint.com/,J1772,,,,,,False,,4931086043,-122.8134504,38.3891238,34.68058822135952
ELEC,MARKET PARK STATION 1,1411 Berryessa Rd,San Jose,CA,95133,,US,GPS,37.368876,-121.881024,2021-05-11,2024-07-09,189478.0,2024-07-09 01:24:39 UTC,,E,,Public,24 hours daily,0.0,2.0,0.0,,ChargePoint Network,http://www.chargepoint.com/,J1772,,,,,,False,,312716807,-121.8804478,37.3684447,69.94890047429695
ELEC,MARKET PARK STATION 2,1411 Berryessa Rd,San Jose,CA,95133,,US,GPS,37.368909,-121.881108,2021-05-11,2024-07-09,189479.0,2024-07-09 01:24:40 UTC,,E,,Public,24 hours daily,0.0,1.0,0.0,,ChargePoint Network,http://www.chargepoint.com/,J1772,,,,,,False,,312716807,-121.8804478,37.3684447,77.90609123894971
ELEC,MARKET PARK STATION 3,1411 Berryessa Rd,San Jose,CA,95133,,US,GPS,37.368936,-121.881198,2021-05-11,2024-07-09,189480.0,2024-07-09 01:24:40 UTC,,E,,Public,24 hours daily,0.0,1.0,0.0,,ChargePoint Network,http://www.chargepoint.com/,J1772,,,,,,False,,312716807,-121.8804478,37.3684447,85.90512857370075
ELEC,MARKET PARK STATION 4,1455 Berryessa Rd,San Jose,CA,95133,,US,GPS,37.36907,-121.880404,2021-05-11,2024-07-09,189481.0,2024-07-09 01:24:40 UTC,,E,,Public,24 hours daily,0.0,2.0,0.0,,ChargePoint Network,http://www.chargepoint.com/,J1772,,,,,,False,,312716807,-121.8804478,37.3684447,69.63794121584537
ELEC,MARKET PARK STATION 5,1455 Berryessa Rd,San Jose,CA,95133,,US,GPS,37.369094,-121.880466,2021-05-11,2024-07-09,189482.0,2024-07-09 01:24:40 UTC,,E,,Public,24 hours daily,0.0,2.0,0.0,,ChargePoint Network,http://www.chargepoint.com/,J1772,,,,,,False,,312716807,-121.8804478,37.3684447,72.21688032545478
ELEC,MARKET PARK STATION 6,1455 Berryessa Rd,San Jose,CA,95133,,US,GPS,37.369119,-121.880522,2021-05-11,2024-07-09,189483.0,2024-07-09 01:24:40 UTC,,E,,Public,24 hours daily,0.0,2.0,0.0,,ChargePoint Network,http://www.chargepoint.com/,J1772,,,,,,False,,312716807,-121.8804478,37.3684447,75.26502431626602
ELEC,MARKET PARK STATION 7,1455 Berryessa Rd,San Jose,CA,95133,,US,GPS,37.369147,-121.880592,2021-05-11,2024-07-09,189484.0,2024-07-09 01:24:40 UTC,,E,,Public,24 hours daily,0.0,1.0,0.0,,ChargePoint Network,http://www.chargepoint.com/,J1772,,,,,,False,,312716807,-121.8804478,37.3684447,79.12520355064314
ELEC,MARKET PARK STATION 10,1455 Berryessa Rd,San Jose,CA,95133,,US,GPS,37.369025,-121.880643,2021-05-11,2024-07-09,189487.0,2024-07-09 01:24:41 UTC,,E,,Public,24 hours daily,0.0,2.0,0.0,,ChargePoint Network,http://www.chargepoint.com/,J1772,,,,,,False,,312716807,-121.8804478,37.3684447,66.7925066248891
ELEC,MARKET PARK STATION 11,1455 Berryessa Rd,San Jose,CA,95133,,US,GPS,37.369,-121.880586,2021-05-11,2024-07-09,189488.0,2024-07-09 01:24:41 UTC,,E,,Public,24 hours daily,0.0,2.0,0.0,,ChargePoint Network,http://www.chargepoint.com/,J1772,,,,,,False,,312716807,-121.8804478,37.3684447,62.94285861508933
ELEC,MARKET PARK STATION 12,1477 Berryessa Rd,San Jose,CA,95133,,US,GPS,37.369296,-121.880603,2021-05-11,2024-07-09,189489.0,2024-07-09 01:24:41 UTC,,E,,Public,24 hours daily,0.0,2.0,0.0,,ChargePoint Network,http://www.chargepoint.com/,J1772,,,,,,False,,6549047920,-121.8802781,37.3700901,92.85069383072009
ELEC,MARKET PARK STATION 13,1477 Berryessa Rd,San Jose,CA,95133,,US,GPS,37.369328,-121.880675,2021-05-11,2024-07-09,189490.0,2024-07-09 01:24:41 UTC,,E,,Public,24 hours daily,0.0,2.0,0.0,,ChargePoint Network,http://www.chargepoint.com/,J1772,,,,,,False,,6549047920,-121.8802781,37.3700901,91.71355754838795
ELEC,GRAHAM STATION 4,1455 McCandless Dr,Milpitas,CA,95035,,US,GPS,37.410442,-121.90052,2021-05-11,2024-07-09,189493.0,2024-07-09 01:24:48 UTC,,E,,Public,24 hours daily,0.0,1.0,0.0,,ChargePoint Network,http://www.chargepoint.com/,J1772,,,,,,False,,65488602,-121.8997505,37.4101426,75.68031715788999
ELEC,GRAHAM STATION 3,1455 McCandless Dr,Milpitas,CA,95035,,US,GPS,37.41063,-121.900536,2021-05-11,2024-07-09,189494.0,2024-07-09 01:24:48 UTC,,E,,Public,24 hours daily,0.0,2.0,0.0,,ChargePoint Network,http://www.chargepoint.com/,J1772,,,,,,False,,65488602,-121.8997505,37.4101426,88.03692297534378
ELEC,GRAHAM STATION 2,1475 McCandless Dr,Milpitas,CA,95035,,US,GPS,37.41065,-121.90054,2021-05-11,2024-07-09,189495.0,2024-07-09 01:24:48 UTC,,E,,Public,24 hours daily,0.0,2.0,0.0,,ChargePoint Network,http://www.chargepoint.com/,J1772,,,,,,False,,65488602,-121.8997505,37.4101426,89.69752102243064
ELEC,CITY OF NAPA MAIN & PEARL,1181-1199 Main St,Napa,CA,94559,,US,GPS,38.300431,-122.28665,2021-05-12,2024-07-09,189550.0,2024-07-09 00:32:20 UTC,,E,,Public,24 hours daily,0.0,2.0,0.0,,ChargePoint Network,http://www.chargepoint.com/,J1772,,,,,,False,,55949954,-122.2866242,38.300595,18.374443222376016
ELEC,STANFORD CD GATEWAY #3,742 Campus Dr,Stanford,CA,94305,,US,GPS,37.426249,-122.160321,2021-05-12,2024-07-09,189551.0,2024-07-09 01:14:55 UTC,,E,,Public,24 hours daily,0.0,2.0,0.0,,ChargePoint Network,http://www.chargepoint.com/,J1772,,,,,,False,,5852624893,-122.1595915,37.4266528,78.52192544379342
ELEC,GRAHAM STATION 5,1455 McCandless Dr,Milpitas,CA,95035,,US,GPS,37.41057,-121.90012,2021-05-12,2024-07-09,189575.0,2024-07-09 01:24:01 UTC,,E,,Public,24 hours daily,0.0,2.0,0.0,,ChargePoint Network,http://www.chargepoint.com/,J1772,,,,,,False,,65488602,-121.8997505,37.4101426,57.65124055829593
ELEC,GRAHAM STATION 6,1455 McCandless Dr,Milpitas,CA,95035,,US,GPS,37.410515,-121.90012,2021-05-12,2024-07-09,189576.0,2024-07-09 01:24:01 UTC,,E,,Public,24 hours daily,0.0,2.0,0.0,,ChargePoint Network,http://www.chargepoint.com/,J1772,,,,,,False,,65488602,-121.8997505,37.4101426,52.72353435864297
ELEC,GRAHAM STATION 8,1455 McCandless Dr,Milpitas,CA,95035,,US,GPS,37.41041,-121.900116,2021-05-12,2024-07-09,189577.0,2024-07-09 01:24:02 UTC,,E,,Public,24 hours daily,0.0,2.0,0.0,,ChargePoint Network,http://www.chargepoint.com/,J1772,,,,,,False,,65488602,-121.8997505,37.4101426,43.88864755859525
ELEC,GRAHAM STATION 7,1455 McCandless Dr,Milpitas,CA,95035,,US,GPS,37.410477,-121.900116,2021-05-12,2024-07-09,189578.0,2024-07-09 01:24:03 UTC,,E,,Public,24 hours daily,0.0,1.0,0.0,,ChargePoint Network,http://www.chargepoint.com/,J1772,,,,,,False,,65488602,-121.8997505,37.4101426,49.241753906065384
ELEC,GRAHAM STATION 1,1455 McCandless Dr,Milpitas,CA,95035,,US,GPS,37.4107,-121.90055,2021-05-12,2024-07-09,189584.0,2024-07-09 01:24:48 UTC,,E,,Public,24 hours daily,0.0,2.0,0.0,,ChargePoint Network,http://www.chargepoint.com/,J1772,,,,,,False,,65488602,-121.8997505,37.4101426,93.9567782501529
ELEC,CBRE 180 KIMBALL 2,180 Kimball Way,South San Francisco,CA,94080,,US,GPS,37.65074,-122.393216,2021-05-16,2024-07-09,189750.0,2024-07-09 00:48:48 UTC,,E,,Public,Mon 6:00pm - 12:00am; Tue 6:00pm - 12:00am; Wed 6:00pm - 12:00am; Thu 6:00pm - 12:00am; Fri 6:00pm - 12:00am; Sat 12:00am - 12:00am; Sun 12:00am - 12:00am,0.0,2.0,0.0,,ChargePoint Network,http://www.chargepoint.com/,J1772,,,,,,False,,65389245,-122.3924359,37.6517951,135.94543558891112
ELEC,City of American Canyon,4381 Broadway,American Canyon,CA,94503,,US,200-9,38.184195,-122.255879,2021-01-29,2023-01-10,189892.0,2023-02-14 15:54:11 UTC,LG,E,,Public,24 hours daily,0.0,4.0,0.0,,EV Connect,http://evconnect.com/,J1772,MUNI_GOV,Free,,False,LD,False,,55964707,-122.255425,38.1848938,87.24859400828396
ELEC,Santana Row - Santana Heights Garage,377 Santana Row,San Jose,CA,95128,,US,GPS,37.319885,-121.948535,2019-11-27,2024-07-09,189907.0,2024-07-09 00:12:13 UTC,,E,,Public,24 hours daily,0.0,4.0,0.0,,Blink Network,http://www.blinkcharging.com/,J1772,,Free,,,,False,,2109779416,-121.9487938,37.3192135,78.09601057106315
ELEC,IRVINE COMPANY STA CLRA SQ 1,2732 Augustine Dr,Santa Clara,CA,95054,,US,GPS,37.3814,-121.976006,2021-05-21,2024-07-09,189961.0,2024-07-09 01:25:19 UTC,,E,,Public,24 hours daily,0.0,1.0,0.0,,ChargePoint Network,http://www.chargepoint.com/,J1772,,,,,,False,,65667020,-121.974645,37.3823427,159.5267228461449
ELEC,IRVINE COMPANY STA CLRA SQ 02,2772 Augustine Dr,Santa Clara,CA,95054,,US,GPS,37.381366,-121.97601,2021-05-21,2024-07-09,189962.0,2024-07-09 01:25:19 UTC,,E,,Public,24 hours daily,0.0,1.0,0.0,,ChargePoint Network,http://www.chargepoint.com/,J1772,,,,,,False,,65667020,-121.974645,37.3823427,162.29849067413076
ELEC,CHARGEPOINT 242-06-DC-250,242 E Hacienda Ave,Campbell,CA,95008,,US,GPS,37.266622,-121.956494,2021-05-28,2024-07-09,190287.0,2024-07-09 01:03:41 UTC,,E,,Public,24 hours daily,0.0,0.0,1.0,,ChargePoint Network,http://www.chargepoint.com/,CHADEMO J1772COMBO,,,,,,False,,65613603,-121.9570661,37.2654181,143.1210566195826
ELEC,BOA CA3-116 Los Gatos,333 N Santa Cruz Ave,Los Gatos,CA,95030,,US,GPS,37.22793,-121.98187,2021-05-30,2024-07-09,190427.0,2024-07-09 02:37:06 UTC,,E,,Public,24 hours daily,0.0,1.0,4.0,,Electrify America,https://www.electrifyamerica.com/,CHADEMO J1772 J1772COMBO,,,,,,False,,517276183,-121.9814561,37.2278789,37.08355253523993
ELEC,Vacaville MOB,1 Quality Dr,Vacaville,CA,95688,,US,GPS,38.38874,-121.938,2021-05-30,2024-07-09,190442.0,2024-07-09 02:36:00 UTC,,E,,Public,24 hours daily,0.0,2.0,0.0,,Electrify America,https://www.electrifyamerica.com/,J1772,,,,,,False,,476524520,-121.936806,38.39011,184.48825260055924
ELEC,City Center - Tesla Supercharger,2675 Geary Blvd,San Francisco,CA,94118,,US,GPS,37.782076,-122.447026,2021-05-23,2023-07-01,190475.0,2023-07-14 19:41:28 UTC,P,E,,Public,6am-12am daily,0.0,0.0,34.0,,Tesla,https://www.tesla.com/supercharger,TESLA,SHOPPING_CENTER,,,,,False,,342573716,-122.4473803,37.7822368,35.90543836066233
ELEC,Century at Pacific Commons,43917 Pacific Commons Blvd,Fremont,CA,94538,,US,GPS,37.5003065,-121.970846167,2021-05-23,2024-06-23,190522.0,2024-06-23 03:19:29 UTC,,E,,Public,Mon 5:00am - 10:59pm; Tue 5:00am - 10:59pm; Wed 5:00am - 10:59pm; Thu 5:00am - 10:59pm; Fri 5:00am - 10:59pm; Sat 5:00am - 10:59pm; Sun 5:00am - 10:59pm,0.0,12.0,0.0,,Volta,https://voltacharging.com/,J1772,,,,False,,False,,1316803281,-121.9719648,37.4998569,110.62338428083173
ELEC,LOAVES &AMP; FI STATION 1,1500 Berger Dr,San Jose,CA,95112,,US,GPS,37.371009,-121.897254,2021-06-02,2024-07-09,190661.0,2024-07-09 01:25:34 UTC,,E,,Public,24 hours daily,0.0,2.0,0.0,,ChargePoint Network,http://www.chargepoint.com/,J1772,,,,,,False,,65572413,-121.8961739,37.370313,122.88125651395457
ELEC,SIMON STANFORD CTR1,669 Stanford Shopping Center,Palo Alto,CA,94304,,US,GPS,37.442525,-122.170283,2021-06-03,2024-07-09,190699.0,2024-07-09 00:56:53 UTC,,E,,Public,24 hours daily,0.0,1.0,0.0,,ChargePoint Network,http://www.chargepoint.com/,J1772,,,,,,False,,2172124248,-122.1689607,37.4424886,116.8092302514953
ELEC,"BOA Almaden Valley CA3-163 (San Jose, CA)",6490 Camden Ave,San Jose,CA,95120,,US,GPS,37.22184,-121.86325,2021-06-04,2024-07-09,190734.0,2024-07-09 02:38:40 UTC,,E,,Public,24 hours daily,0.0,0.0,4.0,,Electrify America,https://www.electrifyamerica.com/,CHADEMO J1772COMBO,,,,,,False,,2474909301,-121.8632414,37.2222175,41.98305048542779
ELEC,Lunardi's Markets - Tesla Supercharger,2801 San Bruno Avenue,San Bruno,CA,94066,,US,GPS,37.618958,-122.440661,2021-06-01,2023-07-01,190811.0,2023-07-14 19:41:28 UTC,P,E,,Public,24 hours daily,0.0,0.0,12.0,,Tesla,https://www.tesla.com/supercharger,TESLA,SHOPPING_CENTER,,,,,False,,65475882,-122.4409959,37.618954,29.50009343606763
ELEC,ALAMEDA PUBLIC PARKING GARAGE2,1416 Oak St,Alameda,CA,94501,,US,GPS,37.765052,-122.24362,2021-06-11,2024-07-09,190886.0,2024-07-09 00:50:25 UTC,,E,,Public,24 hours daily,0.0,2.0,0.0,,ChargePoint Network,http://www.chargepoint.com/,J1772,,,,,,False,,53087261,-122.2441688,37.7647822,56.80879935770626
ELEC,THE COVE EV 171 OYSTER 2,171 Oyster Point Blvd,South San Francisco,CA,94080,,US,GPS,37.663384,-122.393794,2021-06-13,2024-07-09,190950.0,2024-07-09 00:37:03 UTC,,E,,Public,24 hours daily,0.0,1.0,0.0,,ChargePoint Network,http://www.chargepoint.com/,J1772,,,,,,False,,267292936,-122.3930152,37.6629044,86.85340543207802
ELEC,WALNUT CREEK BROADWAY 11-12,1390 N Broadway,Walnut Creek,CA,94596,,US,GPS,37.899286,-122.058931,2021-06-17,2024-07-09,191078.0,2024-07-09 01:26:07 UTC,,E,,Public,24 hours daily,0.0,2.0,0.0,,ChargePoint Network,http://www.chargepoint.com/,J1772,,,,,,False,,1718575430,-122.0584155,37.8990346,53.17286627404741
ELEC,WALNUT CREEK BROADWAY 9-10,1390 N Broadway,Walnut Creek,CA,94596,,US,GPS,37.899279,-122.05885,2021-06-17,2024-07-09,191079.0,2024-07-09 01:26:08 UTC,,E,,Public,24 hours daily,0.0,2.0,0.0,,ChargePoint Network,http://www.chargepoint.com/,J1772,,,,,,False,,1718575430,-122.0584155,37.8990346,46.818940531148066
ELEC,WALNUT CREEK BROADWAY 3-4,1390 N Broadway,Walnut Creek,CA,94596,,US,GPS,37.899364,-122.058731,2021-06-17,2024-07-09,191080.0,2024-07-09 01:26:08 UTC,,E,,Public,24 hours daily,0.0,2.0,0.0,,ChargePoint Network,http://www.chargepoint.com/,J1772,,,,,,False,,57851130,-122.0587387,37.8997586,43.882781266382175
ELEC,WALNUT CREEK BROADWAY 1-2,1390 N Broadway,Walnut Creek,CA,94596,,US,GPS,37.89929,-122.059075,2021-06-18,2024-07-09,191148.0,2024-07-09 01:26:07 UTC,,E,,Public,24 hours daily,0.0,2.0,0.0,,ChargePoint Network,http://www.chargepoint.com/,J1772,,,,,,False,,57851130,-122.0587387,37.8997586,59.881166143952775
ELEC,PUBLIC CHARGERS CENTRAL GRG 2,311 S Ellsworth Ave,San Mateo,CA,94401,,US,GPS,37.564784,-122.322503,2021-06-22,2024-07-09,191267.0,2024-07-09 00:35:16 UTC,,E,,Public,24 hours daily,0.0,2.0,0.0,,ChargePoint Network,http://www.chargepoint.com/,J1772,,,,,,False,,65412497,-122.3231631,37.5649837,62.27492519271891
ELEC,DC CORRIDOR FAIRFIELD DC2,2061 Cadenasso Dr,Fairfield,CA,94533,,US,GPS,38.247556,-122.068021,2021-06-22,2024-07-09,191283.0,2024-07-09 01:16:45 UTC,,E,,Public,24 hours daily,0.0,0.0,1.0,,ChargePoint Network,http://www.chargepoint.com/,CHADEMO J1772COMBO,,,,,,False,,62434111,-122.0662752,38.2475017,152.57386063710007
ELEC,CAL MARITIME CHARGER # 1,200 Maritime Academy Dr,Vallejo,CA,94590,,US,GPS,38.070092,-122.229859,2021-06-23,2024-07-09,191361.0,2024-07-09 01:15:33 UTC,,E,,Public,24 hours daily,0.0,1.0,0.0,,ChargePoint Network,http://www.chargepoint.com/,J1772,,,,,,False,,62469780,-122.23135,38.069708,137.3279597348
ELEC,CAL MARITIME CHARGER # 5 & 6,200 Maritime Academy Dr,Vallejo,CA,94590,,US,GPS,38.070015,-122.230027,2021-06-23,2024-07-09,191362.0,2024-07-09 01:15:35 UTC,,E,,Public,24 hours daily,0.0,2.0,0.0,,ChargePoint Network,http://www.chargepoint.com/,J1772,,,,,,False,,62469780,-122.23135,38.069708,120.74083862740831
ELEC,CAL MARITIME CHARGER # 11&12,200 Maritime Academy Dr,Vallejo,CA,94590,,US,GPS,38.069876,-122.230127,2021-06-23,2024-07-09,191363.0,2024-07-09 01:15:35 UTC,,E,,Public,24 hours daily,0.0,2.0,0.0,,ChargePoint Network,http://www.chargepoint.com/,J1772,,,,,,False,,62469780,-122.23135,38.069708,108.67833039091553
ELEC,CAL MARITIME CHARGER # 9&10,200 Maritime Academy Dr,Vallejo,CA,94590,,US,GPS,38.06992,-122.2301,2021-06-23,2024-07-09,191364.0,2024-07-09 01:15:35 UTC,,E,,Public,24 hours daily,0.0,2.0,0.0,,ChargePoint Network,http://www.chargepoint.com/,J1772,,,,,,False,,62469780,-122.23135,38.069708,111.93471720918795
ELEC,CAL MARITIME CHARGER # 4,200 Maritime Academy Dr,Vallejo,CA,94590,,US,GPS,38.070075,-122.229993,2021-06-23,2024-07-09,191365.0,2024-07-09 01:15:36 UTC,,E,,Public,24 hours daily,0.0,1.0,0.0,,ChargePoint Network,http://www.chargepoint.com/,J1772,,,,,,False,,62469780,-122.23135,38.069708,125.60500936907424
ELEC,CAL MARITIME CHARGER # 7 & 8,200 Maritime Academy Dr,Vallejo,CA,94590,,US,GPS,38.069964,-122.230069,2021-06-23,2024-07-09,191366.0,2024-07-09 01:15:39 UTC,,E,,Public,24 hours daily,0.0,2.0,0.0,,ChargePoint Network,http://www.chargepoint.com/,J1772,,,,,,False,,62469780,-122.23135,38.069708,115.69459228779405
ELEC,CAL MARITIME CHARGER # 13&14,200 Maritime Academy Dr,Vallejo,CA,94590,,US,GPS,38.069823,-122.230163,2021-06-23,2024-07-09,191367.0,2024-07-09 01:15:40 UTC,,E,,Public,24 hours daily,0.0,2.0,0.0,,ChargePoint Network,http://www.chargepoint.com/,J1772,,,,,,False,,62469780,-122.23135,38.069708,104.69326083970927
ELEC,CAL MARITIME CHARGER # 29&30,200 Maritime Academy Dr,Vallejo,CA,94590,,US,GPS,38.06945,-122.229999,2021-06-23,2024-07-09,191368.0,2024-07-09 01:15:40 UTC,,E,,Public,24 hours daily,0.0,2.0,0.0,,ChargePoint Network,http://www.chargepoint.com/,J1772,,,,,,False,,62469780,-122.23135,38.069708,121.69595764642004
ELEC,CAL MARITIME CHARGER # 17&18,200 Maritime Academy Dr,Vallejo,CA,94590,,US,GPS,38.069724,-122.230214,2021-06-23,2024-07-09,191369.0,2024-07-09 01:15:40 UTC,,E,,Public,24 hours daily,0.0,2.0,0.0,,ChargePoint Network,http://www.chargepoint.com/,J1772,,,,,,False,,62469780,-122.23135,38.069708,99.46085169723636
ELEC,CAL MARITIME CHARGER # 21&22,200 Maritime Academy Dr,Vallejo,CA,94590,,US,GPS,38.069653,-122.230262,2021-06-23,2024-07-09,191370.0,2024-07-09 01:15:40 UTC,,E,,Public,24 hours daily,0.0,2.0,0.0,,ChargePoint Network,http://www.chargepoint.com/,J1772,,,,,,False,,62469780,-122.23135,38.069708,95.43923470343799
ELEC,CAL MARITIME CHARGER # 19&20,200 Maritime Academy Dr,Vallejo,CA,94590,,US,GPS,38.069676,-122.230252,2021-06-23,2024-07-09,191371.0,2024-07-09 01:15:40 UTC,,E,,Public,24 hours daily,0.0,2.0,0.0,,ChargePoint Network,http://www.chargepoint.com/,J1772,,,,,,False,,62469780,-122.23135,38.069708,96.18430594846838
ELEC,CAL MARITIME CHARGER # 27&28,200 Maritime Academy Dr,Vallejo,CA,94590,,US,GPS,38.069467,-122.230061,2021-06-23,2024-07-09,191372.0,2024-07-09 01:15:40 UTC,,E,,Public,24 hours daily,0.0,2.0,0.0,,ChargePoint Network,http://www.chargepoint.com/,J1772,,,,,,False,,62469780,-122.23135,38.069708,115.97716728877072
ELEC,CAL MARITIME CHARGER # 25&26,200 Maritime Academy Dr,Vallejo,CA,94590,,US,GPS,38.069473,-122.230092,2021-06-23,2024-07-09,191373.0,2024-07-09 01:15:40 UTC,,E,,Public,24 hours daily,0.0,2.0,0.0,,ChargePoint Network,http://www.chargepoint.com/,J1772,,,,,,False,,62469780,-122.23135,38.069708,113.18271240276559
ELEC,CAL MARITIME CHARGER # 15&16,200 Maritime Academy Dr,Vallejo,CA,94590,,US,GPS,38.069774,-122.230199,2021-06-23,2024-07-09,191374.0,2024-07-09 01:15:41 UTC,,E,,Public,24 hours daily,0.0,2.0,0.0,,ChargePoint Network,http://www.chargepoint.com/,J1772,,,,,,False,,62469780,-122.23135,38.069708,101.02491324446191
ELEC,CAL MARITIME CHARGER # 23&24,200 Maritime Academy Dr,Vallejo,CA,94590,,US,GPS,38.06948,-122.230122,2021-06-23,2024-07-09,191375.0,2024-07-09 01:15:41 UTC,,E,,Public,24 hours daily,0.0,2.0,0.0,,ChargePoint Network,http://www.chargepoint.com/,J1772,,,,,,False,,62469780,-122.23135,38.069708,110.44786523699153
ELEC,Edgewood Plaza,2170 West Bayshore Road,Palo Alto,CA,94303,,US,GPS,37.44817078836109,-122.12528427509172,2021-06-23,2024-07-09,191426.0,2024-07-09 00:19:58 UTC,,E,,Public,24 hours daily,0.0,2.0,0.0,,Blink Network,http://www.blinkcharging.com/,J1772,,Free,,,,False,,65523880,-122.1254199,37.4488403,75.40299496586259
ELEC,SAN MATEO CNTY PS1 PUBLIC #1F,440 Middlefield Rd CC PS1,Redwood City,CA,94063,,US,GPS,37.489464,-122.229817,2021-06-25,2024-07-09,191475.0,2024-07-09 00:29:35 UTC,,E,,Public,24 hours daily,0.0,2.0,0.0,,ChargePoint Network,http://www.chargepoint.com/,J1772,,,,,,False,,65467195,-122.229322,37.4885813,107.42997222644794
ELEC,Westfield Oakridge - Tesla Supercharger,925 Blossom Hill Road,San Jose,CA,95123,,US,GPS,37.250787,-121.860764,2021-06-24,2023-07-01,191519.0,2023-07-14 19:41:28 UTC,P,E,,Public,24 hours daily,0.0,0.0,24.0,,Tesla,https://www.tesla.com/supercharger,TESLA,SHOPPING_MALL,,,,,False,,65447979,-121.8612227,37.2504779,53.19469307406845
ELEC,Topgolf - San Jose,4701 N 1st St,San Jose,CA,95134,,US,GPS,37.423223313,-121.970140788,2021-06-21,2024-06-23,191520.0,2024-06-23 03:16:44 UTC,,E,,Public,Mon 5:00am - 10:59pm; Tue 5:00am - 10:59pm; Wed 5:00am - 10:59pm; Thu 5:00am - 10:59pm; Fri 5:00am - 10:59pm; Sat 5:00am - 10:59pm; Sun 5:00am - 10:59pm,0.0,15.0,0.0,,Volta,https://voltacharging.com/,J1772,,,,False,,False,,248090598,-121.969773,37.4244521,140.4420797951455
ELEC,"Site Centers Hilltop Plaza (Richmond, CA)",3401 Blume Dr,Richmond,CA,94806,,US,GPS,37.98352,-122.31927,2021-06-28,2024-07-09,191559.0,2024-07-09 02:38:12 UTC,,E,,Public,24 hours daily,0.0,0.0,4.0,,Electrify America,https://www.electrifyamerica.com/,CHADEMO J1772COMBO,,,,,,False,,57866518,-122.3192395,37.9847142,132.81607110747947
ELEC,CHEVRON STATION 1793 #1,5592 Santa Teresa Blvd,San Jose,CA,95123,,US,GPS,37.251003,-121.858358,2021-06-29,2024-07-09,191577.0,2024-07-09 01:20:00 UTC,,E,,Public,24 hours daily,0.0,0.0,1.0,,ChargePoint Network,http://www.chargepoint.com/,CHADEMO J1772COMBO,,,,,,False,,2858933397,-121.8587819,37.2509628,37.784879407353124
ELEC,CHEVRON STATION 1793 #2,5592 Santa Teresa Blvd,San Jose,CA,95123,,US,GPS,37.251002,-121.858457,2021-06-29,2024-07-09,191589.0,2024-07-09 01:26:29 UTC,,E,,Public,24 hours daily,0.0,0.0,1.0,,ChargePoint Network,http://www.chargepoint.com/,CHADEMO J1772COMBO,,,,,,False,,2858933397,-121.8587819,37.2509628,29.085484839837367
ELEC,CONTRA COSTA CO EOC - PUBLIC 2,1850 Muir Rd,Martinez,CA,94553,,US,GPS,37.990226,-122.08871,2021-07-01,2024-07-09,191649.0,2024-07-09 01:12:47 UTC,,E,,Public,24 hours daily,0.0,1.0,0.0,,ChargePoint Network,http://www.chargepoint.com/,J1772,,,,,,False,,57928841,-122.0870757,37.9903935,144.4270388464863
ELEC,South San Francisco - Miller Garage HPCP Array 1,329 Miller Ave,South San Francisco,CA,94080,,US,GPS,37.656204,-122.411246,2019-08-20,2024-07-08,192054.0,2024-07-08 23:58:22 UTC,,E,,Public,24 hours daily,0.0,0.0,3.0,,eVgo Network,https://www.evgo.com/,CHADEMO J1772COMBO,,,,,,False,,65396145,-122.4121403,37.6566669,94.06013585673355
ELEC,SOMA Grand,1160 Mission St,San Francisco,CA,94103,,US,GPS,37.7786972,-122.4126145,2020-07-22,2024-07-08,192168.0,2024-07-08 23:58:52 UTC,,E,,Public,24 hours daily,0.0,0.0,2.0,,eVgo Network,https://www.evgo.com/,CHADEMO J1772COMBO,,,,,,False,,65318286,-122.413267,37.7789712,64.93708026819456
ELEC,"BOA Mission-Sorenson CA4-160 (Hayward, CA)",26801 Mission Blvd,Hayward,CA,94544,,US,GPS,37.64528,-122.06332,2021-07-05,2024-07-09,192570.0,2024-07-09 02:38:04 UTC,,E,,Public,24 hours daily,0.0,0.0,4.0,,Electrify America,https://www.electrifyamerica.com/,CHADEMO J1772COMBO,,,,,,False,,1684106642,-122.0637319,37.6453,36.333882378687115
ELEC,NEW MOB PS 1,1130 Montgomery Dr,Santa Rosa,CA,95405,,US,GPS,38.4426,-122.700437,2021-07-07,2024-07-09,192585.0,2024-07-09 01:11:43 UTC,,E,,Public,24 hours daily,0.0,1.0,0.0,,ChargePoint Network,http://www.chargepoint.com/,J1772,,,,,,False,,56066634,-122.7017217,38.442854,115.39595641625881
ELEC,NEW MOB PS 2,1130 Montgomery Dr,Santa Rosa,CA,95405,,US,GPS,38.442531,-122.700533,2021-07-07,2024-07-09,192586.0,2024-07-09 01:11:43 UTC,,E,,Public,24 hours daily,0.0,1.0,0.0,,ChargePoint Network,http://www.chargepoint.com/,J1772,,,,,,False,,56066634,-122.7017217,38.442854,109.57870062672676
ELEC,Safeway #1476 San Jose,1300 West San Carlos Street,San Jose,CA,95126,,US,GPS,37.32267,-121.91359,2021-07-08,2024-07-09,192650.0,2024-07-09 02:37:04 UTC,,E,,Public,24 hours daily,0.0,0.0,3.0,,Electrify America,https://www.electrifyamerica.com/,CHADEMO J1772COMBO,,,,,,False,,65633219,-121.9137613,37.3234375,86.67604416782046
ELEC,PG&E OWNED SJSU STATION 13,1393 S 7th St,San Jose,CA,95112,,US,GPS,37.318531,-121.869514,2021-07-13,2024-07-09,192756.0,2024-07-09 01:24:02 UTC,,E,,Public,24 hours daily,0.0,1.0,0.0,,ChargePoint Network,http://www.chargepoint.com/,J1772,,,,,,False,,3614092066,-121.868717,37.318403,71.90229711442635
ELEC,PG&E OWNED SJSU STATION 15-16,1291 S 7th St,San Jose,CA,95112,,US,GPS,37.319895,-121.870612,2021-07-13,2024-07-09,192760.0,2024-07-09 01:26:34 UTC,,E,,Public,24 hours daily,0.0,2.0,0.0,,ChargePoint Network,http://www.chargepoint.com/,J1772,,,,,,False,,3614092077,-121.8719397,37.3208209,156.1544837720542
ELEC,PG&E OWNED SJSU STATION 21-22,1291 S 7th St,San Jose,CA,95112,,US,GPS,37.319852,-121.87058,2021-07-13,2024-07-09,192761.0,2024-07-09 01:26:34 UTC,,E,,Public,24 hours daily,0.0,2.0,0.0,,ChargePoint Network,http://www.chargepoint.com/,J1772,,,,,,False,,3614092077,-121.8719397,37.3208209,161.44379369186657
ELEC,PG&E OWNED SJSU STATION 1-2,1251 S 7th St,San Jose,CA,95112,,US,GPS,37.319952,-121.870893,2021-07-13,2024-07-09,192762.0,2024-07-09 01:26:34 UTC,,E,,Public,24 hours daily,0.0,2.0,0.0,,ChargePoint Network,http://www.chargepoint.com/,J1772,,,,,,False,,3614092077,-121.8719397,37.3208209,133.7982723726021
ELEC,PG&E OWNED SJSU STATION 11-12,1251 S 7th St,San Jose,CA,95112,,US,GPS,37.319825,-121.870804,2021-07-13,2024-07-09,192763.0,2024-07-09 01:26:35 UTC,,E,,Public,24 hours daily,0.0,2.0,0.0,,ChargePoint Network,http://www.chargepoint.com/,J1772,,,,,,False,,3614092077,-121.8719397,37.3208209,149.49607315252797
ELEC,PG&E OWNED SJSU STATION 17-18,1291 S 7th St,San Jose,CA,95112,,US,GPS,37.319875,-121.870597,2021-07-13,2024-07-09,192764.0,2024-07-09 01:26:35 UTC,,E,,Public,24 hours daily,0.0,2.0,0.0,,ChargePoint Network,http://www.chargepoint.com/,J1772,,,,,,False,,3614092077,-121.8719397,37.3208209,158.62005607817483
ELEC,PG&E OWNED SJSU STATION 19-20,1291 S 7th St,San Jose,CA,95112,,US,GPS,37.319868,-121.87059,2021-07-13,2024-07-09,192765.0,2024-07-09 01:26:35 UTC,,E,,Public,24 hours daily,0.0,2.0,0.0,,ChargePoint Network,http://www.chargepoint.com/,J1772,,,,,,False,,3614092077,-121.8719397,37.3208209,159.5996269141431
ELEC,PG&E OWNED SJSU STATION 5-6,1251 S 7th St,San Jose,CA,95112,,US,GPS,37.319901,-121.870857,2021-07-13,2024-07-09,192766.0,2024-07-09 01:26:35 UTC,,E,,Public,24 hours daily,0.0,2.0,0.0,,ChargePoint Network,http://www.chargepoint.com/,J1772,,,,,,False,,3614092077,-121.8719397,37.3208209,140.104996075203
ELEC,PG&E OWNED SJSU STATION 7-8,1251 S 7th St,San Jose,CA,95112,,US,GPS,37.319881,-121.870845,2021-07-13,2024-07-09,192767.0,2024-07-09 01:26:35 UTC,,E,,Public,24 hours daily,0.0,2.0,0.0,,ChargePoint Network,http://www.chargepoint.com/,J1772,,,,,,False,,3614092077,-121.8719397,37.3208209,142.4557290781069
ELEC,PG&E OWNED SJSU STATION 3-4,1251 S 7th St,San Jose,CA,95112,,US,GPS,37.319919,-121.870878,2021-07-13,2024-07-09,192768.0,2024-07-09 01:26:35 UTC,,E,,Public,24 hours daily,0.0,2.0,0.0,,ChargePoint Network,http://www.chargepoint.com/,J1772,,,,,,False,,3614092077,-121.8719397,37.3208209,137.37471955541932
ELEC,PG&E OWNED SJSU STATION 49-50,1393 S 7th St,San Jose,CA,95112,,US,GPS,37.31985,-121.870601,2021-07-13,2024-07-09,192769.0,2024-07-09 01:26:35 UTC,,E,,Public,24 hours daily,0.0,2.0,0.0,,ChargePoint Network,http://www.chargepoint.com/,J1772,,,,,,False,,3614092077,-121.8719397,37.3208209,160.21534217419102
ELEC,PG&E OWNED SJSU STATION 9-10,1251 S 7th St,San Jose,CA,95112,,US,GPS,37.319842,-121.870807,2021-07-13,2024-07-09,192770.0,2024-07-09 01:26:35 UTC,,E,,Public,24 hours daily,0.0,2.0,0.0,,ChargePoint Network,http://www.chargepoint.com/,J1772,,,,,,False,,3614092077,-121.8719397,37.3208209,147.9214939677747
ELEC,PG&E OWNED SJSU STATION 14,1291 S 7th St,San Jose,CA,95112,,US,GPS,37.319906,-121.870628,2021-07-13,2024-07-09,192771.0,2024-07-09 01:26:36 UTC,,E,,Public,24 hours daily,0.0,1.0,0.0,,ChargePoint Network,http://www.chargepoint.com/,J1772,,,,,,False,,3614092077,-121.8719397,37.3208209,154.28425274662249
ELEC,PG&E OWNED SJSU STATION 23-24,1291 S 7th St,San Jose,CA,95112,,US,GPS,37.319833,-121.870566,2021-07-13,2024-07-09,192772.0,2024-07-09 01:26:36 UTC,,E,,Public,24 hours daily,0.0,2.0,0.0,,ChargePoint Network,http://www.chargepoint.com/,J1772,,,,,,False,,3614092077,-121.8719397,37.3208209,163.7774045188678
ELEC,PG&E OWNED SJSU STATION 25-26,1291 S 7th St,San Jose,CA,95112,,US,GPS,37.319814,-121.870551,2021-07-13,2024-07-09,192773.0,2024-07-09 01:26:36 UTC,,E,,Public,24 hours daily,0.0,2.0,0.0,,ChargePoint Network,http://www.chargepoint.com/,J1772,,,,,,False,,3614092077,-121.8719397,37.3208209,166.1796646989981
ELEC,PG&E OWNED SJSU STATION 27-28,1291 S 7th St,San Jose,CA,95112,,US,GPS,37.319809,-121.870544,2021-07-13,2024-07-09,192774.0,2024-07-09 01:26:36 UTC,,E,,Public,24 hours daily,0.0,2.0,0.0,,ChargePoint Network,http://www.chargepoint.com/,J1772,,,,,,False,,3614092077,-121.8719397,37.3208209,167.01167358522406
ELEC,PG&E OWNED SJSU STATION 29-30,1291 S 7th St,San Jose,CA,95112,,US,GPS,37.319752,-121.870509,2021-07-13,2024-07-09,192775.0,2024-07-09 01:26:36 UTC,,E,,Public,24 hours daily,0.0,2.0,0.0,,ChargePoint Network,http://www.chargepoint.com/,J1772,,,,,,False,,3614092077,-121.8719397,37.3208209,173.5884330323635
ELEC,PG&E OWNED SJSU STATION 31-32,1291 S 7th St,San Jose,CA,95112,,US,GPS,37.31972,-121.870486,2021-07-13,2024-07-09,192776.0,2024-07-09 01:26:36 UTC,,E,,Public,24 hours daily,0.0,2.0,0.0,,ChargePoint Network,http://www.chargepoint.com/,J1772,,,,,,False,,3614092077,-121.8719397,37.3208209,177.5111778471478
ELEC,PG&E OWNED SJSU STATION 33-34,1291 S 7th St,San Jose,CA,95112,,US,GPS,37.319715,-121.870477,2021-07-13,2024-07-09,192777.0,2024-07-09 01:26:36 UTC,,E,,Public,24 hours daily,0.0,2.0,0.0,,ChargePoint Network,http://www.chargepoint.com/,J1772,,,,,,False,,3614092077,-121.8719397,37.3208209,178.47099241429208
ELEC,PG&E OWNED SJSU STATION 35-36,1291 S 7th St,San Jose,CA,95112,,US,GPS,37.319706,-121.87047,2021-07-13,2024-07-09,192778.0,2024-07-09 01:26:36 UTC,,E,,Public,24 hours daily,0.0,2.0,0.0,,ChargePoint Network,http://www.chargepoint.com/,J1772,,,,,,False,,3614092077,-121.8719397,37.3208209,179.6094057386296
ELEC,PG&E OWNED SJSU STATION 37-38,1291 S 7th St,San Jose,CA,95112,,US,GPS,37.319668,-121.870451,2021-07-13,2024-07-09,192779.0,2024-07-09 01:26:36 UTC,,E,,Public,24 hours daily,0.0,2.0,0.0,,ChargePoint Network,http://www.chargepoint.com/,J1772,,,,,,False,,3614092077,-121.8719397,37.3208209,183.75147034852063
ELEC,PG&E OWNED SJSU STATION 39-40,1291 S 7th St,San Jose,CA,95112,,US,GPS,37.319657,-121.870436,2021-07-13,2024-07-09,192780.0,2024-07-09 01:26:40 UTC,,E,,Public,24 hours daily,0.0,2.0,0.0,,ChargePoint Network,http://www.chargepoint.com/,J1772,,,,,,False,,3614092077,-121.8719397,37.3208209,185.55511924014314
ELEC,PG&E OWNED SJSU STATION 41-42,1291 S 7th St,San Jose,CA,95112,,US,GPS,37.319633,-121.870426,2021-07-13,2024-07-09,192781.0,2024-07-09 01:26:40 UTC,,E,,Public,24 hours daily,0.0,2.0,0.0,,ChargePoint Network,http://www.chargepoint.com/,J1772,,,,,,False,,3614092077,-121.8719397,37.3208209,188.0546255625295
ELEC,PG&E OWNED SJSU STATION 47-48,1393 S 7th St,Central San Jose,CA,95112,,US,GPS,37.319994,-121.869993,2021-07-13,2024-07-09,192782.0,2024-07-09 01:26:40 UTC,,E,,Public,24 hours daily,0.0,2.0,0.0,,ChargePoint Network,http://www.chargepoint.com/,J1772,,,,,,False,,3614092076,-121.8708877,37.3213166,166.99724043389034
ELEC,PG&E OWNED SJSU STATION 45-46,1393 S 7th St,San Jose,CA,95112,,US,GPS,37.319619,-121.870364,2021-07-13,2024-07-09,192783.0,2024-07-09 01:26:41 UTC,,E,,Public,24 hours daily,0.0,2.0,0.0,,ChargePoint Network,http://www.chargepoint.com/,J1772,,,,,,False,,3614092077,-121.8719397,37.3208209,193.07000122079995
ELEC,TARGET T2772 #7,125 Shoreline Blvd,San Rafael,CA,94901,,US,GPS,37.954123,-122.490441,2021-07-14,2024-07-09,192801.0,2024-07-09 00:27:57 UTC,,E,,Public,Mon 7:00am - 12:00am; Tue 7:00am - 12:00am; Wed 7:00am - 12:00am; Thu 7:00am - 12:00am; Fri 7:00am - 12:00am; Sat 7:00am - 12:00am; Sun 7:00am - 12:00am,0.0,2.0,0.0,,ChargePoint Network,http://www.chargepoint.com/,J1772,,,,,,False,,4896625337,-122.4904743,37.9533472,86.31454081346163
ELEC,PG&E OWNED SJSU STATION 43-44,1291 S 7th St,San Jose,CA,95112,,US,GPS,37.319636,-121.870414,2021-07-16,2024-07-09,192905.0,2024-07-09 01:26:41 UTC,,E,,Public,24 hours daily,0.0,2.0,0.0,,ChargePoint Network,http://www.chargepoint.com/,J1772,,,,,,False,,3614092077,-121.8719397,37.3208209,188.57818717577553
ELEC,CAL MARITIME CHARGER # 2 & 3,200 Maritime Academy Dr,Vallejo,CA,94590,,US,GPS,38.070105,-122.229923,2021-07-22,2024-07-09,193056.0,2024-07-09 01:15:35 UTC,,E,,Public,24 hours daily,0.0,2.0,0.0,,ChargePoint Network,http://www.chargepoint.com/,J1772,,,,,,False,,62469780,-122.23135,38.069708,132.4892261306023
ELEC,GEO CT4000 STATION 1,44580 Old Warm Springs Blvd,Fremont,CA,94538,,US,GPS,37.505717,-121.944663,2021-07-22,2024-07-09,193057.0,2024-07-09 01:16:24 UTC,,E,,Public,24 hours daily,0.0,1.0,0.0,,ChargePoint Network,http://www.chargepoint.com/,J1772,,,,,,False,,53132224,-121.9449303,37.505543,30.500728726254067
ELEC,WALNUT CREEK CITY HALL,1666 N Main St,Walnut Creek,CA,94596,,US,GPS,37.901568,-122.061151,2021-07-27,2024-07-09,193188.0,2024-07-09 01:26:30 UTC,,E,,Public,24 hours daily,0.0,2.0,0.0,,ChargePoint Network,http://www.chargepoint.com/,J1772,,,,,,False,,57893134,-122.06193,37.9017648,71.76735374218912
ELEC,COUNTY VHC GILROY 5,7475 Camino Arroyo,Gilroy,CA,95020,,US,GPS,37.011109,-121.557187,2021-07-27,2024-07-09,193191.0,2024-07-09 01:27:20 UTC,,E,,Public,24 hours daily,0.0,2.0,0.0,,ChargePoint Network,http://www.chargepoint.com/,J1772,,,,,,False,,8171465906,-121.5566081,37.0114667,64.99302128470133
ELEC,COUNTY VHC GILROY 3,7475 Camino Arroyo,Gilroy,CA,95020,,US,GPS,37.011195,-121.556961,2021-07-27,2024-07-09,193192.0,2024-07-09 01:27:21 UTC,,E,,Public,24 hours daily,0.0,2.0,0.0,,ChargePoint Network,http://www.chargepoint.com/,J1772,,,,,,False,,8171465906,-121.5566081,37.0114667,43.526894468156435
ELEC,COUNTY VHC GILROY 8,7475 Camino Arroyo,Gilroy,CA,95020,,US,GPS,37.011075,-121.55724,2021-07-27,2024-07-09,193193.0,2024-07-09 01:27:21 UTC,,E,,Public,24 hours daily,0.0,2.0,0.0,,ChargePoint Network,http://www.chargepoint.com/,J1772,,,,,,False,,8171465906,-121.5566081,37.0114667,71.02858341248735
ELEC,COUNTY VHC GILROY 10,7475 Camino Arroyo,Gilroy,CA,95020,,US,GPS,37.011075,-121.557337,2021-07-27,2024-07-09,193195.0,2024-07-09 01:27:21 UTC,,E,,Public,24 hours daily,0.0,2.0,0.0,,ChargePoint Network,http://www.chargepoint.com/,J1772,,,,,,False,,8171465906,-121.5566081,37.0114667,78.01097350728433
ELEC,COUNTY VHC GILROY 9,7475 Camino Arroyo,Gilroy,CA,95020,,US,GPS,37.011083,-121.557305,2021-07-27,2024-07-09,193196.0,2024-07-09 01:27:21 UTC,,E,,Public,24 hours daily,0.0,2.0,0.0,,ChargePoint Network,http://www.chargepoint.com/,J1772,,,,,,False,,8171465906,-121.5566081,37.0114667,75.16186951900637
ELEC,COUNTY VHC GILROY 1,7475 Camino Arroyo,Gilroy,CA,95020,,US,GPS,37.011203,-121.557047,2021-07-27,2024-07-09,193197.0,2024-07-09 01:27:21 UTC,,E,,Public,24 hours daily,0.0,2.0,0.0,,ChargePoint Network,http://www.chargepoint.com/,J1772,,,,,,False,,8171465906,-121.5566081,37.0114667,48.76967629417113
ELEC,COUNTY VHC GILROY 2,7475 Camino Arroyo,Gilroy,CA,95020,,US,GPS,37.011143,-121.557112,2021-07-27,2024-07-09,193198.0,2024-07-09 01:27:22 UTC,,E,,Public,24 hours daily,0.0,2.0,0.0,,ChargePoint Network,http://www.chargepoint.com/,J1772,,,,,,False,,8171465906,-121.5566081,37.0114667,57.422910376533025
ELEC,COUNTY OF MARIN 20 N SAN PEDRO,20 N San Pedro Road,San Rafael,CA,94903,,US,GPS,37.99485,-122.528659,2021-07-31,2024-07-09,193378.0,2024-07-09 00:29:16 UTC,,E,,Public,24 hours daily,0.0,2.0,0.0,,ChargePoint Network,http://www.chargepoint.com/,J1772,,,,,,False,,8359814709,-122.5279483,37.9955498,99.6673394160547
ELEC,SAINT MARY'S CA STATION 4,De La Salle Dr,Moraga,CA,94556,,US,GPS,37.842473,-122.108806,2021-07-31,2024-07-09,193381.0,2024-07-09 01:15:56 UTC,,E,,Public,24 hours daily,0.0,2.0,0.0,,ChargePoint Network,http://www.chargepoint.com/,J1772,,,,,,False,,351949146,-122.1102711,37.8423677,129.18342977989138
ELEC,SAINT MARY'S CA STATION 3,St Marys Pkwy,Moraga,CA,94556,,US,GPS,37.84243,-122.108838,2021-07-31,2024-07-09,193382.0,2024-07-09 01:15:56 UTC,,E,,Public,24 hours daily,0.0,2.0,0.0,,ChargePoint Network,http://www.chargepoint.com/,J1772,,,,,,False,,351949146,-122.1102711,37.8423677,126.03232531281216
ELEC,SAINT MARY'S CA STATION 2,St Marys Pkwy,Moraga,CA,94556,,US,GPS,37.842354,-122.10891,2021-07-31,2024-07-09,193383.0,2024-07-09 01:15:56 UTC,,E,,Public,24 hours daily,0.0,2.0,0.0,,ChargePoint Network,http://www.chargepoint.com/,J1772,,,,,,False,,351949146,-122.1102711,37.8423677,119.52918013807793
ELEC,SAINT MARY'S CA STATION 1,St Marys Pkwy,Moraga,CA,94556,,US,GPS,37.842395,-122.108875,2021-07-31,2024-07-09,193384.0,2024-07-09 01:15:56 UTC,,E,,Public,24 hours daily,0.0,2.0,0.0,,ChargePoint Network,http://www.chargepoint.com/,J1772,,,,,,False,,351949146,-122.1102711,37.8423677,122.63039919853964
ELEC,SAINT MARY'S CA STATION 5,De La Salle Dr,Moraga,CA,94556,,US,GPS,37.842508,-122.108773,2021-07-31,2024-07-09,193385.0,2024-07-09 01:15:57 UTC,,E,,Public,24 hours daily,0.0,2.0,0.0,,ChargePoint Network,http://www.chargepoint.com/,J1772,,,,,,False,,351949146,-122.1102711,37.8423677,132.4712589805775
ELEC,SAINT MARY'S CA STATION 6,St Marys Pkwy,Moraga,CA,94556,,US,GPS,37.842314,-122.108952,2021-07-31,2024-07-09,193386.0,2024-07-09 01:15:57 UTC,,E,,Public,24 hours daily,0.0,1.0,0.0,,ChargePoint Network,http://www.chargepoint.com/,J1772,,,,,,False,,351949146,-122.1102711,37.8423677,115.98525071873811
ELEC,META MPK26-03,180 Jefferson Dr,Menlo Park,CA,94025,,US,GPS,37.48092,-122.171012,2021-08-04,2024-07-09,193458.0,2024-07-09 00:30:25 UTC,,E,,Public,24 hours daily,0.0,1.0,0.0,,ChargePoint Network,http://www.chargepoint.com/,J1772,,,,,,False,,4844834672,-122.1734488,37.4801037,233.39650781163294
ELEC,META MPK24-03 ADA,200 Jefferson Dr,Menlo Park,CA,94025,,US,GPS,37.480128,-122.169479,2021-08-05,2024-07-09,193478.0,2024-07-09 00:30:34 UTC,,E,,Public,24 hours daily,0.0,2.0,0.0,,ChargePoint Network,http://www.chargepoint.com/,J1772,,,,,,False,,65464543,-122.1667051,37.4796098,251.461905572034
ELEC,META MPK24-05,200 Jefferson Dr,Menlo Park,CA,94025,,US,GPS,37.480045,-122.169592,2021-08-05,2024-07-09,193479.0,2024-07-09 00:30:36 UTC,,E,,Public,24 hours daily,0.0,2.0,0.0,,ChargePoint Network,http://www.chargepoint.com/,J1772,,,,,,False,,65464543,-122.1667051,37.4796098,259.29808141055275
ELEC,META MPK24-04 ADA,200 Jefferson Dr,Menlo Park,CA,94025,,US,GPS,37.480081,-122.169548,2021-08-05,2024-07-09,193480.0,2024-07-09 00:30:36 UTC,,E,,Public,24 hours daily,0.0,2.0,0.0,,ChargePoint Network,http://www.chargepoint.com/,J1772,,,,,,False,,65464543,-122.1667051,37.4796098,256.2730361233831
ELEC,META MPK24-06,200 Jefferson Dr,Menlo Park,CA,94025,,US,GPS,37.479998,-122.169664,2021-08-05,2024-07-09,193481.0,2024-07-09 00:30:36 UTC,,E,,Public,24 hours daily,0.0,2.0,0.0,,ChargePoint Network,http://www.chargepoint.com/,J1772,,,,,,False,,65464543,-122.1667051,37.4796098,264.64001003704965
ELEC,META BUR103-04,312 Airport Blvd.,Burlingame,CA,94010,,US,GPS,37.589623,-122.335395,2021-08-06,2024-07-09,193523.0,2024-07-09 01:13:40 UTC,,E,,Public,24 hours daily,0.0,2.0,0.0,,ChargePoint Network,http://www.chargepoint.com/,J1772,,,,,,False,,9021363466,-122.334687,37.5888775,103.74662518999763
ELEC,META BUR102-04,322 Airport Blvd.,Burlingame,CA,94010,,US,GPS,37.590386,-122.335623,2021-08-06,2024-07-09,193524.0,2024-07-09 01:13:40 UTC,,E,,Public,24 hours daily,0.0,2.0,0.0,,ChargePoint Network,http://www.chargepoint.com/,J1772,,,,,,False,,9021363466,-122.334687,37.5888775,186.91595986162878
ELEC,META BUR103-03,312 Airport Blvd.,Burlingame,CA,94010,,US,GPS,37.589613,-122.335487,2021-08-06,2024-07-09,193525.0,2024-07-09 01:13:40 UTC,,E,,Public,24 hours daily,0.0,2.0,0.0,,ChargePoint Network,http://www.chargepoint.com/,J1772,,,,,,False,,9021363466,-122.334687,37.5888775,107.96916849503387
ELEC,META BUR103-02,312 Airport Blvd.,Burlingame,CA,94010,,US,GPS,37.589619,-122.335578,2021-08-06,2024-07-09,193526.0,2024-07-09 01:13:40 UTC,,E,,Public,24 hours daily,0.0,2.0,0.0,,ChargePoint Network,http://www.chargepoint.com/,J1772,,,,,,False,,9021363466,-122.334687,37.5888775,113.84897179307984
ELEC,META BUR102-05,322 Airport Blvd.,Burlingame,CA,94010,,US,GPS,37.590389,-122.335508,2021-08-06,2024-07-09,193527.0,2024-07-09 01:13:40 UTC,,E,,Public,24 hours daily,0.0,2.0,0.0,,ChargePoint Network,http://www.chargepoint.com/,J1772,,,,,,False,,9021363466,-122.334687,37.5888775,182.97795893204264
ELEC,META BUR102-06,322 Airport Blvd.,Burlingame,CA,94010,,US,GPS,37.590401,-122.335509,2021-08-06,2024-07-09,193528.0,2024-07-09 01:13:40 UTC,,E,,Public,24 hours daily,0.0,2.0,0.0,,ChargePoint Network,http://www.chargepoint.com/,J1772,,,,,,False,,9021363466,-122.334687,37.5888775,184.23896878802034
ELEC,META BUR102-03,322 Airport Blvd.,Burlingame,CA,94010,,US,GPS,37.590406,-122.335621,2021-08-06,2024-07-09,193529.0,2024-07-09 01:13:40 UTC,,E,,Public,24 hours daily,0.0,2.0,0.0,,ChargePoint Network,http://www.chargepoint.com/,J1772,,,,,,False,,9021363466,-122.334687,37.5888775,188.83736119504107
ELEC,META BUR103-01,312 Airport Blvd.,Burlingame,CA,94010,,US,GPS,37.589619,-122.335671,2021-08-06,2024-07-09,193530.0,2024-07-09 01:13:41 UTC,,E,,Public,24 hours daily,0.0,2.0,0.0,,ChargePoint Network,http://www.chargepoint.com/,J1772,,,,,,False,,9021363466,-122.334687,37.5888775,119.64685842627769
ELEC,META BUR102-01 ADA,322 Airport Blvd.,Burlingame,CA,94010,,US,GPS,37.590247,-122.336065,2021-08-06,2024-07-09,193531.0,2024-07-09 01:17:21 UTC,,E,,Public,24 hours daily,0.0,1.0,0.0,,ChargePoint Network,http://www.chargepoint.com/,J1772,,,,,,False,,272748907,-122.3379996,37.5909628,188.12443690824517
ELEC,META BUR102-02 ADA,322 Airport Blvd.,Burlingame,CA,94010,,US,GPS,37.590246,-122.335952,2021-08-06,2024-07-09,193532.0,2024-07-09 01:17:21 UTC,,E,,Public,24 hours daily,0.0,1.0,0.0,,ChargePoint Network,http://www.chargepoint.com/,J1772,,,,,,False,,9021363466,-122.334687,37.5888775,188.62475172166452
ELEC,META MPK26-05,180 Jefferson Dr,Menlo Park,CA,94025,,US,GPS,37.480875,-122.170901,2021-08-07,2024-07-09,193565.0,2024-07-09 00:30:26 UTC,,E,,Public,24 hours daily,0.0,1.0,0.0,,ChargePoint Network,http://www.chargepoint.com/,J1772,,,,,,False,,4844834672,-122.1734488,37.4801037,240.6215137730801
ELEC,PELL REDWOOD 1,504 Redwood Blvd,Novato,CA,94947,,US,GPS,38.073433,-122.542206,2021-08-08,2024-07-09,193594.0,2024-07-09 00:51:32 UTC,,E,,Public,24 hours daily,0.0,2.0,0.0,,ChargePoint Network,http://www.chargepoint.com/,J1772,,,,,,False,,3603250429,-122.5428427,38.0741009,92.85377094344963
ELEC,CITYOF CAMPBELL 1ST & CIVIC DR.,58 N 1st St,Campbell,CA,95008,,US,GPS,37.287681,-121.944759,2021-08-17,2024-07-09,193937.0,2024-07-09 00:39:08 UTC,,E,,Public,24 hours daily,0.0,2.0,0.0,,ChargePoint Network,http://www.chargepoint.com/,J1772,,,,,,False,,65459978,-121.944876,37.2878714,23.566295359353457
ELEC,AMESWELLHOTEL STATION 1,750 Moffett Blvd,Mountain View,CA,94043,,US,GPS,37.407057,-122.068041,2021-08-17,2024-07-09,193942.0,2024-07-09 01:14:36 UTC,,E,,Public,24 hours daily,0.0,2.0,0.0,,ChargePoint Network,http://www.chargepoint.com/,J1772,,,,,,False,,1350115374,-122.0676069,37.4078085,91.93983770799588
ELEC,AMESWELLHOTEL STATION 3,750 Moffett Blvd,Mountain View,CA,94043,,US,GPS,37.406932,-122.067953,2021-08-17,2024-07-09,193946.0,2024-07-09 01:21:21 UTC,,E,,Public,24 hours daily,0.0,2.0,0.0,,ChargePoint Network,http://www.chargepoint.com/,J1772,,,,,,False,,1350115374,-122.0676069,37.4078085,102.14424076303722
ELEC,AMESWELLHOTEL STATION 4,750 Moffett Blvd,Mountain View,CA,94043,,US,GPS,37.406963,-122.067964,2021-08-17,2024-07-09,193947.0,2024-07-09 01:21:22 UTC,,E,,Public,24 hours daily,0.0,2.0,0.0,,ChargePoint Network,http://www.chargepoint.com/,J1772,,,,,,False,,1350115374,-122.0676069,37.4078085,99.16530849409358
ELEC,AMESWELLHOTEL STATION 2,750 Moffett Blvd,Mountain View,CA,94043,,US,GPS,37.407075,-122.067981,2021-08-17,2024-07-09,193948.0,2024-07-09 01:21:22 UTC,,E,,Public,24 hours daily,0.0,2.0,0.0,,ChargePoint Network,http://www.chargepoint.com/,J1772,,,,,,False,,1350115374,-122.0676069,37.4078085,88.00069880950532
ELEC,AMESWELLHOTEL STATION 5,750 Moffett Blvd,Mountain View,CA,94043,,US,GPS,37.406979,-122.067961,2021-08-17,2024-07-09,193949.0,2024-07-09 01:21:22 UTC,,E,,Public,24 hours daily,0.0,2.0,0.0,,ChargePoint Network,http://www.chargepoint.com/,J1772,,,,,,False,,1350115374,-122.0676069,37.4078085,97.39480661886282
ELEC,AMESWELLHOTEL STATION 6,750 Moffett Blvd,Mountain View,CA,94043,,US,GPS,37.406968,-122.06797,2021-08-17,2024-07-09,193950.0,2024-07-09 01:21:22 UTC,,E,,Public,24 hours daily,0.0,2.0,0.0,,ChargePoint Network,http://www.chargepoint.com/,J1772,,,,,,False,,1350115374,-122.0676069,37.4078085,98.8091032605928
ELEC,CSUEB LOT A STATION 1,25800 Carlos Bee Blvd,Hayward,CA,94542,,US,GPS,37.65589,-122.057752,2021-08-19,2024-07-09,194093.0,2024-07-09 00:36:02 UTC,,E,,Public,24 hours daily,0.0,2.0,0.0,,ChargePoint Network,http://www.chargepoint.com/,J1772,,,,,,False,,53005228,-122.0539976,37.6557566,330.8421784626855
ELEC,COUNTY VHC GILROY 11,7475 Camino Arroyo,Gilroy,CA,95020,,US,GPS,37.011143,-121.557101,2021-08-21,2024-07-09,194155.0,2024-07-09 01:27:20 UTC,,E,,Public,24 hours daily,0.0,2.0,0.0,,ChargePoint Network,http://www.chargepoint.com/,J1772,,,,,,False,,8171465906,-121.5566081,37.0114667,56.66520644899117
ELEC,PARCEL A ENCASA 2,550 E Weddell Dr,Sunnyvale,CA,94089,,US,GPS,37.397729,-122.012784,2021-08-25,2024-07-09,194206.0,2024-07-09 00:43:37 UTC,,E,,Public,24 hours daily,0.0,2.0,0.0,,ChargePoint Network,http://www.chargepoint.com/,J1772,,,,,,False,,65402297,-122.0125239,37.3975386,31.2435774478363
ELEC,COUNTY EMPLOYEE PS2 #1,751 S Bascom Ave,San Jose,CA,95128,,US,GPS,37.314439,-121.935617,2021-08-26,2024-07-09,194247.0,2024-07-09 00:37:29 UTC,,E,,Public,24 hours daily,0.0,2.0,0.0,,ChargePoint Network,http://www.chargepoint.com/,J1772,,,,,,False,,373069545,-121.9348987,37.3147843,74.22554273197153
ELEC,COUNTY EMPLOYEE PS2 #2,751 S Bascom Ave,San Jose,CA,95128,,US,GPS,37.31432,-121.935343,2021-08-26,2024-07-09,194248.0,2024-07-09 00:37:43 UTC,,E,,Public,24 hours daily,0.0,2.0,0.0,,ChargePoint Network,http://www.chargepoint.com/,J1772,,,,,,False,,373069545,-121.9348987,37.3147843,64.8790787253317
ELEC,COUNTY EMPLOYEE PS2 #8,751 S Bascom Ave,San Jose,CA,95128,,US,GPS,37.314172,-121.935036,2021-08-26,2024-07-09,194249.0,2024-07-09 00:37:44 UTC,,E,,Public,24 hours daily,0.0,2.0,0.0,,ChargePoint Network,http://www.chargepoint.com/,J1772,,,,,,False,,373069545,-121.9348987,37.3147843,69.15899602104179
ELEC,COUNTY EMPLOYEE PS1 #3,2220 Moorpark Ave,San Jose,CA,95128,,US,GPS,37.315317,-121.934019,2021-08-26,2024-07-09,194250.0,2024-07-09 00:37:44 UTC,,E,,Public,24 hours daily,0.0,2.0,0.0,,ChargePoint Network,http://www.chargepoint.com/,J1772,,,,,,False,,65634005,-121.9338001,37.3161051,89.74551698202926
ELEC,COUNTY EMPLOYEE PS1 #4,2220 Moorpark Ave,San Jose,CA,95128,,US,GPS,37.315367,-121.934025,2021-08-26,2024-07-09,194251.0,2024-07-09 00:37:44 UTC,,E,,Public,24 hours daily,0.0,2.0,0.0,,ChargePoint Network,http://www.chargepoint.com/,J1772,,,,,,False,,65634005,-121.9338001,37.3161051,84.44855833753616
ELEC,META MPK21.9-08,1 Facebook Way,Menlo Park,CA,94025,,US,GPS,37.481126,-122.16061,2021-08-26,2024-07-09,194255.0,2024-07-09 00:52:31 UTC,,E,,Public,24 hours daily,0.0,2.0,0.0,,ChargePoint Network,http://www.chargepoint.com/,J1772,,,,,,False,,331871190,-122.1606038,37.4794262,189.01019509168026
ELEC,SAN ANSELMO MAGNOLIA 2,541 San Anselmo Ave,San Anselmo,CA,94960,,US,GPS,37.974873,-122.563221,2021-08-26,2024-07-09,194256.0,2024-07-09 00:54:01 UTC,,E,,Public,24 hours daily,0.0,2.0,0.0,,ChargePoint Network,http://www.chargepoint.com/,J1772,,,,,,False,,2345089788,-122.5632878,37.9747106,18.983623006313508
ELEC,META BUR102-08,322 Airport Blvd.,Burlingame,CA,94010,,US,GPS,37.590382,-122.335289,2021-08-26,2024-07-09,194266.0,2024-07-09 01:23:33 UTC,,E,,Public,24 hours daily,0.0,2.0,0.0,,ChargePoint Network,http://www.chargepoint.com/,J1772,,,,,,False,,9021363466,-122.334687,37.5888775,175.50068211953885
ELEC,"Columbia REIT - 650 California, LLC",650 California Street,San Francisco,CA,94108,,US,GPS,37.792629,-122.405029,2020-12-08,2024-07-09,194305.0,2024-07-09 00:21:28 UTC,,E,,Public,24 hours daily,0.0,2.0,0.0,,Blink Network,http://www.blinkcharging.com/,J1772,,Free,,,,False,,65295289,-122.4044255,37.7926558,53.11327378853204
ELEC,COUNTY EMPLOYEE PS2 #5,751 S Bascom Ave,San Jose,CA,95128,,US,GPS,37.31406,-121.935051,2021-08-27,2024-07-09,194310.0,2024-07-09 00:37:43 UTC,,E,,Public,24 hours daily,0.0,2.0,0.0,,ChargePoint Network,http://www.chargepoint.com/,J1772,,,,,,False,,65520912,-121.9349912,37.3135394,58.129230188091164
ELEC,PELL 200 SRR 1,200 Smith Ranch Rd,San Rafael,CA,94903,,US,GPS,38.017453,-122.53292,2021-08-28,2024-07-09,194613.0,2024-07-09 00:44:24 UTC,,E,,Public,24 hours daily,0.0,2.0,0.0,,ChargePoint Network,http://www.chargepoint.com/,J1772,,,,,,False,,110383446,-122.5317258,38.0167249,132.28372760833267
ELEC,Solano Avenue,Parking Lot Behind,Albany,CA,94706,,US,GPS,37.8906857,-122.2964514,2016-07-05,2024-07-09,194888.0,2024-07-09 00:22:04 UTC,,E,,Public,24 hours daily,0.0,2.0,0.0,,Blink Network,http://www.blinkcharging.com/,J1772,,$0.00-$5.00/Hr Variable Parking Fee,,,,False,,53062037,-122.2962425,37.8904307,33.76452707121422
ELEC,531410  475 Brannan Street,475 Brannan Street,SF,CA,94107,,US,GPS,37.7786204,-122.3951795,2018-06-29,2024-07-09,194890.0,2024-07-09 00:09:46 UTC,,E,,Public,Mon 7:00am - 4:00pm; Tue 7:00am - 4:00pm; Wed 7:00am - 4:00pm; Thu 7:00am - 4:00pm; Fri 7:00am - 4:00pm; Sat 12:00am - 12:00am; Sun 12:00am - 12:00am,0.0,6.0,0.0,,Blink Network,http://www.blinkcharging.com/,J1772,,$2.00/Hr Parking Fee,,,,False,,65291003,-122.3946458,37.7785754,47.17133025695623
ELEC,St. Rose Hospital,27200 Calaroga Avenue,Hayward,CA,94545,,US,GPS,37.6336778,-122.0885484,2017-09-07,2024-07-09,194891.0,2024-07-09 00:04:32 UTC,,E,,Public,24 hours daily,0.0,4.0,0.0,,Blink Network,http://www.blinkcharging.com/,J1772,,$1.00/Hr Parking Fee,,,,False,,53055312,-122.0898706,37.6346638,159.92702283832148
ELEC,400 Oyster Point Marina Plaza,"400 Oyster Point , B1, #117",South San Francisco,CA,94080,,US,GPS,37.6655539,-122.3824533,2017-10-19,2024-07-09,194893.0,2024-07-09 00:23:23 UTC,,E,,Public,24 hours daily,0.0,10.0,0.0,,Blink Network,http://www.blinkcharging.com/,J1772,,$1.00-$2.00/Hr Variable Parking Fee,,,,False,,65479774,-122.3834422,37.6664184,129.68111121068299
ELEC,225 WSC,225 West Santa Clara,San Jose,CA,95113,,US,GPS,37.335081,-121.8946745,2014-11-10,2024-07-09,194895.0,2024-07-09 00:18:54 UTC,,E,,Public,24 hours daily,0.0,4.0,0.0,,Blink Network,http://www.blinkcharging.com/,J1772,,$1.50-$10.00/Hr Variable Parking Fee,,,,False,,3537422680,-121.894614,37.3356771,66.49885824878454
ELEC,Three Embarcadero Center,"Three Embarcadero Center, A Level Parking",San Francisco,CA,94111,,US,GPS,37.7951389,-122.3973611,2012-02-06,2024-07-09,195040.0,2024-07-09 00:17:19 UTC,,E,,Public,24 hours daily,0.0,2.0,0.0,,Blink Network,http://www.blinkcharging.com/,J1772,,$2.00-$6.00/Hr Variable Parking Fee,,,,False,,65324593,-122.3968336,37.7954802,59.90470773100275
ELEC,500 Howard ST,500 Howard ST,San Francisco,CA,94105,,US,GPS,37.7884892,-122.3967349,2016-06-16,2024-07-09,195067.0,2024-07-09 00:23:44 UTC,,E,,Public,24 hours daily,0.0,4.0,0.0,,Blink Network,http://www.blinkcharging.com/,J1772,,FREE,,,,False,,65306795,-122.396028,37.7885423,62.398826906586926
ELEC,395 Oyster Point Marina Plaza,395 Oyster Point Boulevard,South San Francisco,CA,94080,,US,GPS,37.66779052951845,-122.3831347543609,2014-03-11,2024-07-09,195223.0,2024-07-09 00:17:49 UTC,,E,,Public,24 hours daily,0.0,9.0,0.0,,Blink Network,http://www.blinkcharging.com/,J1772,,$1.00-$2.00/Hr Variable Parking Fee,,,,False,,65479774,-122.3834422,37.6664184,154.95530590793396
ELEC,Milpitas City Hall,455 E. Calaveras Blvd.,Milpitas,CA,95035,,US,GPS,37.4329175,-121.8990844,2021-05-29,2024-07-09,195224.0,2024-07-09 00:22:02 UTC,,E,,Public,24 hours daily,0.0,2.0,0.0,,Blink Network,http://www.blinkcharging.com/,J1772,,"$0.00-$2.00/Hr Variable Parking Fee, $0.16/kWh Energy Fee",,,,False,,1703241910,-121.898864,37.4324558,54.903386967562405
ELEC,La Quinta Inn & Suites Morgan Hill/San Jose South,17043 Condit Road,Morgan Hill,CA,95037,,US,GPS,37.1341181,-121.6318174,2015-12-30,2024-07-09,195225.0,2024-07-09 00:23:30 UTC,,E,,Public,24 hours daily,0.0,4.0,0.0,,Blink Network,http://www.blinkcharging.com/,J1772,,"$1.00/Hr Parking Fee , $0.25/kWh Energy Fee",,,,False,,1722549902,-121.6314391,37.1345801,61.34906075903876
ELEC,Hacienda Pleasanton,5723 West Las Positas Boulevard,Pleasanton,CA,94588,,US,GPS,37.6880079,-121.887412,2015-06-18,2024-07-09,195358.0,2024-07-09 00:21:47 UTC,,E,,Public,24 hours daily,0.0,2.0,0.0,,Blink Network,http://www.blinkcharging.com/,J1772,,"$1.50-$3.00/Hr Variable Parking Fee, $0.18-$0.22/kWh Variable Energy Fee",,,,False,,430104672,-121.887141,37.6875889,52.33884754412352
ELEC,350 BUSH STREET OWNER LLC,350 Bush Street,SF,CA,94104,,US,GPS,37.7914175,-122.4034082,2017-08-23,2024-07-09,195360.0,2024-07-09 00:17:30 UTC,,E,,Public,24 hours daily,0.0,7.0,0.0,,Blink Network,http://www.blinkcharging.com/,J1772,,"$2.00/Hr Parking Fee , $0.25/kWh Energy Fee",,,,False,,65352429,-122.4042334,37.7917031,79.16085285237502
ELEC,Genesis Station,2001 Junipero Serra Boulevard,Daly City,CA,94014,,US,GPS,37.7011118,-122.469811,2011-12-30,2024-07-09,195361.0,2024-07-09 00:23:48 UTC,,E,,Public,24 hours daily,0.0,15.0,0.0,,Blink Network,http://www.blinkcharging.com/,J1772,,$1.00-$2.00/Hr Variable Parking Fee,,,,False,,65424353,-122.4686174,37.7018672,134.47219227523536
ELEC,2675 Pleasant Hill Road,2675 Pleasant Hill Road,Walnut Creek,CA,94597,,US,GPS,37.9549151,-122.0904342,2020-08-17,2024-07-09,195403.0,2024-07-09 00:22:07 UTC,,E,,Public,24 hours daily,0.0,3.0,0.0,,Blink Network,http://www.blinkcharging.com/,J1772,,"$0.00-$5.00/Hr Variable Parking Fee, $0.00-$0.25/kWh Variable Energy Fee",,,,False,,3221239248,-122.0903919,37.9556844,85.62273606262613
ELEC,531405  One Embarcadero Center,Embarcadero Center,San Francisco,CA,94111,,US,GPS,37.794454,-122.3985089,2018-06-28,2024-07-09,195472.0,2024-07-09 00:06:19 UTC,,E,,Public,24 hours daily,0.0,6.0,0.0,,Blink Network,http://www.blinkcharging.com/,J1772,,$2.00-$6.00/Hr Variable Parking Fee,,,,False,,65307354,-122.3989918,37.7942922,46.08817223389445
ELEC,One Embaracadero Center,"One Embaracadero Center, A Level Parking",San Francisco,CA,94111,,US,GPS,37.7944167,-122.3996389,2012-02-06,2024-07-09,195473.0,2024-07-09 00:17:19 UTC,,E,,Public,24 hours daily,0.0,2.0,0.0,,Blink Network,http://www.blinkcharging.com/,J1772,,$2.00-$6.00/Hr Variable Parking Fee,,,,False,,65307356,-122.4001635,37.794144,55.17504638722492
ELEC,531402 - Three Embarcadero Center,Three Embarcadero Center,San Francisco,CA,94111,,US,GPS,37.7948167,-122.397348,2014-04-14,2024-07-09,195520.0,2024-07-09 00:07:43 UTC,,E,,Public,24 hours daily,0.0,6.0,0.0,,Blink Network,http://www.blinkcharging.com/,J1772,,$2.00-$6.00/Hr Variable Parking Fee,,,,False,,65307352,-122.3978164,37.794441,58.64429055916003
ELEC,Main Location,60 South Market Suite 1230,San Jose,CA,95113,,US,GPS,37.3345277,-121.8909797,2021-09-07,2024-07-09,195524.0,2024-07-09 00:18:59 UTC,,E,,Public,24 hours daily,0.0,4.0,0.0,,Blink Network,http://www.blinkcharging.com/,J1772,,$1.50-$10.00/Hr Variable Parking Fee,,,,False,,65435567,-121.8909153,37.3348305,34.14789577361773
ELEC,The Plaza Suites Hotel Silicon Valley @ Santa Clara,3100 Lakeside Drive,Santa Clara,CA,95054,,US,GPS,37.3865906,-121.9833958,2014-09-10,2024-07-09,195623.0,2024-07-09 00:20:36 UTC,,E,,Public,24 hours daily,0.0,2.0,0.0,,Blink Network,http://www.blinkcharging.com/,J1772,,$0.00-$0.60/kWh Variable Energy Fee,,,,False,,60434555,-121.9830968,37.3873946,93.2220795575523
ELEC,"Century 16 3200 Klose Way, Richmond CA",3200 Klose Way Richmond,Richmond,CA,94806,,US,GPS,37.981716,-122.319073,2021-09-03,2024-06-23,195702.0,2024-06-23 03:17:43 UTC,,E,,Public,Mon 7:30am - 10:59pm; Tue 7:30am - 10:59pm; Wed 7:30am - 10:59pm; Thu 7:30am - 10:59pm; Fri 7:30am - 10:59pm; Sat 7:30am - 10:59pm; Sun 7:30am - 10:59pm,0.0,2.0,0.0,,Volta,https://voltacharging.com/,J1772,,,,False,LD,False,,416770542,-122.3207557,37.9820507,152.10295761788456
ELEC,Bacchus Landing,14210 Bacchus Landing Way,Healdsburg,CA,95448,,US,GPS,38.6059670122053,-122.881657608698,2021-08-30,2023-06-12,195715.0,2024-01-31 22:07:01 UTC,P,E,,Public - Credit card at all times,11am-5pm daily,0.0,3.0,0.0,,Non-Networked,,J1772,BREWERY_DISTILLERY_WINERY,Free,,False,LD,False,,56061221,-122.8810993,38.6048849,129.7376293913828
ELEC,META BUR101-01 ADA,333 Airport Blvd.,Burlingame,CA,94010,,US,GPS,37.590282,-122.337059,2021-09-11,2024-07-09,195806.0,2024-07-09 01:16:58 UTC,,E,,Public,24 hours daily,0.0,1.0,0.0,,ChargePoint Network,http://www.chargepoint.com/,J1772,,,,,,False,,272748907,-122.3379996,37.5909628,112.24607356375886
ELEC,META BUR101-05,333 Airport Blvd.,Burlingame,CA,94010,,US,GPS,37.590093,-122.33675,2021-09-11,2024-07-09,195807.0,2024-07-09 01:16:58 UTC,,E,,Public,24 hours daily,0.0,2.0,0.0,,ChargePoint Network,http://www.chargepoint.com/,J1772,,,,,,False,,272748907,-122.3379996,37.5909628,146.54950930749513
ELEC,META BUR101-04,311 Airport Blvd.,Burlingame,CA,94010,,US,GPS,37.590111,-122.336753,2021-09-11,2024-07-09,195808.0,2024-07-09 01:16:59 UTC,,E,,Public,24 hours daily,0.0,2.0,0.0,,ChargePoint Network,http://www.chargepoint.com/,J1772,,,,,,False,,272748907,-122.3379996,37.5909628,145.03607413841144
ELEC,META BUR101-06 ADA,333 Airport Blvd.,Burlingame,CA,94010,,US,GPS,37.590088,-122.337077,2021-09-11,2024-07-09,195809.0,2024-07-09 01:16:59 UTC,,E,,Public,24 hours daily,0.0,2.0,0.0,,ChargePoint Network,http://www.chargepoint.com/,J1772,,,,,,False,,272748907,-122.3379996,37.5909628,126.76839564850562
ELEC,META BUR101-07 ADA,333 Airport Blvd.,Burlingame,CA,94010,,US,GPS,37.590113,-122.337186,2021-09-11,2024-07-09,195810.0,2024-07-09 01:16:59 UTC,,E,,Public,24 hours daily,0.0,2.0,0.0,,ChargePoint Network,http://www.chargepoint.com/,J1772,,,,,,False,,272748907,-122.3379996,37.5909628,118.60839910118
ELEC,META BUR101-12,311 Airport Blvd.,Burlingame,CA,94010,,US,GPS,37.590093,-122.337415,2021-09-11,2024-07-09,195811.0,2024-07-09 01:16:59 UTC,,E,,Public,24 hours daily,0.0,2.0,0.0,,ChargePoint Network,http://www.chargepoint.com/,J1772,,,,,,False,,272748907,-122.3379996,37.5909628,109.57853507835823
ELEC,META BUR101-13,311 Airport Blvd.,Burlingame,CA,94010,,US,GPS,37.589926,-122.337414,2021-09-11,2024-07-09,195812.0,2024-07-09 01:16:59 UTC,,E,,Public,24 hours daily,0.0,2.0,0.0,,ChargePoint Network,http://www.chargepoint.com/,J1772,,,,,,False,,272748907,-122.3379996,37.5909628,126.30669491405115
ELEC,META BUR101-16,311 Airport Blvd.,Burlingame,CA,94010,,US,GPS,37.589897,-122.337306,2021-09-11,2024-07-09,195813.0,2024-07-09 01:16:59 UTC,,E,,Public,24 hours daily,0.0,2.0,0.0,,ChargePoint Network,http://www.chargepoint.com/,J1772,,,,,,False,,272748907,-122.3379996,37.5909628,133.34107423548042
ELEC,META BUR101-17,311 Airport Blvd.,Burlingame,CA,94010,,US,GPS,37.589929,-122.337195,2021-09-11,2024-07-09,195814.0,2024-07-09 01:16:59 UTC,,E,,Public,24 hours daily,0.0,2.0,0.0,,ChargePoint Network,http://www.chargepoint.com/,J1772,,,,,,False,,272748907,-122.3379996,37.5909628,135.05615762918748
ELEC,META BUR101-14,311 Airport Blvd.,Burlingame,CA,94010,,US,GPS,37.589903,-122.337412,2021-09-11,2024-07-09,195815.0,2024-07-09 01:16:59 UTC,,E,,Public,24 hours daily,0.0,2.0,0.0,,ChargePoint Network,http://www.chargepoint.com/,J1772,,,,,,False,,272748907,-122.3379996,37.5909628,128.71607920881317
ELEC,META BUR101-18,311 Airport Blvd.,Burlingame,CA,94010,,US,GPS,37.589904,-122.337196,2021-09-11,2024-07-09,195816.0,2024-07-09 01:17:00 UTC,,E,,Public,24 hours daily,0.0,2.0,0.0,,ChargePoint Network,http://www.chargepoint.com/,J1772,,,,,,False,,272748907,-122.3379996,37.5909628,137.3845811216989
ELEC,META BUR101-15,311 Airport Blvd.,Burlingame,CA,94010,,US,GPS,37.589928,-122.337305,2021-09-11,2024-07-09,195817.0,2024-07-09 01:17:00 UTC,,E,,Public,24 hours daily,0.0,2.0,0.0,,ChargePoint Network,http://www.chargepoint.com/,J1772,,,,,,False,,272748907,-122.3379996,37.5909628,130.32831119414982
ELEC,META BUR101-02 ADA,333 Airport Blvd.,Burlingame,CA,94010,,US,GPS,37.590281,-122.337008,2021-09-11,2024-07-09,195818.0,2024-07-09 01:17:00 UTC,,E,,Public,24 hours daily,0.0,1.0,0.0,,ChargePoint Network,http://www.chargepoint.com/,J1772,,,,,,False,,272748907,-122.3379996,37.5909628,115.67646851153268
ELEC,META BUR101-10,333 Airport Blvd.,Burlingame,CA,94010,,US,GPS,37.590092,-122.337301,2021-09-11,2024-07-09,195819.0,2024-07-09 01:17:01 UTC,,E,,Public,24 hours daily,0.0,2.0,0.0,,ChargePoint Network,http://www.chargepoint.com/,J1772,,,,,,False,,272748907,-122.3379996,37.5909628,114.7372575289855
ELEC,META BUR101-09,333 Airport Blvd.,Burlingame,CA,94010,,US,GPS,37.590115,-122.337303,2021-09-11,2024-07-09,195820.0,2024-07-09 01:17:02 UTC,,E,,Public,24 hours daily,0.0,2.0,0.0,,ChargePoint Network,http://www.chargepoint.com/,J1772,,,,,,False,,272748907,-122.3379996,37.5909628,112.49106098361105
ELEC,META BUR101-11,333 Airport Blvd.,Burlingame,CA,94010,,US,GPS,37.590115,-122.337415,2021-09-11,2024-07-09,195821.0,2024-07-09 01:17:02 UTC,,E,,Public,24 hours daily,0.0,2.0,0.0,,ChargePoint Network,http://www.chargepoint.com/,J1772,,,,,,False,,272748907,-122.3379996,37.5909628,107.42551152391339
ELEC,META BUR101-08 ADA,333 Airport Blvd.,Burlingame,CA,94010,,US,GPS,37.590092,-122.337186,2021-09-11,2024-07-09,195822.0,2024-07-09 01:17:02 UTC,,E,,Public,24 hours daily,0.0,2.0,0.0,,ChargePoint Network,http://www.chargepoint.com/,J1772,,,,,,False,,272748907,-122.3379996,37.5909628,120.47700933804911
ELEC,META BUR101-03 ADA,333 Airport Blvd.,Burlingame,CA,94010,,US,GPS,37.590282,-122.336946,2021-09-11,2024-07-09,195844.0,2024-07-09 01:29:19 UTC,,E,,Public,24 hours daily,0.0,1.0,0.0,,ChargePoint Network,http://www.chargepoint.com/,J1772,,,,,,False,,272748907,-122.3379996,37.5909628,119.78567407851192
ELEC,Ferry 1 of 4,1435 Harbour Way S,Richmond,CA,94804,,US,GPS,37.91028203014655,-122.35954838005838,2021-09-15,2024-07-09,195937.0,2024-07-09 00:12:17 UTC,,E,,Public,24 hours daily,0.0,1.0,0.0,,Blink Network,http://www.blinkcharging.com/,J1772,,Free,,,,False,,57922742,-122.3592754,37.9099947,39.92891554798601
ELEC,Fairmont Plaza,50 W San Fernando St,San Jose,CA,95113,,US,GPS,37.333867,-121.889278,2021-09-18,2024-07-09,196099.0,2024-07-09 00:04:01 UTC,,E,,Public,24 hours daily,0.0,2.0,0.0,,Blink Network,http://www.blinkcharging.com/,J1772,,Free,,,,False,,65551808,-121.8892321,37.3343057,48.949791565058995
ELEC,META BUR105-14,311 Airport Blvd.,Burlingame,CA,94010,,US,GPS,37.589758,-122.337301,2021-09-21,2024-07-09,196109.0,2024-07-09 01:17:00 UTC,,E,,Public,24 hours daily,0.0,2.0,0.0,,ChargePoint Network,http://www.chargepoint.com/,J1772,,,,,,False,,272748907,-122.3379996,37.5909628,147.4321658425739
ELEC,META BUR105-09,311 Airport Blvd.,Burlingame,CA,94010,,US,GPS,37.589593,-122.337197,2021-09-21,2024-07-09,196110.0,2024-07-09 01:17:00 UTC,,E,,Public,24 hours daily,0.0,2.0,0.0,,ChargePoint Network,http://www.chargepoint.com/,J1772,,,,,,False,,65505317,-122.3370396,37.5883506,138.84317275246977
ELEC,META BUR105-11,311 Airport Blvd.,Burlingame,CA,94010,,US,GPS,37.589592,-122.337302,2021-09-21,2024-07-09,196111.0,2024-07-09 01:17:00 UTC,,E,,Public,24 hours daily,0.0,2.0,0.0,,ChargePoint Network,http://www.chargepoint.com/,J1772,,,,,,False,,65505317,-122.3370396,37.5883506,139.960464035365
ELEC,META BUR105-05,311 Airport Blvd.,Burlingame,CA,94010,,US,GPS,37.589592,-122.336983,2021-09-21,2024-07-09,196112.0,2024-07-09 01:17:00 UTC,,E,,Public,24 hours daily,0.0,2.0,0.0,,ChargePoint Network,http://www.chargepoint.com/,J1772,,,,,,False,,65505317,-122.3370396,37.5883506,138.127636895804
ELEC,META BUR105-12,311 Airport Blvd.,Burlingame,CA,94010,,US,GPS,37.589563,-122.337304,2021-09-21,2024-07-09,196113.0,2024-07-09 01:17:00 UTC,,E,,Public,24 hours daily,0.0,2.0,0.0,,ChargePoint Network,http://www.chargepoint.com/,J1772,,,,,,False,,65505317,-122.3370396,37.5883506,136.8110453941959
ELEC,META BUR105-08,311 Airport Blvd.,Burlingame,CA,94010,,US,GPS,37.589563,-122.337087,2021-09-21,2024-07-09,196115.0,2024-07-09 01:17:01 UTC,,E,,Public,24 hours daily,0.0,2.0,0.0,,ChargePoint Network,http://www.chargepoint.com/,J1772,,,,,,False,,65505317,-122.3370396,37.5883506,134.87759787269007
ELEC,META BUR105-04,311 Airport Blvd.,Burlingame,CA,94010,,US,GPS,37.589564,-122.336873,2021-09-21,2024-07-09,196116.0,2024-07-09 01:17:01 UTC,,E,,Public,24 hours daily,0.0,2.0,0.0,,ChargePoint Network,http://www.chargepoint.com/,J1772,,,,,,False,,65505317,-122.3370396,37.5883506,135.72030865429593
ELEC,META BUR105-03,311 Airport Blvd.,Burlingame,CA,94010,,US,GPS,37.589593,-122.336875,2021-09-21,2024-07-09,196117.0,2024-07-09 01:17:01 UTC,,E,,Public,24 hours daily,0.0,2.0,0.0,,ChargePoint Network,http://www.chargepoint.com/,J1772,,,,,,False,,65505317,-122.3370396,37.5883506,138.90797653522336
ELEC,META BUR105-01,311 Airport Blvd.,Burlingame,CA,94010,,US,GPS,37.589594,-122.336762,2021-09-21,2024-07-09,196118.0,2024-07-09 01:17:01 UTC,,E,,Public,24 hours daily,0.0,2.0,0.0,,ChargePoint Network,http://www.chargepoint.com/,J1772,,,,,,False,,65505317,-122.3370396,37.5883506,140.40691455075822
ELEC,META BUR105-06,311 Airport Blvd.,Burlingame,CA,94010,,US,GPS,37.589562,-122.336979,2021-09-21,2024-07-09,196119.0,2024-07-09 01:17:01 UTC,,E,,Public,24 hours daily,0.0,2.0,0.0,,ChargePoint Network,http://www.chargepoint.com/,J1772,,,,,,False,,65505317,-122.3370396,37.5883506,134.80751320838962
ELEC,META BUR105-07,311 Airport Blvd.,Burlingame,CA,94010,,US,GPS,37.589589,-122.337089,2021-09-21,2024-07-09,196120.0,2024-07-09 01:17:02 UTC,,E,,Public,24 hours daily,0.0,2.0,0.0,,ChargePoint Network,http://www.chargepoint.com/,J1772,,,,,,False,,65505317,-122.3370396,37.5883506,137.77276766773608
ELEC,META BUR105-13,311 Airport Blvd.,Burlingame,CA,94010,,US,GPS,37.589734,-122.337305,2021-09-21,2024-07-09,196121.0,2024-07-09 01:17:02 UTC,,E,,Public,24 hours daily,0.0,2.0,0.0,,ChargePoint Network,http://www.chargepoint.com/,J1772,,,,,,False,,272748907,-122.3379996,37.5909628,149.71685898558357
ELEC,META BUR105-02,311 Airport Blvd.,Burlingame,CA,94010,,US,GPS,37.589562,-122.336765,2021-09-21,2024-07-09,196122.0,2024-07-09 01:17:02 UTC,,E,,Public,24 hours daily,0.0,2.0,0.0,,ChargePoint Network,http://www.chargepoint.com/,J1772,,,,,,False,,65505317,-122.3370396,37.5883506,136.85750489435017
ELEC,COUNTY VHC GILROY 6,7475 Camino Arroyo,Gilroy,CA,95020,,US,GPS,37.011109,-121.557273,2021-09-22,2024-07-09,196172.0,2024-07-09 01:27:21 UTC,,E,,Public,24 hours daily,0.0,2.0,0.0,,ChargePoint Network,http://www.chargepoint.com/,J1772,,,,,,False,,8171465906,-121.5566081,37.0114667,71.18570863645296
ELEC,SANTA CLARA U. CAMPISI GW 2,500 El Camino Real Cowell Service Road,Santa Clara,CA,95053,,US,GPS,37.348251,-121.935991,2021-09-23,2024-07-09,196199.0,2024-07-09 00:31:41 UTC,,E,,Public,24 hours daily,0.0,2.0,0.0,,ChargePoint Network,http://www.chargepoint.com/,J1772,,,,,,False,,314139512,-121.9379106,37.3469446,223.37291283820508
ELEC,SANTA CLARA U. MAIN GARAGE 01,500 El Camino Real,Santa Clara,CA,95050,,US,GPS,37.349709,-121.937102,2021-09-23,2024-07-09,196201.0,2024-07-09 00:31:41 UTC,,E,,Public,24 hours daily,0.0,2.0,0.0,,ChargePoint Network,http://www.chargepoint.com/,J1772,,,,,,False,,431731431,-121.938494,37.350286,138.76726503922512
ELEC,SANTA CLARA U. MAIN GARAGE 03,500 El Camino Real,Santa Clara,CA,95050,,US,GPS,37.349962,-121.937288,2021-09-23,2024-07-09,196202.0,2024-07-09 00:31:57 UTC,,E,,Public,24 hours daily,0.0,2.0,0.0,,ChargePoint Network,http://www.chargepoint.com/,J1772,,,,,,False,,431731431,-121.938494,37.350286,112.52613912453147
ELEC,SANTA CLARA U. MAIN GARAGE 02,500 El Camino Real,Santa Clara,CA,95050,,US,GPS,37.349858,-121.937212,2021-09-23,2024-07-09,196203.0,2024-07-09 00:31:57 UTC,,E,,Public,24 hours daily,0.0,2.0,0.0,,ChargePoint Network,http://www.chargepoint.com/,J1772,,,,,,False,,431731431,-121.938494,37.350286,122.90879321177162
ELEC,SANTA CLARA U. NORTH CAMPUS 01,3201 The Alameda,Santa Clara,CA,95050,,US,GPS,37.351485,-121.941358,2021-09-23,2024-07-09,196206.0,2024-07-09 00:50:40 UTC,,E,,Public,24 hours daily,0.0,2.0,0.0,,ChargePoint Network,http://www.chargepoint.com/,J1772,,,,,,False,,5369474542,-121.9420437,37.3510919,74.728073733444
ELEC,SANTA CLARA U. NORTH CAMPUS 03,770 Benton St,Santa Clara,CA,95050,,US,GPS,37.351592,-121.941872,2021-09-23,2024-07-09,196207.0,2024-07-09 00:50:43 UTC,,E,,Public,24 hours daily,0.0,2.0,0.0,,ChargePoint Network,http://www.chargepoint.com/,J1772,,,,,,False,,65541109,-121.9423772,37.3516968,46.151085586780574
ELEC,SANTA CLARA U. NORTH CAMPUS 02,3201 The Alameda,Santa Clara,CA,95050,,US,GPS,37.3515,-121.941337,2021-09-23,2024-07-09,196208.0,2024-07-09 00:50:52 UTC,,E,,Public,24 hours daily,0.0,2.0,0.0,,ChargePoint Network,http://www.chargepoint.com/,J1772,,,,,,False,,5369474542,-121.9420437,37.3510919,77.20971730552861
ELEC,VARSITYBERKELEY STATION 1,2024 Durant Ave,Berkeley,CA,94704,,US,GPS,37.866473,-122.268936,2021-09-23,2024-07-09,196235.0,2024-07-09 01:29:47 UTC,,E,,Public,24 hours daily,0.0,2.0,0.0,,ChargePoint Network,http://www.chargepoint.com/,J1772,,,,,,False,,259581499,-122.2677505,37.8666822,106.63389236663521
ELEC,MB OF SANTA ROS STATION 1,2885 Corby Ave Exd,Santa Rosa,CA,95407,,US,GPS,38.407091,-122.716673,2021-09-25,2024-07-09,196348.0,2024-07-09 01:25:32 UTC,,E,,Public,24 hours daily,0.0,2.0,0.0,,ChargePoint Network,http://www.chargepoint.com/,J1772,,,,,,False,,56099337,-122.7164085,38.4067591,43.510857118052066
ELEC,GARDEN STATION 1,1178 Galleron Rd,St. Helena,CA,94574,,US,GPS,38.474215,-122.43293,2021-09-25,2024-07-09,196378.0,2024-07-09 01:29:46 UTC,,E,,Public,24 hours daily,0.0,2.0,0.0,,ChargePoint Network,http://www.chargepoint.com/,J1772,,,,,,False,,55950088,-122.43295,38.4727077,167.61339270233822
ELEC,4500 GREAT AMER STATION 1,4500 Great America Pkwy,Santa Clara,CA,95054,,US,GPS,37.394844,-121.97789,2021-09-30,2024-07-09,196493.0,2024-07-09 01:29:27 UTC,,E,,Public,24 hours daily,0.0,2.0,0.0,,ChargePoint Network,http://www.chargepoint.com/,J1772,,,,,,False,,65537899,-121.977982,37.3960159,130.5627201798959
ELEC,4500 GREAT AMER STATION 2,4500 Great America Pkwy,Santa Clara,CA,95054,,US,GPS,37.39467,-121.97828,2021-09-30,2024-07-09,196494.0,2024-07-09 01:29:28 UTC,,E,,Public,24 hours daily,0.0,2.0,0.0,,ChargePoint Network,http://www.chargepoint.com/,J1772,,,,,,False,,65537899,-121.977982,37.3960159,151.95521195036537
ELEC,4500 GREAT AMER STATION 3,4500 Great America Pkwy,Santa Clara,CA,95054,,US,GPS,37.39468,-121.978325,2021-09-30,2024-07-09,196495.0,2024-07-09 01:29:28 UTC,,E,,Public,24 hours daily,0.0,2.0,0.0,,ChargePoint Network,http://www.chargepoint.com/,J1772,,,,,,False,,65537899,-121.977982,37.3960159,151.60444209055416
ELEC,Palos Verdes Mall,1500 Palos Verdes Mall,Walnut Creek,CA,94597,,US,GPS,37.92427675,-122.088201,2021-09-24,2024-06-23,196525.0,2024-06-23 03:15:26 UTC,,E,,Public,Mon 5:00am - 10:59pm; Tue 5:00am - 10:59pm; Wed 5:00am - 10:59pm; Thu 5:00am - 10:59pm; Fri 5:00am - 10:59pm; Sat 5:00am - 10:59pm; Sun 5:00am - 10:59pm,0.0,4.0,0.0,,Volta,https://voltacharging.com/,J1772,,,,False,LD,False,,5521148983,-122.0878079,37.925307,119.63513222349258
ELEC,Hayward Wellness Southland Mall,One Southland Mall Drive,Hayward,CA,94545,,US,GPS,37.65117,-122.104147,2021-09-24,2024-06-23,196526.0,2024-06-23 03:17:36 UTC,,E,,Public,Mon 5:00am - 10:59pm; Tue 5:00am - 10:59pm; Wed 5:00am - 10:59pm; Thu 5:00am - 10:59pm; Fri 5:00am - 10:59pm; Sat 5:00am - 10:59pm; Sun 5:00am - 10:59pm,0.0,2.0,0.0,,Volta,https://voltacharging.com/,J1772,,,,False,LD,False,,53021580,-122.1058921,37.6516944,164.3282261831598
ELEC,Southland Mall - Hayward Macys,One Southland Mall Drive,Hayward,CA,94545,,US,GPS,37.65089,-122.1047865,2021-09-24,2024-06-23,196527.0,2024-06-23 03:18:36 UTC,,E,,Public,Mon 5:00am - 10:59pm; Tue 5:00am - 10:59pm; Wed 5:00am - 10:59pm; Thu 5:00am - 10:59pm; Fri 5:00am - 10:59pm; Sat 5:00am - 10:59pm; Sun 5:00am - 10:59pm,0.0,2.0,0.0,,Volta,https://voltacharging.com/,J1772,,,,False,LD,False,,53021580,-122.1058921,37.6516944,132.19122313195084
ELEC,Southland Mall - Hayward NW Entrance,One Southland Mall Drive,Hayward,CA,94545,,US,GPS,37.65179955,-122.1020119,2021-09-24,2024-06-23,196528.0,2024-06-23 03:18:50 UTC,,E,,Public,Mon 5:00am - 10:59pm; Tue 5:00am - 10:59pm; Wed 5:00am - 10:59pm; Thu 5:00am - 10:59pm; Fri 5:00am - 10:59pm; Sat 5:00am - 10:59pm; Sun 5:00am - 10:59pm,0.0,2.0,0.0,,Volta,https://voltacharging.com/,J1772,,,,False,LD,False,,601724127,-122.099942,37.6533102,247.8361767513085
ELEC,H&M Southland Mall,One Southland Mall Drive,Hayward,CA,94545,,US,GPS,37.6501635,-122.102332,2021-09-24,2024-06-23,196529.0,2024-06-23 03:19:06 UTC,,E,,Public,Mon 5:00am - 10:59pm; Tue 5:00am - 10:59pm; Wed 5:00am - 10:59pm; Thu 5:00am - 10:59pm; Fri 5:00am - 10:59pm; Sat 5:00am - 10:59pm; Sun 5:00am - 10:59pm,0.0,2.0,0.0,,Volta,https://voltacharging.com/,J1772,,,,False,LD,False,,53076052,-122.1019898,37.6492566,105.24696836471657
ELEC,1111 Broadway,1111 Broadway,Oakland,CA,94607,,US,GPS,37.8028027,-122.272921,2012-01-12,2024-07-09,197056.0,2024-07-09 00:22:36 UTC,,E,,Public,24 hours daily,0.0,9.0,0.0,,Blink Network,http://www.blinkcharging.com/,J1772,,$0.00-$2.00/Hr Variable Parking Fee,,,,False,,53077110,-122.2724916,37.8022601,71.15845196467251
ELEC,EV CHARGING MILPITAS EXT,1450 Escuela Pkwy,Milpitas,CA,95035,,US,GPS,37.453371,-121.900821,2021-10-05,2024-07-09,197102.0,2024-07-09 01:17:18 UTC,,E,,Public,24 hours daily,0.0,2.0,0.0,,ChargePoint Network,http://www.chargepoint.com/,J1772,,,,,,False,,65567146,-121.9012612,37.4530129,55.63677691888246
ELEC,CITY OF NOVATO ZENK LOT #2,800 Blodgett Lane,Novato,CA,94945,,US,GPS,38.106174,-122.56738,2021-10-05,2024-07-09,197108.0,2024-07-09 01:30:05 UTC,,E,,Public,24 hours daily,0.0,2.0,0.0,,ChargePoint Network,http://www.chargepoint.com/,J1772,,,,,,False,,110424806,-122.5679125,38.1059017,55.56586691464143
ELEC,CITY OF NOVATO ZENK LOT #3,800 Blodgett Lane,Novato,CA,94945,,US,GPS,38.10619,-122.56739,2021-10-05,2024-07-09,197109.0,2024-07-09 01:30:05 UTC,,E,,Public,24 hours daily,0.0,2.0,0.0,,ChargePoint Network,http://www.chargepoint.com/,J1772,,,,,,False,,110424806,-122.5679125,38.1059017,55.836387428686876
ELEC,CITY OF NOVATO ZENK LOT #1,800 Blodgett Lane,Novato,CA,94945,,US,GPS,38.106213,-122.5674,2021-10-05,2024-07-09,197110.0,2024-07-09 01:30:06 UTC,,E,,Public,24 hours daily,0.0,2.0,0.0,,ChargePoint Network,http://www.chargepoint.com/,J1772,,,,,,False,,110424806,-122.5679125,38.1059017,56.64786579093003
ELEC,CITY OF NOVATO SHERMAN AVENUE,911 Sherman Ave,Novato,CA,94945,,US,GPS,38.106376,-122.567895,2021-10-05,2024-07-09,197111.0,2024-07-09 01:30:06 UTC,,E,,Public,24 hours daily,0.0,2.0,0.0,,ChargePoint Network,http://www.chargepoint.com/,J1772,,,,,,False,,110424806,-122.5679125,38.1059017,52.76205065533866
ELEC,CITY OF NOVATO HAMILTON,Hamilton Theatre Parking Lot,Novato,CA,94949,,US,GPS,38.056732,-122.51858,2021-10-05,2024-07-09,197112.0,2024-07-09 01:30:06 UTC,,E,,Public,24 hours daily,0.0,2.0,0.0,,ChargePoint Network,http://www.chargepoint.com/,J1772,,,,,,False,,110426811,-122.5188921,38.0572361,62.35936531746204
ELEC,ALTABATESSUMMIT LEVEL E 1,451 34th STREET MERRITT GARAGE,Oakland,CA,94609,,US,GPS,37.821515,-122.264137,2021-10-07,2024-07-09,197167.0,2024-07-09 00:42:22 UTC,,E,,Public,24 hours daily,0.0,2.0,0.0,,ChargePoint Network,http://www.chargepoint.com/,J1772,,,,,,False,,53075949,-122.2642067,37.8219533,49.11981987654866
ELEC,ALTABATESSUMMIT LEVEL G 1,451 34th STREET MERRITT GARAGE,Oakland,CA,94609,,US,GPS,37.82146,-122.264133,2021-10-07,2024-07-09,197168.0,2024-07-09 00:42:22 UTC,,E,,Public,24 hours daily,0.0,2.0,0.0,,ChargePoint Network,http://www.chargepoint.com/,J1772,,,,,,False,,53075949,-122.2642067,37.8219533,55.23320102696249
ELEC,ALTABATESSUMMIT LEVEL C,451 34th STREET MERRITT GARAGE,Oakland,CA,94609,,US,GPS,37.821428,-122.264027,2021-10-07,2024-07-09,197169.0,2024-07-09 00:44:28 UTC,,E,,Public,24 hours daily,0.0,2.0,0.0,,ChargePoint Network,http://www.chargepoint.com/,J1772,,,,,,False,,95200450,-122.2641701,37.8209536,54.22777045167417
ELEC,ALTABATESSUMMIT ASHBY GRG EV7,2420 Ashby Ave ASHBY GARAGE,Berkeley,CA,94705,,US,GPS,37.856103,-122.258595,2021-10-07,2024-07-09,197171.0,2024-07-09 01:05:54 UTC,,E,,Public,24 hours daily,0.0,1.0,0.0,,ChargePoint Network,http://www.chargepoint.com/,J1772,,,,,,False,,53117318,-122.258254,37.8563721,42.327762053719056
ELEC,ALTABATESSUMMIT ASHBY GRG EV6,2420 Ashby Ave ASHBY GARAGE,Berkeley,CA,94705,,US,GPS,37.855858,-122.258484,2021-10-07,2024-07-09,197172.0,2024-07-09 01:05:55 UTC,,E,,Public,24 hours daily,0.0,2.0,0.0,,ChargePoint Network,http://www.chargepoint.com/,J1772,,,,,,False,,53117318,-122.258254,37.8563721,60.62696788511226
ELEC,ALTABATESSUMMIT ASHBY GRG EV3,2420 Ashby Ave ASHBY GARAGE,Berkeley,CA,94705,,US,GPS,37.855967,-122.258515,2021-10-07,2024-07-09,197173.0,2024-07-09 01:05:55 UTC,,E,,Public,24 hours daily,0.0,2.0,0.0,,ChargePoint Network,http://www.chargepoint.com/,J1772,,,,,,False,,53117318,-122.258254,37.8563721,50.53841776072511
ELEC,ALTABATESSUMMIT ASHBY GRG EV5,2420 Ashby Ave ASHBY GARAGE,Berkeley,CA,94705,,US,GPS,37.855787,-122.25847,2021-10-07,2024-07-09,197174.0,2024-07-09 01:05:55 UTC,,E,,Public,24 hours daily,0.0,2.0,0.0,,ChargePoint Network,http://www.chargepoint.com/,J1772,,,,,,False,,53045592,-122.2578332,37.8554681,66.20512165069552
ELEC,ALTABATESSUMMIT ASHBY GRG EV2,2420 Ashby Ave ASHBY GARAGE,Berkeley,CA,94705,,US,GPS,37.856127,-122.258563,2021-10-07,2024-07-09,197175.0,2024-07-09 01:05:56 UTC,,E,,Public,24 hours daily,0.0,1.0,0.0,,ChargePoint Network,http://www.chargepoint.com/,J1772,,,,,,False,,53117318,-122.258254,37.8563721,38.45425582614563
ELEC,ALTABATESSUMMIT SHATTUCK LOT 1,2100 Dwight Way,Berkeley,CA,94704,,US,GPS,37.863948,-122.266962,2021-10-07,2024-07-09,197176.0,2024-07-09 01:05:59 UTC,,E,,Public,24 hours daily,0.0,1.0,0.0,,ChargePoint Network,http://www.chargepoint.com/,J1772,,,,,,False,,53020970,-122.2673121,37.8639841,30.994639342317917
ELEC,ALTABATESSUMMIT SHATTUCK LOT 2,2100 Dwight Way,Berkeley,CA,94704,,US,GPS,37.863944,-122.266957,2021-10-07,2024-07-09,197177.0,2024-07-09 01:05:59 UTC,,E,,Public,24 hours daily,0.0,1.0,0.0,,ChargePoint Network,http://www.chargepoint.com/,J1772,,,,,,False,,53020970,-122.2673121,37.8639841,31.48981720619171
ELEC,ALTABATESSUMMIT SHATTUCK LT 8-9,2100 Dwight Way,Berkeley,CA,94704,,US,GPS,37.863934,-122.266728,2021-10-07,2024-07-09,197178.0,2024-07-09 01:05:59 UTC,,E,,Public,24 hours daily,0.0,2.0,0.0,,ChargePoint Network,http://www.chargepoint.com/,J1772,,,,,,False,,53020970,-122.2673121,37.8639841,51.57708639163378
ELEC,ALTABATESSUMMIT SHATTUCK LOT 10,2525 Shattuck Ave.,Berkeley,CA,94704,,US,GPS,37.863443,-122.267247,2021-10-07,2024-07-09,197179.0,2024-07-09 01:05:59 UTC,,E,,Public,24 hours daily,0.0,2.0,0.0,,ChargePoint Network,http://www.chargepoint.com/,J1772,,,,,,False,,53082742,-122.2671992,37.8630789,40.70300469415128
ELEC,ALTABATESSUMMIT SHATTUCK LT 6-7,2100 Dwight Way,Berkeley,CA,94704,,US,GPS,37.863952,-122.266855,2021-10-07,2024-07-09,197180.0,2024-07-09 01:05:59 UTC,,E,,Public,24 hours daily,0.0,2.0,0.0,,ChargePoint Network,http://www.chargepoint.com/,J1772,,,,,,False,,53020970,-122.2673121,37.8639841,40.28505814411505
ELEC,ALTABATESSUMMIT SHATTUCK LT 4-5,2100 Dwight Way,Berkeley,CA,94704,,US,GPS,37.863956,-122.2669,2021-10-07,2024-07-09,197181.0,2024-07-09 01:06:00 UTC,,E,,Public,24 hours daily,0.0,2.0,0.0,,ChargePoint Network,http://www.chargepoint.com/,J1772,,,,,,False,,53020970,-122.2673121,37.8639841,36.31096964961562
ELEC,ALTABATESSUMMIT SHATTUCK LOT 3,2100 Dwight Way,Berkeley,CA,94704,,US,GPS,37.863951,-122.266929,2021-10-07,2024-07-09,197182.0,2024-07-09 01:06:00 UTC,,E,,Public,24 hours daily,0.0,1.0,0.0,,ChargePoint Network,http://www.chargepoint.com/,J1772,,,,,,False,,53020970,-122.2673121,37.8639841,33.831316347720815
ELEC,ALTABATESSUMMIT ASHBY GRG EV1,2420 Ashby Ave ASHBY GARAGE,Berkeley,CA,94705,,US,GPS,37.856045,-122.25856,2021-10-07,2024-07-09,197183.0,2024-07-09 01:06:58 UTC,,E,,Public,24 hours daily,0.0,2.0,0.0,,ChargePoint Network,http://www.chargepoint.com/,J1772,,,,,,False,,53117318,-122.258254,37.8563721,45.21780277638497
ELEC,SG MENLO PARK 06SGGARAGE2NG,350 Sharon Park Dr,Menlo Park,CA,94025,,US,GPS,37.425129,-122.198527,2021-10-07,2024-07-09,197189.0,2024-07-09 01:23:36 UTC,,E,,Public,24 hours daily,0.0,2.0,0.0,,ChargePoint Network,http://www.chargepoint.com/,J1772,,,,,,False,,1781794162,-122.1974888,37.425892,124.91207308616697
ELEC,River Rock Casino,3250 Highway 128 E,Geyserville,CA,95441,,US,GPS,38.694469,-122.856567,2021-10-04,2022-12-13,197441.0,2023-02-14 15:54:11 UTC,P,E,,Public - Credit card at all times,24 hours daily,0.0,2.0,4.0,,Non-Networked,,CHADEMO J1772 J1772COMBO,OTHER_ENTERTAINMENT,Free,NONE,False,LD,False,,56131471,-122.8582518,38.6959466,219.94191746923508
ELEC,Oliver's Market,9230 Old Redwood Hwy,Windsor,CA,95492,,US,GPS,38.5490261255579,-122.8116892017,2021-10-04,2023-06-12,197442.0,2024-01-31 22:07:01 UTC,P,E,,Public - Credit card at all times,24 hours daily,0.0,2.0,0.0,,Non-Networked,,J1772,SHOPPING_CENTER,,,False,LD,False,,56117319,-122.8117712,38.5487458,31.976068102637687
ELEC,Wheel Works,2868 Las Positas Rd,Livermore,CA,94551,,US,GPS,37.69935986845,-121.765115159381,2021-10-04,2023-06-12,197444.0,2024-01-31 22:07:01 UTC,P,E,,Public - Credit card at all times,24 hours daily,0.0,1.0,0.0,,Non-Networked,,J1772,SHOPPING_CENTER,,,False,LD,False,,53149856,-121.760708,37.7002265,399.5390124157807
ELEC,CITY OF NOVATO GYMNASTICS,950 7th St,Novato,CA,94945,,US,GPS,38.108353,-122.577736,2021-10-12,2024-07-09,197623.0,2024-07-09 01:30:26 UTC,,E,,Public,24 hours daily,0.0,2.0,0.0,,ChargePoint Network,http://www.chargepoint.com/,J1772,,,,,,False,,110420615,-122.577125,38.1089645,86.49396150221861
ELEC,STANFORD CAM 2 LL1,453 Quarry Rd,Stanford,CA,94304,,US,GPS,37.437391,-122.171505,2021-10-13,2024-07-09,197643.0,2024-07-09 01:17:52 UTC,,E,,Public,24 hours daily,0.0,2.0,0.0,,ChargePoint Network,http://www.chargepoint.com/,J1772,,,,,,False,,847439828,-122.171775,37.4378472,56.04927557577419
ELEC,STANFORD CAM 6 LL1,453 Quarry Rd,Palo Alto,CA,94304,,US,GPS,37.43742,-122.171563,2021-10-13,2024-07-09,197644.0,2024-07-09 01:18:02 UTC,,E,,Public,24 hours daily,0.0,1.0,0.0,,ChargePoint Network,http://www.chargepoint.com/,J1772,,,,,,False,,847439828,-122.171775,37.4378472,51.05722542351401
ELEC,GARDEN STATION 2,1178 Galleron Rd,St. Helena,CA,94574,,US,GPS,38.474252,-122.432963,2021-10-13,2024-07-09,197672.0,2024-07-09 01:29:47 UTC,,E,,Public,24 hours daily,0.0,2.0,0.0,,ChargePoint Network,http://www.chargepoint.com/,J1772,,,,,,False,,55950088,-122.43295,38.4727077,171.72229698319245
ELEC,The Marine Mammal Center,2000 Bunker Road,Sausalito,CA,94965,,US,GPS,37.83519,-122.531747,2021-10-14,2024-07-09,197755.0,2024-07-09 00:08:56 UTC,,E,,Public,Mon 10:00am - 4:00pm; Tue 12:00am - 12:00am; Wed 12:00am - 12:00am; Thu 12:00am - 12:00am; Fri 10:00am - 4:00pm; Sat 10:00am - 4:00pm; Sun 10:00am - 4:00pm,0.0,3.0,0.0,,Blink Network,http://www.blinkcharging.com/,J1772,,Free,,,,False,,110429989,-122.5334248,37.8340689,193.00455998924474
ELEC,CITYOFPITTSBURG OLD TOWN 01,601 Railroad Ave,Pittsburg,CA,94565,,US,GPS,38.031291,-121.883814,2021-10-15,2024-07-09,197759.0,2024-07-09 00:47:25 UTC,,E,,Public,24 hours daily,0.0,2.0,0.0,,ChargePoint Network,http://www.chargepoint.com/,J1772,,,,,,False,,57811137,-121.8839027,38.0311863,13.996212908186425
ELEC,SMCCD EDISON 1,20 Perimeter Rd College of San Mateo,San Mateo,CA,94402,,US,GPS,37.5376,-122.336655,2021-10-15,2024-07-09,197781.0,2024-07-09 01:30:35 UTC,,E,,Public,24 hours daily,0.0,2.0,0.0,,ChargePoint Network,http://www.chargepoint.com/,J1772,,,,,,False,,65384256,-122.3341701,37.5397689,325.83256428146007
ELEC,SMCCD EDISON 2,20 Perimeter Rd College of San Mateo,San Mateo,CA,94402,,US,GPS,37.537544,-122.33627,2021-10-15,2024-07-09,197782.0,2024-07-09 01:30:35 UTC,,E,,Public,24 hours daily,0.0,2.0,0.0,,ChargePoint Network,http://www.chargepoint.com/,J1772,,,,,,False,,65384256,-122.3341701,37.5397689,309.0090659341241
ELEC,SMCCD EDISON 3,20 Perimeter Rd College of San Mateo,San Mateo,CA,94402,,US,GPS,37.53744,-122.336525,2021-10-15,2024-07-09,197783.0,2024-07-09 01:30:35 UTC,,E,,Public,24 hours daily,0.0,2.0,0.0,,ChargePoint Network,http://www.chargepoint.com/,J1772,,,,,,False,,65384256,-122.3341701,37.5397689,331.92412175363125
ELEC,SMCCD EDISON 4,20 Perimeter Rd College of San Mateo,San Mateo,CA,94402,,US,GPS,37.537464,-122.336586,2021-10-15,2024-07-09,197784.0,2024-07-09 01:30:35 UTC,,E,,Public,24 hours daily,0.0,2.0,0.0,,ChargePoint Network,http://www.chargepoint.com/,J1772,,,,,,False,,65384256,-122.3341701,37.5397689,333.258142235048
ELEC,SMCCD EDISON 7,20 Perimeter Rd College of San Mateo,San Mateo,CA,94402,,US,GPS,37.53767,-122.33678,2021-10-15,2024-07-09,197785.0,2024-07-09 01:30:36 UTC,,E,,Public,24 hours daily,0.0,2.0,0.0,,ChargePoint Network,http://www.chargepoint.com/,J1772,,,,,,False,,65384256,-122.3341701,37.5397689,327.7559959263701
ELEC,SMCCD EDISON 5,20 Perimeter Rd College of San Mateo,San Mateo,CA,94402,,US,GPS,37.537544,-122.33624,2021-10-15,2024-07-09,197786.0,2024-07-09 01:30:36 UTC,,E,,Public,24 hours daily,0.0,2.0,0.0,,ChargePoint Network,http://www.chargepoint.com/,J1772,,,,,,False,,65384256,-122.3341701,37.5397689,307.43145539994316
ELEC,SMCCD EDISON 6,20 Perimeter Rd College of San Mateo,San Mateo,CA,94402,,US,GPS,37.537567,-122.33614,2021-10-15,2024-07-09,197787.0,2024-07-09 01:30:36 UTC,,E,,Public,24 hours daily,0.0,2.0,0.0,,ChargePoint Network,http://www.chargepoint.com/,J1772,,,,,,False,,65384256,-122.3341701,37.5397689,300.1909136689049
ELEC,BASEMENT JONES STATION 2,1080 Jones St,Berkeley,CA,94710,,US,GPS,37.876105,-122.295227,2021-10-16,2024-07-09,197835.0,2024-07-09 01:29:07 UTC,,E,,Public,24 hours daily,0.0,2.0,0.0,,ChargePoint Network,http://www.chargepoint.com/,J1772,,,,,,False,,53030347,-122.2956647,37.8761557,38.82868866929843
ELEC,DENIZENAPTS DENIZEN1,2323 Valley St,Oakland,CA,94612,,US,GPS,37.812782,-122.26795,2021-10-21,2024-07-09,197961.0,2024-07-09 01:30:39 UTC,,E,,Public,24 hours daily,0.0,1.0,0.0,,ChargePoint Network,http://www.chargepoint.com/,J1772,,,,,,False,,53091582,-122.2676658,37.8123945,49.79841468457567
ELEC,Sonoma Community Center - Tesla Supercharger,276 East Napa Street,Sonoma,CA,95476,,US,GPS,38.291627,-122.452213,2021-10-16,2023-07-01,198000.0,2023-07-14 19:41:28 UTC,P,E,,Public,24 hours daily,0.0,0.0,8.0,,Tesla,https://www.tesla.com/supercharger,TESLA,MUNI_GOV,,,False,LD,False,,56055953,-122.4521253,38.2913649,30.132510672435117
ELEC,"Kohl's Santa Rosa, CA",3746 Airway Drive,Santa Rosa,CA,95403,,US,GPS,38.481383,-122.737478,2021-10-19,2024-06-23,198025.0,2024-06-23 03:15:22 UTC,,E,,Public,Mon 7:00am - 9:00pm; Tue 7:00am - 9:00pm; Wed 7:00am - 9:00pm; Thu 7:00am - 9:00pm; Fri 7:00am - 9:00pm; Sat 7:00am - 9:00pm; Sun 7:00am - 9:00pm,0.0,2.0,0.0,,Volta,https://voltacharging.com/,J1772,,,,False,LD,False,,56181794,-122.7381103,38.4822472,110.74019944894532
ELEC,MARTINEZ CA CITY HALL 02,525 Henrietta St,Martinez,CA,94553,,US,GPS,38.013956,-122.135098,2021-10-23,2024-07-09,198124.0,2024-07-09 01:26:28 UTC,,E,,Public,24 hours daily,0.0,2.0,0.0,,ChargePoint Network,http://www.chargepoint.com/,J1772,,,,,,False,,57943155,-122.134806,38.0140538,27.79659828794206
ELEC,DENIZENAPTS DENIZEN2,2323 Valley St,Oakland,CA,94612,,US,GPS,37.812626,-122.26786,2021-10-27,2024-07-09,199169.0,2024-07-09 01:30:38 UTC,,E,,Public,24 hours daily,0.0,1.0,0.0,,ChargePoint Network,http://www.chargepoint.com/,J1772,,,,,,False,,53091582,-122.2676658,37.8123945,30.88153821255929
ELEC,"Save Mart-Lucky 718 (Hercules, CA)",1590 Sycamore Ave,Hercules,CA,94547,,US,GPS,38.00789,-122.2697,2021-10-27,2024-07-09,199187.0,2024-07-09 02:37:57 UTC,,E,,Public,24 hours daily,0.0,0.0,4.0,,Electrify America,https://www.electrifyamerica.com/,CHADEMO J1772COMBO,,,,,,False,,1839842194,-122.2692492,38.0076498,47.679406858299004
ELEC,"Westfield Valley Fair (Santa Clara, CA)",2855 Stevens Creek Blvd,Santa Clara,CA,95050,,US,GPS,37.3267,-121.94336,2021-10-27,2024-07-09,199196.0,2024-07-09 02:35:34 UTC,,E,,Public,24 hours daily,0.0,0.0,14.0,,Electrify America,https://www.electrifyamerica.com/,CHADEMO J1772COMBO,,,,,,False,,65377773,-121.9433295,37.3270556,39.63283256646909
ELEC,HOSPITAL SEQ_ADA GARAGE,170 Alameda de las Pulgas,Redwood City,CA,94062,,US,GPS,37.480953,-122.253681,2021-10-28,2024-07-09,199268.0,2024-07-09 00:36:19 UTC,,E,,Public,24 hours daily,0.0,2.0,0.0,,ChargePoint Network,http://www.chargepoint.com/,J1772,,,,,,False,,1815368856,-122.2538952,37.4815117,64.93626729008048
ELEC,HOSPITAL SEQ_MAIN GAR 3,180-186 Alameda de las Pulgas,Redwood City,CA,94062,,US,GPS,37.480796,-122.253214,2021-10-28,2024-07-09,199269.0,2024-07-09 00:36:20 UTC,,E,,Public,24 hours daily,0.0,2.0,0.0,,ChargePoint Network,http://www.chargepoint.com/,J1772,,,,,,False,,65424614,-122.2524742,37.4803946,79.07990481116208
ELEC,HOSPITAL SEQ_PHYSICIANS,2940 Whipple Ave,Redwood City,CA,94062,,US,GPS,37.479044,-122.255554,2021-10-28,2024-07-09,199270.0,2024-07-09 00:36:32 UTC,,E,,Public,24 hours daily,0.0,2.0,0.0,,ChargePoint Network,http://www.chargepoint.com/,J1772,,,,,,False,,2279411144,-122.2548297,37.4784931,88.5292635252867
ELEC,HOSPITAL SMMC SF EV 01,450 Stanyan St,San Francisco,CA,94117,,US,GPS,37.773955,-122.453227,2021-10-28,2024-07-09,199297.0,2024-07-09 00:38:29 UTC,,E,,Public,24 hours daily,0.0,2.0,0.0,,ChargePoint Network,http://www.chargepoint.com/,J1772,,,,,,False,,65333432,-122.4528286,37.7740485,36.527141255003684
ELEC,HOSPITAL SMMC SF EV 03,450 Stanyan St,San Francisco,CA,94117,,US,GPS,37.774158,-122.453587,2021-10-28,2024-07-09,199299.0,2024-07-09 00:38:32 UTC,,E,,Public,24 hours daily,0.0,2.0,0.0,,ChargePoint Network,http://www.chargepoint.com/,J1772,,,,,,False,,65333432,-122.4528286,37.7740485,67.76032173329989
ELEC,HOSPITAL SMMC SF EV 02,450 Stanyan St,San Francisco,CA,94117,,US,GPS,37.77393,-122.4533,2021-10-28,2024-07-09,199307.0,2024-07-09 00:38:34 UTC,,E,,Public,24 hours daily,0.0,2.0,0.0,,ChargePoint Network,http://www.chargepoint.com/,J1772,,,,,,False,,65333432,-122.4528286,37.7740485,43.47722227164193
ELEC,UCSF CAMPUS MBEVSE5,1625 Owens St,San Francisco,CA,94158,,US,GPS,37.768303,-122.393709,2021-10-28,2024-07-09,199378.0,2024-07-09 01:30:34 UTC,,E,,Public,24 hours daily,0.0,2.0,0.0,,ChargePoint Network,http://www.chargepoint.com/,J1772,,,,,,False,,1998017252,-122.3944287,37.7694731,144.67318618983407
ELEC,Diablo Valley Plaza,85 Chilpancingo Parkway,Pleasant Hill,CA,94523,,US,GPS,37.972359143,-122.067894429,2021-10-27,2024-06-23,199559.0,2024-06-23 03:18:32 UTC,,E,,Public,Mon 5:00am - 10:59pm; Tue 5:00am - 10:59pm; Wed 5:00am - 10:59pm; Thu 5:00am - 10:59pm; Fri 5:00am - 10:59pm; Sat 5:00am - 10:59pm; Sun 5:00am - 10:59pm,0.0,6.0,0.0,,Volta,https://voltacharging.com/,J1772,,,,False,LD,False,,6538506658,-122.0688082,37.9728086,94.41029708786917
ELEC,PALO ALTO CA HIGH #4,528 High St,Palo Alto,CA,94301,,US,GPS,37.443138,-122.163242,2021-11-03,2024-07-09,200445.0,2024-07-09 00:31:22 UTC,,E,,Public,24 hours daily,0.0,2.0,0.0,,ChargePoint Network,http://www.chargepoint.com/,J1772,,,,,,False,,869634613,-122.1634057,37.4431152,14.67280042564302
ELEC,SHATTUCK GARAGE CHARGER 1,2628 Shattuck Ave,Berkeley,CA,94704,,US,GPS,37.860998,-122.267515,2021-11-05,2024-07-09,200568.0,2024-07-09 01:29:01 UTC,,E,,Public,24 hours daily,0.0,2.0,0.0,,ChargePoint Network,http://www.chargepoint.com/,J1772,,,,,,False,,259581493,-122.2671182,37.8612482,44.580848775114795
ELEC,SHATTUCK GARAGE CHARGER 2,2628 Shattuck Ave,Berkeley,CA,94704,,US,GPS,37.861065,-122.267517,2021-11-05,2024-07-09,200569.0,2024-07-09 01:29:01 UTC,,E,,Public,24 hours daily,0.0,2.0,0.0,,ChargePoint Network,http://www.chargepoint.com/,J1772,,,,,,False,,259581493,-122.2671182,37.8612482,40.50531642690884
ELEC,SOHAY CHARGERS SOHAY BLDG 2,29213 Mission Blvd Bldg 2,Hayward,CA,94544,,US,GPS,37.63228,-122.050535,2021-11-06,2024-07-09,200644.0,2024-07-09 01:29:08 UTC,,E,,Public,24 hours daily,0.0,2.0,0.0,,ChargePoint Network,http://www.chargepoint.com/,J1772,,,,,,False,,7543833806,-122.0508067,37.6316674,72.19789726025958
ELEC,SOHAY CHARGERS SOHAY BLDG 1,29213 Mission Blvd Bldg 1,Hayward,CA,94544,,US,GPS,37.632609,-122.050932,2021-11-06,2024-07-09,200645.0,2024-07-09 01:29:08 UTC,,E,,Public,24 hours daily,0.0,2.0,0.0,,ChargePoint Network,http://www.chargepoint.com/,J1772,,,,,,False,,7543833804,-122.0515658,37.6323366,63.5019755679558
ELEC,META BUR102-07,322 Airport Blvd.,Burlingame,CA,94010,,US,GPS,37.590402,-122.335394,2021-11-09,2024-07-09,200734.0,2024-07-09 01:13:39 UTC,,E,,Public,24 hours daily,0.0,2.0,0.0,,ChargePoint Network,http://www.chargepoint.com/,J1772,,,,,,False,,9021363466,-122.334687,37.5888775,180.60061238034947
ELEC,Raley's Lakewood Center - Tesla Supercharger,8852 Lakewood Drive,Windsor,CA,95492,,US,GPS,38.549875,-122.805393,2021-11-04,2023-07-01,200959.0,2023-07-14 19:41:28 UTC,P,E,,Public,24 hours daily,0.0,0.0,12.0,,Tesla,https://www.tesla.com/supercharger,TESLA,GAS_STATION,,,False,LD,False,,3572560859,-122.805829,38.5497355,40.96574732424191
ELEC,META MPK16-02,1 Hacker Way Building 16,Menlo Park,CA,94025,,US,GPS,37.485988,-122.148783,2021-11-13,2024-07-09,201053.0,2024-07-09 00:28:24 UTC,,E,,Public,24 hours daily,0.0,2.0,0.0,,ChargePoint Network,http://www.chargepoint.com/,J1772,,,,,,False,,339943486,-122.1458084,37.4842966,322.89145155530895
ELEC,EMBARK CT4000 STATION 1,3236 Tavis Pl,Fremont,CA,94538,,US,GPS,37.50554,-121.942,2021-11-14,2024-07-09,201110.0,2024-07-09 01:23:57 UTC,,E,,Public,24 hours daily,0.0,1.0,0.0,,ChargePoint Network,http://www.chargepoint.com/,J1772,,,,,,False,,439997972,-121.9424965,37.506103,76.40178224451921
ELEC,EMBARK CT4000 STATION 3,3236 Tavis Pl,Fremont,CA,94538,,US,GPS,37.505306,-121.9416,2021-11-14,2024-07-09,201111.0,2024-07-09 01:23:57 UTC,,E,,Public,24 hours daily,0.0,1.0,0.0,,ChargePoint Network,http://www.chargepoint.com/,J1772,,,,,,False,,53132259,-121.941191,37.5061605,101.63512501494661
ELEC,EMBARK CT4000 STATION 2,3236 Tavis Pl,Fremont,CA,94538,,US,GPS,37.505456,-121.941927,2021-11-14,2024-07-09,201112.0,2024-07-09 01:23:57 UTC,,E,,Public,24 hours daily,0.0,1.0,0.0,,ChargePoint Network,http://www.chargepoint.com/,J1772,,,,,,False,,439997972,-121.9424965,37.506103,87.7465161115254
ELEC,DC CORRIDOR CLOVERDALE DC1,1139 S Cloverdale Blvd,Cloverdale,CA,95425,,US,GPS,38.784649,-123.013291,2021-11-14,2024-07-09,201117.0,2024-07-09 01:31:59 UTC,,E,,Public,24 hours daily,0.0,0.0,1.0,,ChargePoint Network,http://www.chargepoint.com/,CHADEMO J1772COMBO,,,,,,False,,56031948,-123.0126289,38.7842049,75.71044786807914
ELEC,SANDPIPER EVC SANDPIPER 1,999 Marshall Rd,Vacaville,CA,95687,,US,GPS,38.344955,-121.9758,2021-11-16,2024-07-09,201166.0,2024-07-09 01:30:05 UTC,,E,,Public,24 hours daily,0.0,2.0,0.0,,ChargePoint Network,http://www.chargepoint.com/,J1772,,,,,,False,,62287791,-121.975561,38.344525,52.15937711013438
ELEC,FRONT LOT CPE250 #1,5740 Cushing Pkwy,Fremont,CA,94538,,US,GPS,37.4992,-121.975999,2021-11-16,2024-07-09,201184.0,2024-07-09 01:31:54 UTC,,E,,Public,Mon 7:00am - 9:30pm; Tue 7:00am - 9:30pm; Wed 7:00am - 9:30pm; Thu 7:00am - 9:30pm; Fri 7:00am - 9:30pm; Sat 8:00am - 9:30pm; Sun 11:00am - 9:00pm,0.0,0.0,1.0,,ChargePoint Network,http://www.chargepoint.com/,CHADEMO J1772COMBO,,,,,,False,,53153470,-121.9774381,37.5002503,172.5012577848891
ELEC,DC CORRIDOR CLOVERDALE DC2,1139 S Cloverdale Blvd,Cloverdale,CA,95425,,US,GPS,38.784669,-123.013309,2021-11-17,2024-07-09,201233.0,2024-07-09 01:31:59 UTC,,E,,Public,24 hours daily,0.0,0.0,1.0,,ChargePoint Network,http://www.chargepoint.com/,CHADEMO J1772COMBO,,,,,,False,,56031948,-123.0126289,38.7842049,78.34645926941025
ELEC,Fallon Gateway - Tesla Supercharger,2800 Dublin Boulevard,Dublin,CA,94568,,US,GPS,37.702058,-121.852932,2021-11-14,2023-07-01,201307.0,2023-07-14 19:41:28 UTC,P,E,,Public,24 hours daily,0.0,0.0,10.0,,Tesla,https://www.tesla.com/supercharger,TESLA,SHOPPING_CENTER,,,False,LD,False,,263015960,-121.85395,37.7011387,135.90656323460558
ELEC,NewPark Mall,2086 Newpark Mall,Newark,CA,94560,,US,GPS,37.52697044,-122.0012684,2021-11-14,2024-06-23,201322.0,2024-06-23 03:15:26 UTC,,E,,Public,Mon 5:00am - 10:59pm; Tue 5:00am - 10:59pm; Wed 5:00am - 10:59pm; Thu 5:00am - 10:59pm; Fri 5:00am - 10:59pm; Sat 5:00am - 10:59pm; Sun 5:00am - 10:59pm,0.0,2.0,0.0,,Volta,https://voltacharging.com/,J1772,,,,False,LD,False,,32816479,-122.0006144,37.5288095,212.47134586106685
ELEC,NewPark Mall Vinum Wine Bar,2086 Newpark Mall,Newark,CA,94560,,US,GPS,37.525856735,-122.001927517,2021-11-14,2024-06-23,201323.0,2024-06-23 03:16:32 UTC,,E,,Public,Mon 5:00am - 10:59pm; Tue 5:00am - 10:59pm; Wed 5:00am - 10:59pm; Thu 5:00am - 10:59pm; Fri 5:00am - 10:59pm; Sat 5:00am - 10:59pm; Sun 5:00am - 10:59pm,0.0,2.0,0.0,,Volta,https://voltacharging.com/,J1772,,,,False,LD,False,,1316729993,-122.0038002,37.5250989,185.40291790855593
ELEC,NewPark Mall 24 Hour Fitness,2086 Newpark Mall,Newark,CA,94560,,US,GPS,37.526192511,-122.002983209,2021-11-14,2024-06-23,201324.0,2024-06-23 03:17:21 UTC,,E,,Public,Mon 5:00am - 10:59pm; Tue 5:00am - 10:59pm; Wed 5:00am - 10:59pm; Thu 5:00am - 10:59pm; Fri 5:00am - 10:59pm; Sat 5:00am - 10:59pm; Sun 5:00am - 10:59pm,0.0,4.0,0.0,,Volta,https://voltacharging.com/,J1772,,,,False,LD,False,,1316729993,-122.0038002,37.5250989,141.3451388946973
ELEC,META MPK18-06,1 Hacker Way Building 18,Menlo Park,CA,94025,,US,GPS,37.485812,-122.145902,2021-11-20,2024-07-09,201441.0,2024-07-09 00:28:00 UTC,,E,,Public,24 hours daily,0.0,2.0,0.0,,ChargePoint Network,http://www.chargepoint.com/,J1772,,,,,,False,,339943486,-122.1458084,37.4842966,168.70729757993885
ELEC,"ROIC-Granada Shopping Center (Livermore, CA)",1951 Holmes St,Livermore,CA,94550,,US,GPS,37.66102,-121.781,2021-11-21,2024-07-09,201469.0,2024-07-09 02:35:08 UTC,,E,,Public,24 hours daily,0.0,0.0,3.0,,Electrify America,https://www.electrifyamerica.com/,CHADEMO J1772COMBO,,,,,,False,,1093345982,-121.7803498,37.6608742,59.48665590890815
ELEC,ETM ETM DC FAST,35463 Dumbarton Ct,Newark,CA,94560,,US,GPS,37.54798,-122.05426,2021-11-23,2024-07-09,201529.0,2024-07-09 01:32:15 UTC,,E,,Public,24 hours daily,0.0,0.0,1.0,,ChargePoint Network,http://www.chargepoint.com/,CHADEMO J1772COMBO,,,,,,False,,53128246,-122.0530819,37.5485631,122.43814321854536
ELEC,META MPK17-11,1 Hacker Way MPK 17,Menlo Park,CA,94025,,US,GPS,37.484488,-122.147088,2021-11-24,2024-07-09,201550.0,2024-07-09 00:51:04 UTC,,E,,Public,24 hours daily,0.0,2.0,0.0,,ChargePoint Network,http://www.chargepoint.com/,J1772,,,,,,False,,339943486,-122.1458084,37.4842966,114.89443736522657
ELEC,PELL PENLARK 1,2855 Campus Dr,San Mateo,CA,94403,,US,GPS,37.53618,-122.325957,2021-11-25,2024-07-09,201583.0,2024-07-09 00:37:17 UTC,,E,,Public,24 hours daily,0.0,2.0,0.0,,ChargePoint Network,http://www.chargepoint.com/,J1772,,,,,,False,,415282972,-122.3233794,37.5364001,228.59148444964455
ELEC,PELL PENLARK 2,2855 Campus Dr,San Mateo,CA,94403,,US,GPS,37.536121,-122.325787,2021-11-25,2024-07-09,201584.0,2024-07-09 00:37:40 UTC,,E,,Public,24 hours daily,0.0,2.0,0.0,,ChargePoint Network,http://www.chargepoint.com/,J1772,,,,,,False,,415282972,-122.3233794,37.5364001,214.54453416688446
ELEC,CITY HALL CH NORTH 2,485 Grove St,Healdsburg,CA,95448,,US,GPS,38.613027,-122.873621,2021-11-25,2024-07-09,201585.0,2024-07-09 00:51:07 UTC,,E,,Public,24 hours daily,0.0,1.0,0.0,,ChargePoint Network,http://www.chargepoint.com/,J1772,,,,,,False,,56125542,-122.8720842,38.6132675,136.17700253500004
ELEC,META MPK10-01,1 Hacker Way Building 10,Menlo Park,CA,94025,,US,GPS,37.48329,-122.150404,2021-12-01,2024-07-09,201793.0,2024-07-09 00:28:01 UTC,,E,,Public,24 hours daily,0.0,2.0,0.0,,ChargePoint Network,http://www.chargepoint.com/,J1772,,,,,,False,,343601990,-122.1503777,37.4821503,126.75028278385477
ELEC,ELAN MENLO PARK GUEST1,3645 Haven Ave,Menlo Park,CA,94025,,US,GPS,37.485831,-122.182434,2021-12-04,2024-07-09,202017.0,2024-07-09 00:36:17 UTC,,E,,Public,24 hours daily,0.0,1.0,0.0,,ChargePoint Network,http://www.chargepoint.com/,J1772,,,,,,False,,65512062,-122.18215,37.4851944,75.09126034086555
ELEC,ELAN MENLO PARK GUEST2,3645 Haven Ave,Menlo Park,CA,94025,,US,GPS,37.485761,-122.182471,2021-12-04,2024-07-09,202018.0,2024-07-09 00:37:02 UTC,,E,,Public,24 hours daily,0.0,1.0,0.0,,ChargePoint Network,http://www.chargepoint.com/,J1772,,,,,,False,,65512062,-122.18215,37.4851944,69.07674268600383
ELEC,SANTANA ROW P1 STATION 31,3162 Olin Ave,San Jose,CA,95117,,US,GPS,37.284031,-121.932979,2021-12-09,2024-07-09,202179.0,2024-07-09 01:23:19 UTC,,E,,Public,24 hours daily,0.0,2.0,0.0,,ChargePoint Network,http://www.chargepoint.com/,J1772,,,,,,False,,1102852004,-121.931767,37.2835283,120.92299027212887
ELEC,SANTANA ROW P1 STATION 32,3162 Olin Ave,San Jose,CA,95117,,US,GPS,37.284069,-121.932944,2021-12-09,2024-07-09,202180.0,2024-07-09 01:23:19 UTC,,E,,Public,24 hours daily,0.0,2.0,0.0,,ChargePoint Network,http://www.chargepoint.com/,J1772,,,,,,False,,1102852004,-121.931767,37.2835283,120.24193973453457
ELEC,SANTANA ROW P1 STATION 16,3162 Olin Ave,San Jose,CA,95117,,US,GPS,37.28386,-121.932901,2021-12-09,2024-07-09,202181.0,2024-07-09 01:23:19 UTC,,E,,Public,24 hours daily,0.0,2.0,0.0,,ChargePoint Network,http://www.chargepoint.com/,J1772,,,,,,False,,1102852004,-121.931767,37.2835283,106.8921084018775
ELEC,SANTANA ROW P2 STATION 5,3162 Olin Ave,San Jose,CA,95117,,US,GPS,37.319641,-121.950522,2021-12-09,2024-07-09,202182.0,2024-07-09 01:23:21 UTC,,E,,Public,24 hours daily,0.0,2.0,0.0,,ChargePoint Network,http://www.chargepoint.com/,J1772,,,,,,False,,574264738,-121.9502399,37.3191825,56.758853958381444
ELEC,SANTANA ROW P2 STATION 6,3162 Olin Ave,San Jose,CA,95117,,US,GPS,37.319481,-121.950144,2021-12-09,2024-07-09,202183.0,2024-07-09 01:23:21 UTC,,E,,Public,24 hours daily,0.0,2.0,0.0,,ChargePoint Network,http://www.chargepoint.com/,J1772,,,,,,False,,574264738,-121.9502399,37.3191825,34.25797597169935
ELEC,SANTANA ROW P1 STATION 21,3162 Olin Ave,San Jose,CA,95117,,US,GPS,37.284171,-121.933121,2021-12-09,2024-07-09,202187.0,2024-07-09 01:24:55 UTC,,E,,Public,24 hours daily,0.0,2.0,0.0,,ChargePoint Network,http://www.chargepoint.com/,J1772,,,,,,False,,65461849,-121.931574,37.2839986,138.2013432151629
ELEC,SANTANA ROW P1 STATION 24,3162 Olin Ave,San Jose,CA,95117,,US,GPS,37.283844,-121.932817,2021-12-09,2024-07-09,202188.0,2024-07-09 01:24:56 UTC,,E,,Public,24 hours daily,0.0,2.0,0.0,,ChargePoint Network,http://www.chargepoint.com/,J1772,,,,,,False,,1102852004,-121.931767,37.2835283,99.30704128209524
ELEC,SANTANA ROW P1 STATION 29,3162 Olin Ave,San Jose,CA,95117,,US,GPS,37.284034,-121.932939,2021-12-09,2024-07-09,202189.0,2024-07-09 01:24:56 UTC,,E,,Public,24 hours daily,0.0,2.0,0.0,,ChargePoint Network,http://www.chargepoint.com/,J1772,,,,,,False,,1102852004,-121.931767,37.2835283,117.9549324880401
ELEC,SANTANA ROW P1 STATION 23,3162 Olin Ave,San Jose,CA,95117,,US,GPS,37.284006,-121.932969,2021-12-09,2024-07-09,202190.0,2024-07-09 01:24:56 UTC,,E,,Public,24 hours daily,0.0,2.0,0.0,,ChargePoint Network,http://www.chargepoint.com/,J1772,,,,,,False,,1102852004,-121.931767,37.2835283,118.87124589562961
ELEC,SANTANA ROW P1 STATION 34,3162 Olin Ave,San Jose,CA,95117,,US,GPS,37.284051,-121.932944,2021-12-09,2024-07-09,202191.0,2024-07-09 01:24:56 UTC,,E,,Public,24 hours daily,0.0,2.0,0.0,,ChargePoint Network,http://www.chargepoint.com/,J1772,,,,,,False,,1102852004,-121.931767,37.2835283,119.25375563313975
ELEC,SANTANA ROW P1 STATION 8,3162 Olin Ave,San Jose,CA,95117,,US,GPS,37.284067,-121.932928,2021-12-09,2024-07-09,202192.0,2024-07-09 01:24:56 UTC,,E,,Public,24 hours daily,0.0,2.0,0.0,,ChargePoint Network,http://www.chargepoint.com/,J1772,,,,,,False,,1102852004,-121.931767,37.2835283,118.90597185856502
ELEC,SANTANA ROW P1 STATION 27,3162 Olin Ave,San Jose,CA,95117,,US,GPS,37.320069,-121.952414,2021-12-09,2024-07-09,202193.0,2024-07-09 01:24:56 UTC,,E,,Public,24 hours daily,0.0,2.0,0.0,,ChargePoint Network,http://www.chargepoint.com/,J1772,,,,,,False,,11527452479,-121.9525436,37.320446,43.458862052075766
ELEC,SANTANA ROW P1 STATION 26,3162 Olin Ave,San Jose,CA,95117,,US,GPS,37.283826,-121.932898,2021-12-09,2024-07-09,202194.0,2024-07-09 01:24:56 UTC,,E,,Public,24 hours daily,0.0,2.0,0.0,,ChargePoint Network,http://www.chargepoint.com/,J1772,,,,,,False,,1102852004,-121.931767,37.2835283,105.39520352514148
ELEC,SANTANA ROW P1 STATION 17,3162 Olin Ave,San Jose,CA,95117,,US,GPS,37.284017,-121.932984,2021-12-09,2024-07-09,202195.0,2024-07-09 01:24:57 UTC,,E,,Public,24 hours daily,0.0,2.0,0.0,,ChargePoint Network,http://www.chargepoint.com/,J1772,,,,,,False,,1102852004,-121.931767,37.2835283,120.60605971723528
ELEC,SANTANA ROW P1 STATION 6,3162 Olin Ave,San Jose,CA,95117,,US,GPS,37.284029,-121.932968,2021-12-09,2024-07-09,202197.0,2024-07-09 01:24:57 UTC,,E,,Public,24 hours daily,0.0,2.0,0.0,,ChargePoint Network,http://www.chargepoint.com/,J1772,,,,,,False,,1102852004,-121.931767,37.2835283,119.95748455012384
ELEC,SANTANA ROW P1 STATION 14,3162 Olin Ave,San Jose,CA,95117,,US,GPS,37.284055,-121.932932,2021-12-09,2024-07-09,202198.0,2024-07-09 01:24:57 UTC,,E,,Public,24 hours daily,0.0,2.0,0.0,,ChargePoint Network,http://www.chargepoint.com/,J1772,,,,,,False,,1102852004,-121.931767,37.2835283,118.54695671336376
ELEC,SANTANA ROW P1 STATION 22,3162 Olin Ave,San Jose,CA,95117,,US,GPS,37.284047,-121.932969,2021-12-09,2024-07-09,202199.0,2024-07-09 01:24:57 UTC,,E,,Public,24 hours daily,0.0,2.0,0.0,,ChargePoint Network,http://www.chargepoint.com/,J1772,,,,,,False,,1102852004,-121.931767,37.2835283,120.97718865332912
ELEC,SANTANA ROW P1 STATION 25,3162 Olin Ave,San Jose,CA,95117,,US,GPS,37.283841,-121.932879,2021-12-09,2024-07-09,202201.0,2024-07-09 01:24:57 UTC,,E,,Public,24 hours daily,0.0,2.0,0.0,,ChargePoint Network,http://www.chargepoint.com/,J1772,,,,,,False,,1102852004,-121.931767,37.2835283,104.34452374849569
ELEC,SANTANA ROW P1 STATION 30,3162 Olin Ave,San Jose,CA,95117,,US,GPS,37.284169,-121.933181,2021-12-09,2024-07-09,202202.0,2024-07-09 01:24:58 UTC,,E,,Public,24 hours daily,0.0,2.0,0.0,,ChargePoint Network,http://www.chargepoint.com/,J1772,,,,,,False,,65461849,-121.931574,37.2839986,143.4306584760046
ELEC,SANTANA ROW P1 STATION 33,3162 Olin Ave,San Jose,CA,95117,,US,GPS,37.284054,-121.932925,2021-12-09,2024-07-09,202203.0,2024-07-09 01:24:58 UTC,,E,,Public,24 hours daily,0.0,2.0,0.0,,ChargePoint Network,http://www.chargepoint.com/,J1772,,,,,,False,,1102852004,-121.931767,37.2835283,117.95376122138194
ELEC,SANTANA ROW P1 STATAION 7,3162 Olin Ave,San Jose,CA,95117,,US,GPS,37.284014,-121.932973,2021-12-09,2024-07-09,202204.0,2024-07-09 01:24:58 UTC,,E,,Public,24 hours daily,0.0,2.0,0.0,,ChargePoint Network,http://www.chargepoint.com/,J1772,,,,,,False,,1102852004,-121.931767,37.2835283,119.58703354523169
ELEC,SANTANA ROW P1 STATION 19,3162 Olin Ave,San Jose,CA,95117,,US,GPS,37.319018,-121.947664,2021-12-09,2024-07-09,202205.0,2024-07-09 01:24:58 UTC,,E,,Public,24 hours daily,0.0,2.0,0.0,,ChargePoint Network,http://www.chargepoint.com/,J1772,,,,,,False,,65596783,-121.9469354,37.3183482,98.48020739161474
ELEC,SANTANA ROW P1 STATION 20,3162 Olin Ave,San Jose,CA,95117,,US,GPS,37.284024,-121.932978,2021-12-09,2024-07-09,202206.0,2024-07-09 01:24:58 UTC,,E,,Public,24 hours daily,0.0,2.0,0.0,,ChargePoint Network,http://www.chargepoint.com/,J1772,,,,,,False,,1102852004,-121.931767,37.2835283,120.48648573064301
ELEC,SANTANA ROW P2 STATION 4,3162 Olin Ave,San Jose,CA,95117,,US,GPS,37.319609,-121.950259,2021-12-09,2024-07-09,202207.0,2024-07-09 01:24:58 UTC,,E,,Public,24 hours daily,0.0,2.0,0.0,,ChargePoint Network,http://www.chargepoint.com/,J1772,,,,,,False,,574264738,-121.9502399,37.3191825,47.45477040793028
ELEC,SANTANA ROW P1 STATION 15,3162 Olin Ave,San Jose,CA,95117,,US,GPS,37.284087,-121.932929,2021-12-09,2024-07-09,202208.0,2024-07-09 01:24:59 UTC,,E,,Public,24 hours daily,0.0,2.0,0.0,,ChargePoint Network,http://www.chargepoint.com/,J1772,,,,,,False,,1102852004,-121.931767,37.2835283,120.11737066370476
ELEC,SANTANA ROW P1 STATION 13,3162 Olin Ave,San Jose,CA,95117,,US,GPS,37.284028,-121.932939,2021-12-09,2024-07-09,202209.0,2024-07-09 01:24:59 UTC,,E,,Public,24 hours daily,0.0,2.0,0.0,,ChargePoint Network,http://www.chargepoint.com/,J1772,,,,,,False,,1102852004,-121.931767,37.2835283,117.63834523987788
ELEC,SANTANA ROW P2 STATION 3,3162 Olin Ave,San Jose,CA,95117,,US,GPS,37.320106,-121.951466,2021-12-09,2024-07-09,202210.0,2024-07-09 01:24:59 UTC,,E,,Public,24 hours daily,0.0,2.0,0.0,,ChargePoint Network,http://www.chargepoint.com/,J1772,,,,,,False,,65419731,-121.9514001,37.3204558,39.33015738257266
ELEC,SANTANA ROW P1 STATION 18,3162 Olin Ave,San Jose,CA,95117,,US,GPS,37.283836,-121.932976,2021-12-09,2024-07-09,202211.0,2024-07-09 01:24:59 UTC,,E,,Public,24 hours daily,0.0,2.0,0.0,,ChargePoint Network,http://www.chargepoint.com/,J1772,,,,,,False,,1102852004,-121.931767,37.2835283,112.30154428701218
ELEC,SANTANA ROW P1 STATION 28,3162 Olin Ave,San Jose,CA,95117,,US,GPS,37.28406,-121.932958,2021-12-09,2024-07-09,202213.0,2024-07-09 01:24:59 UTC,,E,,Public,24 hours daily,0.0,2.0,0.0,,ChargePoint Network,http://www.chargepoint.com/,J1772,,,,,,False,,1102852004,-121.931767,37.2835283,120.82333763670036
ELEC,SANTANA ROW P2 STATION 13,3162 Olin Ave,San Jose,CA,95117,,US,GPS,37.319247,-121.950131,2021-12-09,2024-07-09,202214.0,2024-07-09 01:24:59 UTC,,E,,Public,24 hours daily,0.0,2.0,0.0,,ChargePoint Network,http://www.chargepoint.com/,J1772,,,,,,False,,65573344,-121.9500625,37.3191786,9.723179260561603
ELEC,SANTANA ROW P1 STATION 9,3162 Olin Ave,San Jose,CA,95117,,US,GPS,37.319018,-121.94768,2021-12-09,2024-07-09,202215.0,2024-07-09 01:25:00 UTC,,E,,Public,24 hours daily,0.0,2.0,0.0,,ChargePoint Network,http://www.chargepoint.com/,J1772,,,,,,False,,65596783,-121.9469354,37.3183482,99.4116594242585
ELEC,SANTANA ROW P2 STATION 11,3162 Olin Ave,San Jose,CA,95117,,US,GPS,37.319506,-121.950473,2021-12-09,2024-07-09,202216.0,2024-07-09 01:25:00 UTC,,E,,Public,24 hours daily,0.0,2.0,0.0,,ChargePoint Network,http://www.chargepoint.com/,J1772,,,,,,False,,574264738,-121.9502399,37.3191825,41.45906034995193
ELEC,SANTANA ROW P2 STATION 8,3162 Olin Ave,San Jose,CA,95117,,US,GPS,37.319952,-121.950554,2021-12-09,2024-07-09,202217.0,2024-07-09 01:25:00 UTC,,E,,Public,24 hours daily,0.0,2.0,0.0,,ChargePoint Network,http://www.chargepoint.com/,J1772,,,,,,False,,574264737,-121.9502646,37.3204953,65.60915529169475
ELEC,SANTANA ROW P2 STATION 12,3162 Olin Ave,San Jose,CA,95117,,US,GPS,37.319452,-121.950288,2021-12-09,2024-07-09,202218.0,2024-07-09 01:25:00 UTC,,E,,Public,24 hours daily,0.0,2.0,0.0,,ChargePoint Network,http://www.chargepoint.com/,J1772,,,,,,False,,574264738,-121.9502399,37.3191825,30.26743650339672
ELEC,SANTANA ROW P2 STATION 10,3162 Olin Ave,San Jose,CA,95117,,US,GPS,37.320142,-121.95167,2021-12-09,2024-07-09,202219.0,2024-07-09 01:25:00 UTC,,E,,Public,24 hours daily,0.0,2.0,0.0,,ChargePoint Network,http://www.chargepoint.com/,J1772,,,,,,False,,65419731,-121.9514001,37.3204558,42.27474366085504
ELEC,SANTANA ROW P2 STATION 9,3155 Olsen Drive,San Jose,CA,95128,,US,GPS,37.320132,-121.950784,2021-12-09,2024-07-09,202220.0,2024-07-09 01:25:00 UTC,,E,,Public,24 hours daily,0.0,2.0,0.0,,ChargePoint Network,http://www.chargepoint.com/,J1772,,,,,,False,,574264737,-121.9502646,37.3204953,61.16773030954743
ELEC,SANTANA ROW P2 STATION 7,3162 Olin Ave,San Jose,CA,95117,,US,GPS,37.319473,-121.950237,2021-12-09,2024-07-09,202221.0,2024-07-09 01:25:00 UTC,,E,,Public,24 hours daily,0.0,2.0,0.0,,ChargePoint Network,http://www.chargepoint.com/,J1772,,,,,,False,,574264738,-121.9502399,37.3191825,32.303189772959186
ELEC,SANTANA ROW P1 STATAION 6,3162 Olin Ave,San Jose,CA,95117,,US,GPS,37.284055,-121.932977,2021-12-09,2024-07-09,202222.0,2024-07-09 01:25:01 UTC,,E,,Public,24 hours daily,0.0,2.0,0.0,,ChargePoint Network,http://www.chargepoint.com/,J1772,,,,,,False,,1102852004,-121.931767,37.2835283,122.02425688556409
ELEC,SFBU STATION 5,161 Mission Falls Lane,Fremont,CA,94539,,US,GPS,37.485085,-121.927223,2021-12-09,2024-07-09,202223.0,2024-07-09 01:25:11 UTC,,E,,Public,Mon 8:00am - 10:00pm; Tue 8:00am - 10:00pm; Wed 8:00am - 10:00pm; Thu 8:00am - 10:00pm; Fri 8:00am - 10:00pm; Sat 8:00am - 8:00pm; Sun 8:00am - 8:00pm,0.0,1.0,0.0,,ChargePoint Network,http://www.chargepoint.com/,J1772,,,,,,False,,10970184542,-121.9267653,37.4849066,44.99405712156895
ELEC,SFBU STATION 4,161 Mission Falls Lane,Fremont,CA,94539,,US,GPS,37.485154,-121.927386,2021-12-09,2024-07-09,202227.0,2024-07-09 01:25:12 UTC,,E,,Public,Mon 8:00am - 10:00pm; Tue 8:00am - 10:00pm; Wed 8:00am - 10:00pm; Thu 8:00am - 10:00pm; Fri 8:00am - 10:00pm; Sat 8:00am - 8:00pm; Sun 8:00am - 8:00pm,0.0,1.0,0.0,,ChargePoint Network,http://www.chargepoint.com/,J1772,,,,,,False,,10970184537,-121.9273523,37.4846587,55.155137045671836
ELEC,SFBU STATION 6,161 Mission Falls Lane,Fremont,CA,94539,,US,GPS,37.485382,-121.927282,2021-12-09,2024-07-09,202228.0,2024-07-09 01:25:12 UTC,,E,,Public,Mon 8:00am - 10:00pm; Tue 8:00am - 10:00pm; Wed 8:00am - 10:00pm; Thu 8:00am - 10:00pm; Fri 8:00am - 10:00pm; Sat 8:00am - 8:00pm; Sun 8:00am - 8:00pm,0.0,1.0,0.0,,ChargePoint Network,http://www.chargepoint.com/,J1772,,,,,,False,,10970184542,-121.9267653,37.4849066,69.80634602983206
ELEC,SFBU STATION 10,161 Mission Falls Lane,Fremont,CA,94539,,US,GPS,37.485098,-121.927235,2021-12-09,2024-07-09,202230.0,2024-07-09 01:25:13 UTC,,E,,Public,Mon 8:00am - 10:00pm; Tue 8:00am - 10:00pm; Wed 8:00am - 10:00pm; Thu 8:00am - 10:00pm; Fri 8:00am - 10:00pm; Sat 8:00am - 8:00pm; Sun 8:00am - 8:00pm,0.0,2.0,0.0,,ChargePoint Network,http://www.chargepoint.com/,J1772,,,,,,False,,10970184542,-121.9267653,37.4849066,46.58912969621141
ELEC,SFBU STATION 9,161 Mission Falls Lane,Fremont,CA,94539,,US,GPS,37.485215,-121.927299,2021-12-09,2024-07-09,202232.0,2024-07-09 01:25:13 UTC,,E,,Public,Mon 8:00am - 10:00pm; Tue 8:00am - 10:00pm; Wed 8:00am - 10:00pm; Thu 8:00am - 10:00pm; Fri 8:00am - 10:00pm; Sat 8:00am - 8:00pm; Sun 8:00am - 8:00pm,0.0,2.0,0.0,,ChargePoint Network,http://www.chargepoint.com/,J1772,,,,,,False,,10970184542,-121.9267653,37.4849066,58.25397707511786
ELEC,SANTANA ROW B1 STATION 11,3162 Olin Ave,San Jose,CA,95117,,US,GPS,37.320122,-121.951563,2021-12-09,2024-07-09,202240.0,2024-07-09 01:30:50 UTC,,E,,Public,24 hours daily,0.0,2.0,0.0,,ChargePoint Network,http://www.chargepoint.com/,J1772,,,,,,False,,65419731,-121.9514001,37.3204558,39.81421264198754
ELEC,SANTANA ROW B1 STATION 9,3162 Olin Ave,San Jose,CA,95117,,US,GPS,37.320156,-121.951516,2021-12-09,2024-07-09,202241.0,2024-07-09 01:30:51 UTC,,E,,Public,24 hours daily,0.0,2.0,0.0,,ChargePoint Network,http://www.chargepoint.com/,J1772,,,,,,False,,65419731,-121.9514001,37.3204558,34.876181093205396
ELEC,SANTANA ROW B1 STATION 6,3162 Olin Ave,San Jose,CA,95117,,US,GPS,37.320135,-121.951507,2021-12-09,2024-07-09,202242.0,2024-07-09 01:30:51 UTC,,E,,Public,24 hours daily,0.0,2.0,0.0,,ChargePoint Network,http://www.chargepoint.com/,J1772,,,,,,False,,65419731,-121.9514001,37.3204558,36.90267781646992
ELEC,SANTANA ROW B1 STATION 5,3162 Olin Ave,San Jose,CA,95117,,US,GPS,37.319993,-121.951238,2021-12-09,2024-07-09,202243.0,2024-07-09 01:30:51 UTC,,E,,Public,24 hours daily,0.0,2.0,0.0,,ChargePoint Network,http://www.chargepoint.com/,J1772,,,,,,False,,65419731,-121.9514001,37.3204558,53.42018662654867
ELEC,SANTANA ROW B1 STATION 7,3162 Olin Ave,San Jose,CA,95117,,US,GPS,37.32017,-121.951495,2021-12-09,2024-07-09,202244.0,2024-07-09 01:30:51 UTC,,E,,Public,24 hours daily,0.0,1.0,0.0,,ChargePoint Network,http://www.chargepoint.com/,J1772,,,,,,False,,65419731,-121.9514001,37.3204558,32.86889189420283
ELEC,SANTANA ROW B1 STATION 12,3162 Olin Ave,San Jose,CA,95117,,US,GPS,37.320183,-121.951485,2021-12-09,2024-07-09,202245.0,2024-07-09 01:30:51 UTC,,E,,Public,24 hours daily,0.0,2.0,0.0,,ChargePoint Network,http://www.chargepoint.com/,J1772,,,,,,False,,65419731,-121.9514001,37.3204558,31.249270105512256
ELEC,SANTANA ROW B1 STATION 8,3162 Olin Ave,San Jose,CA,95117,,US,GPS,37.320265,-121.951544,2021-12-09,2024-07-09,202246.0,2024-07-09 01:30:51 UTC,,E,,Public,24 hours daily,0.0,2.0,0.0,,ChargePoint Network,http://www.chargepoint.com/,J1772,,,,,,False,,65419731,-121.9514001,37.3204558,24.73949758922813
ELEC,S. CREEK BMW STATION 1,4343 Stevens Creek Blvd,Santa Clara,CA,95051,,US,GPS,37.324139,-121.977954,2021-12-10,2024-07-09,202285.0,2024-07-09 00:29:54 UTC,,E,,Public,24 hours daily,0.0,1.0,0.0,,ChargePoint Network,http://www.chargepoint.com/,J1772,,,,,,False,,4168013082,-121.9786043,37.3231462,124.47290886303698
ELEC,S. CREEK BMW STATION 2,4343 Stevens Creek Blvd,Santa Clara,CA,95051,,US,GPS,37.32414,-121.97797,2021-12-10,2024-07-09,202286.0,2024-07-09 00:30:06 UTC,,E,,Public,24 hours daily,0.0,2.0,0.0,,ChargePoint Network,http://www.chargepoint.com/,J1772,,,,,,False,,4168013082,-121.9786043,37.3231462,123.92481620767137
ELEC,META BUR103-05,312 Airport Blvd.,Burlingame,CA,94010,,US,GPS,37.589602,-122.335393,2021-12-10,2024-07-09,202296.0,2024-07-09 01:13:39 UTC,,E,,Public,24 hours daily,0.0,2.0,0.0,,ChargePoint Network,http://www.chargepoint.com/,J1772,,,,,,False,,9021363466,-122.334687,37.5888775,101.78271176753698
ELEC,SANTANA ROW P2 STATION 14,3162 Olin Ave,San Jose,CA,95117,,US,GPS,37.31958,-121.950293,2021-12-10,2024-07-09,202304.0,2024-07-09 01:24:58 UTC,,E,,Public,24 hours daily,0.0,2.0,0.0,,ChargePoint Network,http://www.chargepoint.com/,J1772,,,,,,False,,574264738,-121.9502399,37.3191825,44.448768118653746
ELEC,ADA EV TEST STN WARM SPRINGS 12,45193 Warm Springs Blvd,Fremont,CA,94539,,US,GPS,37.50327,-121.938811,2021-12-11,2024-07-09,202399.0,2024-07-09 00:44:44 UTC,,E,,Public,24 hours daily,0.0,2.0,0.0,,ChargePoint Network,http://www.chargepoint.com/,J1772,,,,,,False,,5492120444,-121.9384888,37.5032694,28.42234814944296
ELEC,Gateway Center - Tesla Supercharger,21001  San Ramon Valley Boulevard,San Ramon,CA,94583,,US,GPS,37.723146,-121.944336,2021-12-10,2023-07-01,202621.0,2023-07-14 19:41:28 UTC,P,E,,Public,24 hours daily,0.0,0.0,16.0,,Tesla,https://www.tesla.com/supercharger,TESLA,SHOPPING_CENTER,,,False,LD,False,,53086829,-121.943857,37.7226811,66.68750556773823
ELEC,DC CORRIDOR NUGGET L2,130 Browns Valley Pkwy,Vacaville,CA,95688,,US,GPS,38.364741,-121.967967,2021-12-16,2024-07-09,202662.0,2024-07-09 01:20:06 UTC,,E,,Public,24 hours daily,0.0,2.0,0.0,,ChargePoint Network,http://www.chargepoint.com/,J1772,,,,,,False,,4881272070,-121.9676673,38.3650537,43.49421677059154
ELEC,STA 2 STATION 2 P2,2850 S Delaware St,San Mateo,CA,94403,,US,GPS,37.542587,-122.300445,2021-12-16,2024-07-09,202676.0,2024-07-09 01:28:41 UTC,,E,,Public,24 hours daily,0.0,2.0,0.0,,ChargePoint Network,http://www.chargepoint.com/,J1772,,,,,,False,,1802481793,-122.3003716,37.5430591,52.89258068906625
ELEC,STA 2 STATION 3 P2,2950 S Delaware St,San Mateo,CA,94403,,US,GPS,37.542655,-122.300432,2021-12-18,2024-07-09,202779.0,2024-07-09 01:28:40 UTC,,E,,Public,24 hours daily,0.0,2.0,0.0,,ChargePoint Network,http://www.chargepoint.com/,J1772,,,,,,False,,1802481793,-122.3003716,37.5430591,45.24838798842813
ELEC,HUDSON875 GW 1,875 Howard St,San Francisco,CA,94103,,US,GPS,37.781943,-122.403957,2021-12-23,2024-07-09,202947.0,2024-07-09 01:14:57 UTC,,E,,Public,24 hours daily,0.0,2.0,0.0,,ChargePoint Network,http://www.chargepoint.com/,J1772,,,,,,False,,6873099368,-122.4042614,37.7820501,29.282547346474008
ELEC,LVK FIVE RIVERS LEFT CHARGER,700 Terminal Cir,Livermore,CA,94551,,US,GPS,37.695736,-121.821163,2021-12-28,2024-07-09,203084.0,2024-07-09 01:33:24 UTC,,E,,Public,24 hours daily,0.0,2.0,0.0,,ChargePoint Network,http://www.chargepoint.com/,J1772,,,,,,False,,9657360011,-121.820045,37.6970934,180.16027101901685
ELEC,LVK FIVE RIVERS RIGHT CHARGER,700 Terminal Cir,Livermore,CA,94551,,US,GPS,37.69583,-121.821163,2021-12-28,2024-07-09,203085.0,2024-07-09 01:33:24 UTC,,E,,Public,24 hours daily,0.0,2.0,0.0,,ChargePoint Network,http://www.chargepoint.com/,J1772,,,,,,False,,9657360011,-121.820045,37.6970934,171.49836703489518
ELEC,ATRIUM STATION 1,1900 S Norfolk St,San Mateo,CA,94403,,US,GPS,37.552371,-122.292095,2022-01-07,2024-07-09,204392.0,2024-07-09 00:30:59 UTC,,E,,Public,24 hours daily,0.0,2.0,0.0,,ChargePoint Network,http://www.chargepoint.com/,J1772,,,,,,False,,342568157,-122.290794,37.552043,120.34951175854654
ELEC,"Musich - Crystal Springs Village SC (San Mateo, CA",100 Deanza Blvd,San Mateo,CA,94402,,US,GPS,37.52048,-122.33819,2022-01-07,2024-07-09,204472.0,2024-07-09 02:36:33 UTC,,E,,Public,24 hours daily,0.0,0.0,4.0,,Electrify America,https://www.electrifyamerica.com/,CHADEMO J1772COMBO,,,,,,False,,65437801,-122.3376578,37.5198162,87.4707620906203
ELEC,SANTANA ROW P2 STATION 15,3162 Olin Ave,San Jose,CA,95117,,US,GPS,37.319189,-121.950137,2022-01-08,2024-07-09,204488.0,2024-07-09 01:24:59 UTC,,E,,Public,24 hours daily,0.0,2.0,0.0,,ChargePoint Network,http://www.chargepoint.com/,J1772,,,,,,False,,65573344,-121.9500625,37.3191786,6.688774465969823
ELEC,SANTANA ROW B1 STATION 13,3162 Olin Ave,San Jose,CA,95117,,US,GPS,37.31976,-121.951419,2022-01-08,2024-07-09,204494.0,2024-07-09 01:30:51 UTC,,E,,Public,24 hours daily,0.0,2.0,0.0,,ChargePoint Network,http://www.chargepoint.com/,J1772,,,,,,False,,65419731,-121.9514001,37.3204558,77.38758867385614
ELEC,SANTANA ROW B1 STATION 14,3162 Olin Ave,San Jose,CA,95117,,US,GPS,37.318815,-121.950679,2022-01-08,2024-07-09,204495.0,2024-07-09 01:30:52 UTC,,E,,Public,24 hours daily,0.0,1.0,0.0,,ChargePoint Network,http://www.chargepoint.com/,J1772,,,,,,False,,574264738,-121.9502399,37.3191825,56.37051091147648
ELEC,IRVINE COMPANY STA CLRA SQ 03,2635 Augustine Dr,Santa Clara,CA,95054,,US,GPS,37.381417,-121.976011,2022-01-08,2024-07-09,204519.0,2024-07-09 01:34:02 UTC,,E,,Public,24 hours daily,0.0,1.0,0.0,,ChargePoint Network,http://www.chargepoint.com/,J1772,,,,,,False,,65667020,-121.974645,37.3823427,158.62689586476313
ELEC,Muir Station Shopping Center - Tesla Supercharger,520 Center Avenue,Martinez,CA,94553,,US,GPS,37.992956,-122.121362,2021-12-31,2023-07-01,204587.0,2023-07-14 19:41:28 UTC,P,E,,Public,24 hours daily,0.0,0.0,16.0,,Tesla,https://www.tesla.com/supercharger,TESLA,SHOPPING_CENTER,,,False,LD,False,,10576129755,-122.1219496,37.9930989,53.88806762348481
ELEC,NEWARK CIVICCTR NEWARK GW,37101 Newark Blvd,Newark,CA,94560,,US,GPS,37.535415,-122.02924,2022-01-12,2024-07-09,204655.0,2024-07-09 01:28:44 UTC,,E,,Public,24 hours daily,0.0,2.0,0.0,,ChargePoint Network,http://www.chargepoint.com/,J1772,,,,,,False,,559204788,-122.0288309,37.5358973,64.63222402985595
ELEC,NEWARK CIVICCTR NEWARK GW 2,37101 Newark Blvd,Newark,CA,94560,,US,GPS,37.535416,-122.029266,2022-01-12,2024-07-09,204656.0,2024-07-09 01:28:45 UTC,,E,,Public,24 hours daily,0.0,2.0,0.0,,ChargePoint Network,http://www.chargepoint.com/,J1772,,,,,,False,,559204788,-122.0288309,37.5358973,65.84877223703108
ELEC,NEWARK CIVICCTR NEWARK GW 3,37101 Newark Blvd,Newark,CA,94560,,US,GPS,37.535416,-122.029256,2022-01-12,2024-07-09,204657.0,2024-07-09 01:28:45 UTC,,E,,Public,24 hours daily,0.0,2.0,0.0,,ChargePoint Network,http://www.chargepoint.com/,J1772,,,,,,False,,559204788,-122.0288309,37.5358973,65.33897720813862
ELEC,NEWARK CIVICCTR NEWARK GW 4,37101 Newark Blvd,Newark,CA,94560,,US,GPS,37.535404,-122.02925,2022-01-12,2024-07-09,204658.0,2024-07-09 01:28:58 UTC,,E,,Public,24 hours daily,0.0,2.0,0.0,,ChargePoint Network,http://www.chargepoint.com/,J1772,,,,,,False,,559204788,-122.0288309,37.5358973,66.13928282731099
ELEC,NEWARK CIVICCTR NEWARK GW 5,37101 Newark Blvd,Newark,CA,94560,,US,GPS,37.535404,-122.029237,2022-01-12,2024-07-09,204659.0,2024-07-09 01:28:59 UTC,,E,,Public,24 hours daily,0.0,1.0,0.0,,ChargePoint Network,http://www.chargepoint.com/,J1772,,,,,,False,,559204788,-122.0288309,37.5358973,65.50572291084285
ELEC,ESSEX 420 STATION,420 Station Park Cir,San Mateo,CA,94402,,US,GPS,37.554888,-122.308063,2022-01-12,2024-07-09,204665.0,2024-07-09 01:32:38 UTC,,E,,Public,24 hours daily,0.0,2.0,0.0,,ChargePoint Network,http://www.chargepoint.com/,J1772,,,,,,False,,7128993345,-122.3076718,37.5548739,34.520728776255595
ELEC,APPLE TA16 B1 8,10710 N Tantau Ave,Cupertino,CA,95014,,US,GPS,37.333728,-122.005173,2022-01-13,2024-07-09,204698.0,2024-07-09 00:45:18 UTC,,E,,Public,Mon 12:00am - 12:00am; Tue 12:00am - 12:00am; Wed 12:00am - 12:00am; Thu 12:00am - 12:00am; Fri 12:00am - 12:00am; Sat 12:00am - 12:00am; Sun 12:00am - 12:00am,0.0,2.0,0.0,,ChargePoint Network,http://www.chargepoint.com/,J1772,,,,,,False,,65668517,-122.0042593,37.3337278,80.78301520363604
ELEC,APPLE TA16 B1 9,10710 N Tantau Ave,Cupertino,CA,95014,,US,GPS,37.333724,-122.005169,2022-01-13,2024-07-09,204700.0,2024-07-09 00:45:53 UTC,,E,,Public,Mon 12:00am - 12:00am; Tue 12:00am - 12:00am; Wed 12:00am - 12:00am; Thu 12:00am - 12:00am; Fri 12:00am - 12:00am; Sat 12:00am - 12:00am; Sun 12:00am - 12:00am,0.0,2.0,0.0,,ChargePoint Network,http://www.chargepoint.com/,J1772,,,,,,False,,65668517,-122.0042593,37.3337278,80.43047196576512
ELEC,APPLE TA16 B1 7,10710 N Tantau Ave,Cupertino,CA,95014,,US,GPS,37.33371,-122.005148,2022-01-13,2024-07-09,204701.0,2024-07-09 00:45:54 UTC,,E,,Public,Mon 12:00am - 12:00am; Tue 12:00am - 12:00am; Wed 12:00am - 12:00am; Thu 12:00am - 12:00am; Fri 12:00am - 12:00am; Sat 12:00am - 12:00am; Sun 12:00am - 12:00am,0.0,2.0,0.0,,ChargePoint Network,http://www.chargepoint.com/,J1772,,,,,,False,,65668517,-122.0042593,37.3337278,78.59762039479972
ELEC,Foster City - High Power Charging Plaza,1030 E Hillsdale Blvd,Foster City,CA,94404,,US,GPS,37.559261,-122.270296,2019-10-03,2024-07-08,228163.0,2024-07-08 23:58:00 UTC,,E,,Public,24 hours daily,0.0,0.0,4.0,,eVgo Network,https://www.evgo.com/,CHADEMO J1772COMBO,,,,,,False,,6354556059,-122.2690675,37.55939,109.23431242471895
ELEC,Whole Foods San Francisco -Trinity Place,1185 Market St,San Francisco,CA,94103,,US,GPS,37.7782,-122.41375,2022-03-01,2024-07-08,228166.0,2024-07-08 23:58:01 UTC,,E,,Public,24 hours daily,0.0,0.0,5.0,,eVgo Network,https://www.evgo.com/,CHADEMO J1772COMBO,,,,,,False,,4625882943,-122.4133711,37.7789728,92.15825583490583
ELEC,Whole Foods Mill Valley - E Blithedale,731 E Blithedale Ave,Mill Valley,CA,94941,,US,GPS,37.902443,-122.525354,2019-06-22,2024-07-08,228179.0,2024-07-08 23:58:05 UTC,,E,,Public,24 hours daily,0.0,0.0,3.0,,eVgo Network,https://www.evgo.com/,CHADEMO J1772COMBO,,,,,,False,,368396008,-122.5253806,37.9013313,123.63760469537016
ELEC,Homewood Suites San Jose Airport Silicon Valley,10 W Trimble Rd,San Jose,CA,95131,,US,GPS,37.385166,-121.928939,2015-04-28,2024-07-08,228189.0,2024-07-08 23:58:08 UTC,,E,,Public,24 hours daily,0.0,0.0,6.0,,eVgo Network,https://www.evgo.com/,CHADEMO J1772COMBO,,,,,,False,,313113382,-121.9278415,37.3858725,124.79603032028533
ELEC,City of Richmond - Civic Center - Array 1,325 Civic Center Plaza,Richmond,CA,94804,,US,GPS,37.935951,-122.343964,2019-06-18,2024-07-08,228214.0,2024-07-08 23:58:16 UTC,,E,,Public,24 hours daily,0.0,0.0,4.0,,eVgo Network,https://www.evgo.com/,CHADEMO J1772COMBO,,,,,,False,,57836575,-122.3435038,37.9363272,58.12696104591814
ELEC,Whole Foods Market,2001 Market St,San Francisco,CA,94114,,US,GPS,37.7681548,-122.4268005,2018-03-07,2024-07-08,228218.0,2024-07-08 23:58:18 UTC,,E,,Public,Mon 8:00am - 10:00pm; Tue 8:00am - 10:00pm; Wed 8:00am - 10:00pm; Thu 8:00am - 10:00pm; Fri 8:00am - 10:00pm; Sat 8:00am - 10:00pm; Sun 8:00am - 10:00pm,0.0,3.0,2.0,,eVgo Network,https://www.evgo.com/,CHADEMO J1772 J1772COMBO,,,,,,False,,260496469,-122.4267836,37.7678731,31.358859625029456
ELEC,Public Market,5959 Shellmound St,Emeryville,CA,94608,,US,GPS,37.840178,-122.293828,2013-12-16,2024-07-08,228222.0,2024-07-08 23:58:18 UTC,,E,,Public,24 hours daily,0.0,0.0,2.0,,eVgo Network,https://www.evgo.com/,CHADEMO J1772COMBO,,,,,,False,,53144046,-122.2934699,37.839364,95.81978013738778
ELEC,Parking Lot 107 - Sunnyvale,107 S Sunnyvale Ave,Sunnyvale,CA,94086,,US,GPS,37.3771473,-122.0292882,2022-03-30,2024-07-08,228223.0,2024-07-08 23:58:18 UTC,,E,,Public,24 hours daily,0.0,0.0,4.0,,eVgo Network,https://www.evgo.com/,CHADEMO J1772COMBO,,,,,,False,,65426734,-122.0287837,37.3772998,47.69481465557103
ELEC,Rose Pavilion,3903 Santa Rita Rd,Pleasanton,CA,94588,,US,GPS,37.697103,-121.876892,2018-03-07,2024-07-08,228228.0,2024-07-08 23:58:20 UTC,,E,,Public,24 hours daily,0.0,1.0,2.0,,eVgo Network,https://www.evgo.com/,CHADEMO J1772 J1772COMBO,,,,,,False,,658953566,-121.8786905,37.6969864,158.76891007703165
ELEC,Westlake Shopping Center,75 Southgate Ave,Daly City,CA,94015,,US,GPS,37.699951,-122.483575,2013-08-01,2024-07-08,228229.0,2024-07-08 23:58:20 UTC,,E,,Public,24 hours daily,0.0,1.0,2.0,,eVgo Network,https://www.evgo.com/,CHADEMO J1772 J1772COMBO,,,,,,False,,65459503,-122.4838687,37.6993566,70.96593787970706
ELEC,Whole Foods Market,3111 Mowry Ave,Fremont,CA,94538,,US,GPS,37.55488,-121.98448,2018-03-07,2024-07-08,228230.0,2024-07-08 23:58:20 UTC,,E,,Public,24 hours daily,0.0,1.0,2.0,,eVgo Network,https://www.evgo.com/,CHADEMO J1772 J1772COMBO,,,,,,False,,1671463545,-121.9837967,37.5550262,62.38949812838781
ELEC,Walgreens,1175 Columbus Ave,San Francisco,CA,94133,,US,GPS,37.80501,-122.41723,2018-03-07,2024-07-08,228231.0,2024-07-08 23:58:21 UTC,,E,,Public,24 hours daily,0.0,1.0,2.0,,eVgo Network,https://www.evgo.com/,CHADEMO J1772 J1772COMBO,,,,,,False,,7231176087,-122.4172795,37.8051714,18.46626980648837
ELEC,Whole Foods - Novato,790 De Long Ave,Novato,CA,94945,,US,GPS,38.1062,-122.56547,2018-03-07,2024-07-08,228234.0,2024-07-08 23:58:21 UTC,,E,,Public,Mon 8:00am - 9:00pm; Tue 8:00am - 9:00pm; Wed 8:00am - 9:00pm; Thu 8:00am - 9:00pm; Fri 8:00am - 9:00pm; Sat 8:00am - 9:00pm; Sun 8:00am - 9:00pm,0.0,1.0,4.0,,eVgo Network,https://www.evgo.com/,CHADEMO J1772 J1772COMBO,,,,,,False,,110383270,-122.5656828,38.1063209,22.965158141546198
ELEC,The Village at Corte Madera,1618 Redwood Hwy,Corte Madera,CA,94925,,US,GPS,37.928004,-122.514723,2014-03-24,2024-07-08,228238.0,2024-07-08 23:58:21 UTC,,E,,Public,24 hours daily,0.0,0.0,2.0,,eVgo Network,https://www.evgo.com/,CHADEMO J1772COMBO,,,,,,False,,257876192,-122.5153548,37.9285654,83.47221326333904
ELEC,City of Millbrae - Broadway,446 Broadway,Millbrae,CA,94030,,US,GPS,37.602235,-122.392945,2019-07-20,2024-07-08,228240.0,2024-07-08 23:58:22 UTC,,E,,Public,24 hours daily,0.0,0.0,3.0,,eVgo Network,https://www.evgo.com/,CHADEMO J1772COMBO,,,,,,False,,5427096535,-122.3924212,37.6025396,57.24076225220991
ELEC,Crossroads Pleasant Hill,2316 Monument Blvd,Pleasant Hill,CA,94523,,US,GPS,37.941415,-122.057718,2018-03-07,2024-07-08,228241.0,2024-07-08 23:58:22 UTC,,E,,Public,24 hours daily,0.0,0.0,2.0,,eVgo Network,https://www.evgo.com/,CHADEMO J1772COMBO,,,,,,False,,4226062109,-122.057136,37.9412014,56.29326425991593
ELEC,Whole Foods Berkeley - Telegraph,3000 Telegraph Ave,Berkeley,CA,94705,,US,GPS,37.85553,-122.26077,2017-08-30,2024-07-08,228247.0,2024-07-08 23:58:24 UTC,,E,,Public,24 hours daily,0.0,0.0,2.0,,eVgo Network,https://www.evgo.com/,CHADEMO J1772COMBO,,,,,,False,,6141356414,-122.2606957,37.8550795,50.51632886035543
ELEC,Whole Foods Market,4800 El Camino Real,Los Altos,CA,94022,,US,GPS,37.39896,-122.11018,2018-03-07,2024-07-08,228249.0,2024-07-08 23:58:24 UTC,,E,,Public,Mon 8:00am - 10:00pm; Tue 8:00am - 10:00pm; Wed 8:00am - 10:00pm; Thu 8:00am - 10:00pm; Fri 8:00am - 10:00pm; Sat 8:00am - 10:00pm; Sun 8:00am - 10:00pm,0.0,1.0,2.0,,eVgo Network,https://www.evgo.com/,CHADEMO J1772 J1772COMBO,,,,,,False,,30236408,-122.1100301,37.3992703,36.95745995272766
ELEC,Petaluma Village Premium Outlets,2200 Petaluma Blvd N,Petaluma,CA,94952,,US,GPS,38.256796,-122.648242,2019-10-03,2024-07-08,228254.0,2024-07-08 23:58:26 UTC,,E,,Public,24 hours daily,0.0,1.0,2.0,,eVgo Network,https://www.evgo.com/,CHADEMO J1772 J1772COMBO,,,,,,False,,3121138523,-122.646484,38.2571663,158.92640093408176
ELEC,Whole Foods Market,20955 Stevens Creek Blvd,Cupertino,CA,95014,,US,GPS,37.32416,-122.04032,2014-04-29,2024-07-08,228256.0,2024-07-08 23:58:26 UTC,,E,,Public,24 hours daily,0.0,2.0,2.0,,eVgo Network,https://www.evgo.com/,CHADEMO J1772 J1772COMBO,,,,,,False,,2908071152,-122.0414421,37.3245966,110.46095117970279
ELEC,San Francisco Premium Outlets,2774 Livermore Outlets Dr,Livermore,CA,94551,,US,GPS,37.699495,-121.84677,2018-03-07,2024-07-08,228258.0,2024-07-08 23:58:27 UTC,,E,,Public,24 hours daily,0.0,1.0,2.0,,eVgo Network,https://www.evgo.com/,CHADEMO J1772 J1772COMBO,,,,,,False,,661811164,-121.8482319,37.6995967,129.1151761489136
ELEC,Whole Foods Coddingtown,733 Coddingtown Ctr,Santa Rosa,CA,95401,,US,GPS,38.45823,-122.73225,2018-03-07,2024-07-08,228261.0,2024-07-08 23:58:28 UTC,,E,,Public,24 hours daily,0.0,0.0,6.0,,eVgo Network,https://www.evgo.com/,CHADEMO J1772COMBO,,,,,,False,,7049377524,-122.7325962,38.4582737,30.53366781788888
ELEC,Great Mall,447 Great Mall Dr,Milpitas,CA,95035,,US,GPS,37.4170654,-121.8964984,2018-03-07,2024-07-08,228262.0,2024-07-08 23:58:28 UTC,,E,,Public,24 hours daily,0.0,1.0,2.0,,eVgo Network,https://www.evgo.com/,CHADEMO J1772 J1772COMBO,,,,,,False,,65640660,-121.9007117,37.4183912,400.23389022903854
ELEC,Vacaville Premium Outlets North,321 Nut Tree Rd,Vacaville,CA,95687,,US,GPS,38.366653,-121.95586,2021-01-27,2024-07-08,228263.0,2024-07-08 23:58:28 UTC,,E,,Public,24 hours daily,0.0,1.0,2.0,,eVgo Network,https://www.evgo.com/,CHADEMO J1772 J1772COMBO,,,,,,False,,62447709,-121.956269,38.368225,178.398518242266
ELEC,Whole Foods Market,1025 Gilman St,Berkeley,CA,94710,,US,GPS,37.88061,-122.29729,2014-11-03,2024-07-08,228266.0,2024-07-08 23:58:29 UTC,,E,,Public,24 hours daily,0.0,1.0,2.0,,eVgo Network,https://www.evgo.com/,CHADEMO J1772 J1772COMBO,,,,,,False,,53030345,-122.296977,37.8802576,47.85510744850967
ELEC,Linda Mar Shopping Center,1227 Linda Mar Shopping Ctr,Pacifica,CA,94044,,US,GPS,37.593529,-122.503312,2018-03-07,2024-07-08,228268.0,2024-07-08 23:58:29 UTC,,E,,Public,24 hours daily,0.0,0.0,2.0,,eVgo Network,https://www.evgo.com/,CHADEMO J1772COMBO,,,,,,False,,65441807,-122.5027595,37.5931818,62.12993806827022
ELEC,Nob Hill Foods,1250 Grant Rd,Mountain View,CA,94040,,US,GPS,37.378474,-122.075627,2018-03-07,2024-07-08,228274.0,2024-07-08 23:58:30 UTC,,E,,Public,24 hours daily,0.0,0.0,2.0,,eVgo Network,https://www.evgo.com/,CHADEMO J1772COMBO,,,,,,False,,5367061269,-122.0748167,37.3781839,78.52967829102982
ELEC,Whole Foods Market,1250 Jefferson Ave,Redwood City,CA,94062,,US,GPS,37.48229,-122.23167,2018-03-07,2024-07-08,228279.0,2024-07-08 23:58:31 UTC,,E,,Public,24 hours daily,0.0,1.0,2.0,,eVgo Network,https://www.evgo.com/,CHADEMO J1772 J1772COMBO,,,,,,False,,4184051510,-122.2313291,37.4819475,48.53085563056524
ELEC,Northgate Mall,5800 Northgate Dr,San Rafael,CA,94903,,US,GPS,38.005337,-122.545062,2018-03-07,2024-07-08,228281.0,2024-07-08 23:58:31 UTC,,E,,Public,24 hours daily,0.0,0.0,2.0,,eVgo Network,https://www.evgo.com/,CHADEMO J1772COMBO,,,,,,False,,734771041,-122.5455132,38.0055135,44.13613853410452
ELEC,Santa Rosa Plaza,1071 Santa Rosa Plz,Santa Rosa,CA,95401,,US,GPS,38.438985,-122.71757,2018-03-07,2024-07-08,228283.0,2024-07-08 23:58:31 UTC,,E,,Public,24 hours daily,0.0,1.0,1.0,,eVgo Network,https://www.evgo.com/,CHADEMO J1772 J1772COMBO,,,,,,False,,356608037,-122.7178446,38.4396027,72.72999461319266
ELEC,Whole Foods Market,777 The Alameda,San Jose,CA,95126,,US,GPS,37.33222,-121.90465,2019-10-03,2024-07-08,228284.0,2024-07-08 23:58:32 UTC,,E,,Public,24 hours daily,0.0,0.0,4.0,,eVgo Network,https://www.evgo.com/,CHADEMO J1772COMBO,,,,,,False,,3616819741,-121.9047549,37.3317725,50.6167814397795
ELEC,Napa Premium Outlets,629 Factory Stores Dr,Napa,CA,94558,,US,GPS,38.296945,-122.302573,2018-03-07,2024-07-08,228286.0,2024-07-08 23:58:32 UTC,,E,,Public,24 hours daily,0.0,1.0,1.0,,eVgo Network,https://www.evgo.com/,CHADEMO J1772 J1772COMBO,,,,,,False,,1017147285,-122.3019687,38.2968869,53.12968714661316
ELEC,Oak Hills Shopping Center,5420 Sunol Blvd,Pleasanton,CA,94566,,US,GPS,37.652308,-121.878425,2022-09-21,2024-07-08,228313.0,2024-07-08 23:58:39 UTC,,E,,Public,24 hours daily,0.0,0.0,4.0,,eVgo Network,https://www.evgo.com/,CHADEMO J1772COMBO,,,,,,False,,53075019,-121.8781659,37.6523878,24.475431224593265
ELEC,Stoneridge Shopping Center,1700 Stoneridge Mall Rd,Pleasanton,CA,94588,,US,GPS,37.694576,-121.927308,2018-03-07,2024-07-08,228342.0,2024-07-08 23:58:46 UTC,,E,,Public,24 hours daily,0.0,2.0,2.0,,eVgo Network,https://www.evgo.com/,CHADEMO J1772 J1772COMBO,,,,,,False,,4372279507,-121.9266708,37.6927075,215.19971705882378
ELEC,Whole Foods Market,3502 Mt Diablo Blvd,Lafayette,CA,94549,,US,GPS,37.8934,-122.11681,2018-03-07,2024-07-08,228343.0,2024-07-08 23:58:46 UTC,,E,,Public,24 hours daily,0.0,0.0,1.0,,eVgo Network,https://www.evgo.com/,CHADEMO J1772COMBO,,,,,,False,,1295295613,-122.1165314,37.8931696,35.41211453911638
ELEC,Whole Foods Market,5200 Dublin Blvd,Dublin,CA,94568,,US,GPS,37.70536,-121.88962,2015-04-01,2024-07-08,228344.0,2024-07-08 23:58:46 UTC,,E,,Public,24 hours daily,0.0,1.0,2.0,,eVgo Network,https://www.evgo.com/,CHADEMO J1772 J1772COMBO,,,,,,False,,3392839272,-121.8903702,37.7062146,115.69732187767305
ELEC,Target,19691 Hesperian Blvd,Hayward,CA,94541,,US,GPS,37.6654,-122.12076,2018-03-07,2024-07-08,228351.0,2024-07-08 23:58:48 UTC,,E,,Public,24 hours daily,0.0,1.0,2.0,,eVgo Network,https://www.evgo.com/,CHADEMO J1772 J1772COMBO,,,,,,False,,1236954845,-122.1209774,37.6650164,46.750207944617415
ELEC,Grocery Outlet,1180 N Fair Oaks Ave,Sunnyvale,CA,94089,,US,GPS,37.40345,-122.00968,2018-03-07,2024-07-08,228352.0,2024-07-08 23:58:48 UTC,,E,,Public,24 hours daily,0.0,0.0,2.0,,eVgo Network,https://www.evgo.com/,CHADEMO J1772COMBO,,,,,,False,,663710945,-122.0101074,37.4033992,38.17290651195293
ELEC,Gilroy Premium Outlets,681 Leavesley Rd,Gilroy,CA,95020,,US,GPS,37.02455,-121.56527,2018-03-07,2024-07-08,228355.0,2024-07-08 23:58:49 UTC,,E,,Public,24 hours daily,0.0,0.0,2.0,,eVgo Network,https://www.evgo.com/,CHADEMO J1772COMBO,,,,,,False,,1710790638,-121.5648817,37.0231135,163.4091214702494
ELEC,Whole Foods Market,230 Bay Pl,Oakland,CA,94612,,US,GPS,37.81333,-122.26058,2018-03-07,2024-07-08,228356.0,2024-07-08 23:58:49 UTC,,E,,Public,Mon 7:00am - 10:00pm; Tue 7:00am - 10:00pm; Wed 7:00am - 10:00pm; Thu 7:00am - 10:00pm; Fri 7:00am - 10:00pm; Sat 7:00am - 10:00pm; Sun 7:00am - 10:00pm,0.0,0.0,4.0,,eVgo Network,https://www.evgo.com/,CHADEMO J1772COMBO,,,,,,False,,53057230,-122.2601832,37.8133091,34.934482888195674
ELEC,Whole Foods Market,399 4th St,San Francisco,CA,94107,,US,GPS,37.78122,-122.39974,2018-03-07,2024-07-08,228357.0,2024-07-08 23:58:50 UTC,,E,,Public,24 hours daily,0.0,0.0,2.0,,eVgo Network,https://www.evgo.com/,CHADEMO J1772COMBO,,,,,,False,,65351780,-122.4001585,37.7812114,36.7917546464949
ELEC,Whole Foods Market,450 Rhode Island St,San Francisco,CA,94107,,US,GPS,37.76443,-122.40282,2018-03-07,2024-07-08,228359.0,2024-07-08 23:58:50 UTC,,E,,Public,Mon 8:00am - 10:59pm; Tue 8:00am - 10:59pm; Wed 8:00am - 10:59pm; Thu 8:00am - 10:59pm; Fri 8:00am - 10:59pm; Sat 8:00am - 10:59pm; Sun 8:00am - 10:59pm,0.0,0.0,2.0,,eVgo Network,https://www.evgo.com/,CHADEMO J1772COMBO,,,,,,False,,65294608,-122.402581,37.7647852,44.73642557927784
ELEC,Whole Foods Market,1765 California St,San Francisco,CA,94109,,US,GPS,37.789923,-122.423811,2018-03-07,2024-07-08,228360.0,2024-07-08 23:58:50 UTC,,E,,Public,Mon 6:00am - 9:59pm; Tue 6:00am - 9:59pm; Wed 6:00am - 9:59pm; Thu 6:00am - 9:59pm; Fri 6:00am - 9:59pm; Sat 6:00am - 9:59pm; Sun 6:00am - 9:59pm,0.0,0.0,2.0,,eVgo Network,https://www.evgo.com/,CHADEMO J1772COMBO,,,,,,False,,65295345,-122.4239912,37.7901653,31.2512608513069
ELEC,Whole Foods Market,1150 Ocean Ave,San Francisco,CA,94112,,US,GPS,37.723957,-122.454409,2018-03-07,2024-07-08,228361.0,2024-07-08 23:58:50 UTC,,E,,Public,Mon 8:00am - 9:59pm; Tue 8:00am - 9:59pm; Wed 8:00am - 9:59pm; Thu 8:00am - 9:59pm; Fri 8:00am - 9:59pm; Sat 8:00am - 9:59pm; Sun 8:00am - 9:59pm,0.0,0.0,4.0,,eVgo Network,https://www.evgo.com/,CHADEMO J1772COMBO,,,,,,False,,4782108223,-122.4541116,37.7240193,27.058630935873072
ELEC,AMC Parking Lot Geary Blvd,1000 Van Ness Ave,San Francisco,CA,94109,,US,GPS,37.7850447,-122.4198061,2021-07-04,2024-07-08,228375.0,2024-07-08 23:58:53 UTC,,E,,Public,Mon 6:30am - 8:30pm; Tue 6:30am - 8:30pm; Wed 6:30am - 8:30pm; Thu 6:30am - 8:30pm; Fri 6:30am - 10:30pm; Sat 6:30am - 10:30pm; Sun 6:30am - 8:30pm,0.0,0.0,9.0,,eVgo Network,https://www.evgo.com/,CHADEMO J1772COMBO,,,,,,False,,65317957,-122.4195701,37.7849729,22.223129585811375
ELEC,Lucky,2175 Grant Rd,Los Altos,CA,94024,,US,GPS,37.341896,-122.070961,2018-03-07,2024-07-08,228393.0,2024-07-08 23:58:57 UTC,,E,,Public,24 hours daily,0.0,0.0,2.0,,eVgo Network,https://www.evgo.com/,CHADEMO J1772COMBO,,,,,,False,,65662755,-122.0708817,37.341682,24.806921841883575
ELEC,Laurelwood Shopping Center,1206 W Hillsdale Blvd,San Mateo,CA,94403,,US,GPS,37.5331455,-122.3274054,2020-12-16,2024-07-08,228394.0,2024-07-08 23:58:57 UTC,,E,,Public,24 hours daily,0.0,0.0,4.0,,eVgo Network,https://www.evgo.com/,CHADEMO J1772COMBO,,,,,,False,,65427925,-122.3276398,37.5329364,31.109609295578085
ELEC,Lucky San Francisco #756,1750 Fulton St,San Francisco,CA,94117,,US,GPS,37.77604,-122.44565,2021-02-03,2024-07-08,228401.0,2024-07-08 23:58:58 UTC,,E,,Public,Mon 7:00am - 11:00pm; Tue 7:00am - 11:00pm; Wed 7:00am - 11:00pm; Thu 7:00am - 11:00pm; Fri 7:00am - 11:00pm; Sat 7:00am - 11:00pm; Sun 7:00am - 11:00pm,0.0,0.0,2.0,,eVgo Network,https://www.evgo.com/,CHADEMO J1772COMBO,,,,,,False,,6910272811,-122.4464549,37.7758145,75.05499198113154
ELEC,San Mateo Caltrain Station,385 1st Ave,San Mateo,CA,94401,,US,GPS,37.567503,-122.323784,2018-03-07,2024-07-08,228411.0,2024-07-08 23:59:01 UTC,,E,,Public,24 hours daily,0.0,0.0,2.0,,eVgo Network,https://www.evgo.com/,CHADEMO J1772COMBO,,,,,,False,,65391404,-122.3232067,37.5676717,54.229292689098465
ELEC,Twin Canyon Shopping Center,2550 San Ramon Valley Blvd,San Ramon,CA,94583,,US,GPS,37.773236,-121.974087,2021-02-12,2024-07-08,228414.0,2024-07-08 23:59:01 UTC,,E,,Public,24 hours daily,0.0,0.0,2.0,,eVgo Network,https://www.evgo.com/,CHADEMO J1772COMBO,,,,,,False,,1222828594,-121.9733388,37.7730369,69.38834488997853
ELEC,San Carlos Library,610 Elm St,San Carlos,CA,94070,,US,GPS,37.5036,-122.2618505,2018-03-07,2024-07-08,228416.0,2024-07-08 23:59:02 UTC,,E,,Public,24 hours daily,0.0,1.0,2.0,,eVgo Network,https://www.evgo.com/,CHADEMO J1772 J1772COMBO,,,,,,False,,65485569,-122.2615176,37.5038557,40.8750776312158
ELEC,Carlmont Village Shopping Center,1049 Alameda de las Pulgas,Belmont,CA,94002,,US,GPS,37.51084,-122.29364,2021-03-19,2024-07-08,228424.0,2024-07-08 23:59:10 UTC,,E,,Public,24 hours daily,0.0,0.0,4.0,,eVgo Network,https://www.evgo.com/,CHADEMO J1772COMBO,,,,,,False,,65469491,-122.293435,37.5100637,88.19426130602992
ELEC,FoodMaxx Newark #462,39966 Cedar Blvd,Newark,CA,94560,,US,GPS,37.51873,-121.99211,2021-04-30,2024-07-08,228440.0,2024-07-08 23:59:13 UTC,,E,,Public,24 hours daily,0.0,0.0,4.0,,eVgo Network,https://www.evgo.com/,CHADEMO J1772COMBO,,,,,,False,,3958776965,-121.9918662,37.5183314,49.26262353459937
ELEC,Serramonte Main Library,40 Wembley Dr,Daly City,CA,94015,,US,GPS,37.663088,-122.470818,2021-04-07,2024-07-08,228442.0,2024-07-08 23:59:13 UTC,,E,,Public,24 hours daily,0.0,0.0,4.0,,eVgo Network,https://www.evgo.com/,CHADEMO J1772COMBO,,,,,,False,,65457530,-122.4715781,37.6620161,136.68529924893443
ELEC,San Francisco Premium Outlets,2774 Livermore Outlets Dr,Livermore,CA,94551,,US,GPS,37.69895,-121.84432,2018-03-07,2024-07-08,228466.0,2024-07-08 23:59:17 UTC,,E,,Public,24 hours daily,0.0,0.0,2.0,,eVgo Network,https://www.evgo.com/,CHADEMO J1772COMBO,,,,,,False,,263015973,-121.8435989,37.7011015,247.5053898950261
ELEC,Fairfield Verdant Garage,3700 Casa Verde St,San Jose,CA,95134,,US,GPS,37.412903,-121.938327,2018-03-07,2024-07-08,228470.0,2024-07-08 23:59:18 UTC,,E,,Public,24 hours daily,0.0,1.0,2.0,,eVgo Network,https://www.evgo.com/,CHADEMO J1772 J1772COMBO,,,,,,False,,3966968504,-121.9375717,37.4125547,77.13575104291941
ELEC,Pacific Pearl Shopping Center,2693 Stoneridge Dr,Pleasanton,CA,94588,,US,GPS,37.696437,-121.850261,2018-03-07,2024-07-08,228471.0,2024-07-08 23:59:18 UTC,,E,,Public,24 hours daily,0.0,4.0,2.0,,eVgo Network,https://www.evgo.com/,CHADEMO J1772 J1772COMBO,,,,,,False,,2564003424,-121.851152,37.697155,111.89143067622172
ELEC,Lucky,1312 Trancas St,Napa,CA,94558,,US,GPS,38.32363,-122.30141,2018-03-07,2024-07-08,228477.0,2024-07-08 23:59:18 UTC,,E,,Public,24 hours daily,0.0,0.0,2.0,,eVgo Network,https://www.evgo.com/,CHADEMO J1772COMBO,,,,,,False,,9758303872,-122.3012511,38.3242212,67.18405791570831
ELEC,Safeway South San Francisco #3116,2255 Gellert Blvd,South San Francisco,CA,94080,,US,GPS,37.645874,-122.452044,2022-09-21,2024-07-08,228530.0,2024-07-08 23:59:28 UTC,,E,,Public,24 hours daily,0.0,0.0,6.0,,eVgo Network,https://www.evgo.com/,CHADEMO J1772COMBO,,,,,,False,,262079353,-122.4507944,37.6463261,120.96107819323986
ELEC,Kaiser Permanente San Rafael Medical Center,99 Montecillo Rd,San Rafael,CA,94903,,US,GPS,38.004553,-122.555669,2018-03-07,2024-07-08,228539.0,2024-07-08 23:59:29 UTC,,E,,Public,24 hours daily,0.0,0.0,1.0,,eVgo Network,https://www.evgo.com/,CHADEMO,,,,,,False,,110448205,-122.5571982,38.0037732,159.59539265290474
ELEC,Nineteen800,19800 Vallco Pkwy,Cupertino,CA,95014,,US,GPS,37.32514,-122.01139,2016-01-21,2024-07-08,228562.0,2024-07-08 23:59:34 UTC,,E,,Public,24 hours daily,0.0,1.0,2.0,,eVgo Network,https://www.evgo.com/,CHADEMO J1772 J1772COMBO,,,,,,False,,4176688207,-122.0115531,37.3230397,233.98791325370016
ELEC,Lucky,6843 Mission St,Daly City,CA,94014,,US,GPS,37.698288,-122.463339,2016-01-01,2024-07-08,228572.0,2024-07-08 23:59:37 UTC,,E,,Public,24 hours daily,0.0,1.0,2.0,,eVgo Network,https://www.evgo.com/,CHADEMO J1772 J1772COMBO,,,,,,False,,65414688,-122.4640072,37.6988451,85.4026179970151
ELEC,Whole Foods Market,2941 Ygnacio Valley Rd,Walnut Creek,CA,94598,,US,GPS,37.926066,-122.015724,2018-03-07,2024-07-08,228589.0,2024-07-08 23:59:39 UTC,,E,,Public,24 hours daily,0.0,1.0,2.0,,eVgo Network,https://www.evgo.com/,CHADEMO J1772 J1772COMBO,,,,,,False,,9628014603,-122.0168469,37.9266299,116.75631050078337
ELEC,City of Millbrae - Magnolia,320 Magnolia Ave.,Millbrae,CA,94030,,US,GPS,37.60081,-122.39261,2021-05-28,2024-07-08,228634.0,2024-07-08 23:59:46 UTC,,E,,Public,24 hours daily,0.0,0.0,2.0,,eVgo Network,https://www.evgo.com/,CHADEMO J1772COMBO,,,,,,False,,65465007,-122.3923441,37.6002753,63.90431032317626
ELEC,Nut Tree Plaza,"1661 E Monte Vista Ave, Suite Q-107",Vacaville,CA,95688,,US,GPS,38.368183,-121.9619295,2022-02-24,2024-07-08,228639.0,2024-07-08 23:59:51 UTC,,E,,Public,24 hours daily,0.0,0.0,4.0,,eVgo Network,https://www.evgo.com/,CHADEMO J1772COMBO,,,,,,False,,470163503,-121.9618433,38.3680169,19.939864689577036
ELEC,Chula Vista Lot HPCP,1133 Chula Vista,Burlingame,CA,94010,,US,GPS,37.586596,-122.363513,2019-10-03,2024-07-08,228646.0,2024-07-08 23:59:57 UTC,,E,,Public,24 hours daily,0.0,0.0,6.0,,eVgo Network,https://www.evgo.com/,CHADEMO J1772COMBO,,,,,,False,,65446278,-122.3640819,37.5868716,58.753588774231616
ELEC,Santa Teresa Village,7160 Santa Teresa Blvd,San Jose,CA,95139,,US,GPS,37.22646,-121.77446,2022-06-11,2024-07-08,228665.0,2024-07-09 00:00:11 UTC,,E,,Public,24 hours daily,0.0,0.0,4.0,,eVgo Network,https://www.evgo.com/,CHADEMO J1772COMBO,,,,,,False,,432588489,-121.7750023,37.2259272,76.25860612095231
ELEC,El Gato Shopping Center,15710 Los Gatos Blvd,Los Gatos,CA,95032,,US,GPS,37.2402767,-121.9595757,2022-09-21,2024-07-08,228668.0,2024-07-09 00:00:12 UTC,,E,,Public,24 hours daily,0.0,0.0,4.0,,eVgo Network,https://www.evgo.com/,CHADEMO J1772COMBO,,,,,,False,,65550985,-121.9588289,37.240185,66.890698927863
ELEC,Empire Shopping Center,5887 Lone Tree Way,Antioch,CA,94531,,US,GPS,37.9625955,-121.7340686,2022-09-21,2024-07-08,228681.0,2024-07-09 00:00:17 UTC,,E,,Public,24 hours daily,0.0,0.0,10.0,,eVgo Network,https://www.evgo.com/,CHADEMO J1772COMBO,,,,,,False,,3969395002,-121.73263,37.9616926,161.20131517991396
ELEC,Whole Foods Temescal (TCL),5110 Telegraph Ave,Oakland,CA,94609,,US,GPS,37.8375988,-122.2616657,2022-02-08,2024-07-08,228688.0,2024-07-09 00:00:21 UTC,,E,,Public,24 hours daily,0.0,0.0,2.0,,eVgo Network,https://www.evgo.com/,CHADEMO J1772COMBO,,,,,,False,,53085355,-122.2611093,37.8378682,57.31285832303296
ELEC,Jack London Square,409 Washington St.,Oakland,CA,94607,,US,GPS,37.7981773,-122.2769619,2022-06-17,2024-07-08,228693.0,2024-07-09 00:00:22 UTC,,E,,Public,24 hours daily,0.0,0.0,8.0,,eVgo Network,https://www.evgo.com/,CHADEMO J1772COMBO,,,,,,False,,53081391,-122.2767378,37.7979261,34.174756229253646
ELEC,Lucky Castro Valley #704,3401 Castro Valley Blvd,Castro Valley,CA,94546,,US,GPS,37.69483,-122.07589,2021-06-17,2024-07-08,228694.0,2024-07-09 00:00:22 UTC,,E,,Public,24 hours daily,0.0,0.0,4.0,,eVgo Network,https://www.evgo.com/,CHADEMO J1772COMBO,,,,,,False,,53063986,-122.0761266,37.6955387,81.50723944506761
ELEC,Chevron #2200,320 E Millbrae Ave,Millbrae,CA,94030,,US,GPS,37.6012395,-122.383501,2021-07-28,2024-07-08,228700.0,2024-07-09 00:00:24 UTC,,E,,Public,24 hours daily,0.0,0.0,4.0,,eVgo Network,https://www.evgo.com/,CHADEMO J1772COMBO,,,,,,False,,65384141,-122.3831037,37.600893,52.05352513362642
ELEC,EVgo 350 Pacific Hub,350 Pacific Ave,San Francisco,CA,94111,,US,GPS,37.79776,-122.40172,2021-07-04,2024-07-08,228701.0,2024-07-09 00:00:24 UTC,,E,,Public,24 hours daily,0.0,0.0,4.0,,eVgo Network,https://www.evgo.com/,CHADEMO J1772COMBO,,,,,,False,,65359317,-122.4020512,37.7975109,40.17540685904322
ELEC,Lucky San Leandro,1300 Fairmont Dr,San Leandro,CA,94578,,US,GPS,37.703138,-122.129266,2019-11-07,2024-07-08,228720.0,2024-07-09 00:00:37 UTC,,E,,Public,24 hours daily,0.0,0.0,4.0,,eVgo Network,https://www.evgo.com/,CHADEMO J1772COMBO,,,,,,False,,3639941512,-122.1300882,37.7037519,99.45847713180352
ELEC,ABB San Jose,3055 Orchard Dr,San Jose,CA,95134,,US,GPS,37.394653,-121.93781,2018-03-07,2024-07-08,228762.0,2024-07-09 00:00:46 UTC,,E,,Public,24 hours daily,0.0,0.0,2.0,,eVgo Network,https://www.evgo.com/,CHADEMO J1772COMBO,,,,,,False,,760124076,-121.9364375,37.3939105,146.68970955789146
ELEC,Lucky,565 W Capitol Expy,San Jose,CA,95136,,US,GPS,37.275614,-121.854372,2018-03-07,2024-07-09,228766.0,2024-07-09 00:01:21 UTC,,E,,Public,24 hours daily,0.0,0.0,2.0,,eVgo Network,https://www.evgo.com/,CHADEMO J1772COMBO,,,,,,False,,65429998,-121.854633,37.2757369,26.834155240659626
ELEC,Union City Smith Street Parking,3960 Smith St,Union City,CA,94587,,US,GPS,37.596393,-122.080143,2018-03-07,2024-07-09,228767.0,2024-07-09 00:01:21 UTC,,E,,Public,24 hours daily,0.0,0.0,2.0,,eVgo Network,https://www.evgo.com/,CHADEMO J1772COMBO,,,,,,False,,53111601,-122.0798708,37.5964871,26.164898252124374
ELEC,Whole Foods Berkeley - Telegraph,3000 Telegraph Ave,Berkeley,CA,94705,,US,GPS,37.85553,-122.26077,2017-08-30,2024-07-09,228805.0,2024-07-09 00:01:33 UTC,,E,,Public,24 hours daily,0.0,0.0,4.0,,eVgo Network,https://www.evgo.com/,CHADEMO J1772COMBO,,,,,,False,,6141356414,-122.2606957,37.8550795,50.51632886035543
ELEC,Marina Square Shopping Center,1201 Marina Blvd,San Leandro,CA,94577,,US,GPS,37.7096893,-122.1646629,2022-09-21,2024-07-09,228815.0,2024-07-09 00:01:35 UTC,,E,,Public,24 hours daily,0.0,0.0,4.0,,eVgo Network,https://www.evgo.com/,CHADEMO J1772COMBO,,,,,,False,,1316693137,-122.1656923,37.7099775,96.0580004577017
ELEC,SFBU STATION 1,161 Mission  Falls Lane,Fremont,CA,94539,,US,GPS,37.485317,-121.927444,2022-09-22,2024-07-09,228847.0,2024-07-09 01:25:11 UTC,,E,,Public,Mon 8:00am - 10:00pm; Tue 8:00am - 10:00pm; Wed 8:00am - 10:00pm; Thu 8:00am - 10:00pm; Fri 8:00am - 10:00pm; Sat 8:00am - 8:00pm; Sun 8:00am - 8:00pm,0.0,2.0,0.0,,ChargePoint Network,http://www.chargepoint.com/,J1772,,,,,,False,,10970184537,-121.9273523,37.4846587,73.64554180735126
ELEC,SFBU STATION 3,161 Mission Falls Lane,Fremont,CA,94539,,US,GPS,37.485167,-121.927378,2022-09-22,2024-07-09,228849.0,2024-07-09 01:25:12 UTC,,E,,Public,Mon 8:00am - 10:00pm; Tue 8:00am - 10:00pm; Wed 8:00am - 10:00pm; Thu 8:00am - 10:00pm; Fri 8:00am - 10:00pm; Sat 8:00am - 8:00pm; Sun 8:00am - 8:00pm,0.0,2.0,0.0,,ChargePoint Network,http://www.chargepoint.com/,J1772,,,,,,False,,10970184537,-121.9273523,37.4846587,56.565932195373186
ELEC,ALTABATESSUMMIT PCP GAR B3-N,435 Hawthorne Ave PCP Garage,Oakland,CA,94609,,US,GPS,37.8205,-122.26542,2022-09-23,2024-07-09,228928.0,2024-07-09 01:30:25 UTC,,E,,Public,24 hours daily,0.0,1.0,0.0,,ChargePoint Network,http://www.chargepoint.com/,J1772,,,,,,False,,53105260,-122.2654909,37.8211642,74.11786965558076
ELEC,ALTABATESSUMMIT PCP GAR B2 S,435 Hawthorne Ave PCP GARAGE,Oakland,CA,94609,,US,GPS,37.820441,-122.265323,2022-09-23,2024-07-09,228929.0,2024-07-09 01:30:25 UTC,,E,,Public,24 hours daily,0.0,2.0,0.0,,ChargePoint Network,http://www.chargepoint.com/,J1772,,,,,,False,,53105260,-122.2654909,37.8211642,81.7574180763698
ELEC,ALTABATESSUMMIT PCP GAR B2 N,435 Hawthorne Ave PCP Garage,Oakland,CA,94609,,US,GPS,37.820386,-122.265444,2022-09-23,2024-07-09,228930.0,2024-07-09 01:30:25 UTC,,E,,Public,24 hours daily,0.0,2.0,0.0,,ChargePoint Network,http://www.chargepoint.com/,J1772,,,,,,False,,53105260,-122.2654909,37.8211642,86.6300182878506
ELEC,THE REDWOODS MARAVILLA 2,306 Scarlett Terrace,Mountain View,CA,94043,,US,GPS,37.406439,-122.092526,2022-09-23,2024-07-09,228943.0,2024-07-09 01:42:41 UTC,,E,,Public,24 hours daily,0.0,2.0,0.0,,ChargePoint Network,http://www.chargepoint.com/,J1772,,,,,,False,,65501816,-122.0933193,37.4061495,77.11096973586973
ELEC,Marina Square Center - Tesla Supercharger,1201 Marina Blvd,San Leandro,CA,94577,,US,GPS,37.709866,-122.164662,2022-09-17,2023-07-01,229089.0,2023-07-14 19:41:28 UTC,P,E,,Public,24 hours daily,0.0,0.0,12.0,,Tesla,https://www.tesla.com/supercharger,TESLA,SHOPPING_MALL,,,False,LD,False,,1316693137,-122.1656923,37.7099775,91.47791146659371
ELEC,The Masonic P1 DCFC,1111 California Street,San Francisco,CA,94108,,US,GPS,37.791186656,-122.412939989,2022-08-16,2024-06-23,229346.0,2024-06-23 03:13:59 UTC,,E,,Public,Mon 5:00am - 10:59pm; Tue 5:00am - 10:59pm; Wed 5:00am - 10:59pm; Thu 5:00am - 10:59pm; Fri 5:00am - 10:59pm; Sat 5:00am - 10:59pm; Sun 5:00am - 10:59pm,0.0,0.0,1.0,,Volta,https://voltacharging.com/,J1772COMBO,,,,False,LD,False,,65295324,-122.4124799,37.7916306,63.80694558869823
ELEC,CCSF - Ocean Campus South Parking Lot,50 Frida Kahlo Way,San Francisco,CA,94112,,US,GPS,37.725345,-122.4479295,2022-06-30,2024-06-23,229362.0,2024-06-23 03:14:01 UTC,,E,,Public,Mon 5:00am - 10:59pm; Tue 5:00am - 10:59pm; Wed 5:00am - 10:59pm; Thu 5:00am - 10:59pm; Fri 5:00am - 10:59pm; Sat 5:00am - 10:59pm; Sun 5:00am - 10:59pm,0.0,2.0,0.0,,Volta,https://voltacharging.com/,J1772,,,,False,LD,False,,65284600,-122.4472587,37.7249139,76.01667789924691
ELEC,Nema Valet Parking Garage DCFC,8 10th Street,San Francisco,CA,94103,,US,GPS,37.775793817,-122.417212684,2022-06-14,2024-06-23,229367.0,2024-06-23 03:17:00 UTC,,E,,Public,Mon 11:00pm - 11:00pm; Tue 11:00pm - 11:00pm; Wed 11:00pm - 11:00pm; Thu 11:00pm - 11:00pm; Fri 11:00pm - 11:00pm; Sat 11:00pm - 11:00pm; Sun 11:00pm - 11:00pm,0.0,0.0,2.0,,Volta,https://voltacharging.com/,J1772COMBO,,,,False,LD,False,,65306958,-122.4165267,37.7757638,60.38355905683682
ELEC,Town of Colma,1198 El Camino,Colma,CA,94014,,US,GPS,37.676942,-122.459308,2019-02-05,2024-07-08,229515.0,2024-07-08 23:57:36 UTC,,E,,Public,24 hours daily,0.0,0.0,2.0,,eVgo Network,https://www.evgo.com/,CHADEMO J1772COMBO,,,,,,False,,258311670,-122.4584008,37.6765937,88.73825728590514
ELEC,Broadstone Axis,2820 Broadway,Oakland,CA,94611,,US,200-9,37.816651,-122.262942,2022-09-15,2022-10-11,229555.0,2023-02-14 15:54:11 UTC,P,E,,Public - Credit card at all times,Contact station for hours of availability.,0.0,1.0,0.0,,AMPUP,https://ampup.io/,J1772,MULTI_UNIT_DWELLING,,,False,LD,False,,1230248568,-122.2636108,37.8163712,66.47834883056677
ELEC,1000 Green St Apartments,1000 Green St,San Francisco,CA,94133,,US,200-9,37.798818,-122.415833,2022-09-15,2022-10-11,229556.0,2023-02-14 15:54:11 UTC,P,E,,Public - Credit card at all times,Contact station for hours of availability.,0.0,2.0,0.0,,AMPUP,https://ampup.io/,J1772,MULTI_UNIT_DWELLING,,,False,LD,False,,65345270,-122.4155967,37.7986999,24.56650499089064
ELEC,Nob Hill Campbell #606,1602 W Campbell Ave,Campbell,CA,95008,,US,GPS,37.285859,-121.9783434,2022-09-30,2024-07-09,230759.0,2024-07-09 00:01:30 UTC,,E,,Public,24 hours daily,0.0,0.0,4.0,,eVgo Network,https://www.evgo.com/,CHADEMO J1772COMBO,,,,,,False,,65537472,-121.979745,37.285954,124.4477324004237
ELEC,Bishop Ranch 3 North Chargers,2603 Camino Ramon,San Ramon,CA,94583,,US,GPS,37.76901,-121.96002,2022-09-30,2024-07-09,230778.0,2024-07-09 02:48:41 UTC,,E,,Public,24 hours daily,0.0,12.0,0.0,,EV Connect,http://evconnect.com/,J1772,,,,,,False,,2390272076,-121.9603368,37.7707787,198.63225145585812
ELEC,Bishop Ranch 3 South Chargers,2633 Camino Ramon,San Ramon,CA,94583,,US,GPS,37.766261,-121.958243,2022-09-30,2024-07-09,230779.0,2024-07-09 02:48:41 UTC,,E,,Public,24 hours daily,0.0,16.0,0.0,,EV Connect,http://evconnect.com/,J1772,,,,,,False,,57867269,-121.9584543,37.7645905,186.6776997702554
ELEC,Bishop Ranch 8,3000 Executive parkway,San Ramon,CA,94583,,US,GPS,37.768727,-121.968373,2022-09-30,2024-07-09,230780.0,2024-07-09 02:48:43 UTC,,E,,Public,24 hours daily,0.0,29.0,0.0,,EV Connect,http://evconnect.com/,J1772,,,,,,False,,2177741059,-121.969118,37.7672257,179.3218250661153
ELEC,Bishop Ranch 9,2409 Camino Ramon,San Ramon,CA,94583,,US,GPS,37.774255,-121.963797,2022-09-30,2024-07-09,230781.0,2024-07-09 02:48:44 UTC,,E,,Public,24 hours daily,0.0,10.0,0.0,,EV Connect,http://evconnect.com/,J1772,,,,,,False,,57867267,-121.9648784,37.7745578,100.83370615354865
ELEC,Bishop Ranch 15,12677 Alcosta Blvd,San Ramon,CA,94583,,US,GPS,37.775357,-121.961264,2022-09-30,2024-07-09,230782.0,2024-07-09 02:48:44 UTC,,E,,Public,24 hours daily,0.0,37.0,0.0,,EV Connect,http://evconnect.com/,J1772,,,,,,False,,2177741149,-121.9612273,37.7766565,144.5340081047465
ELEC,Hayward Mott,24411 Amador St,Hayward,CA,94544,,US,GPS,37.6567,-122.093539,2022-09-30,2024-07-09,230812.0,2024-07-09 02:49:06 UTC,,E,,Public,24 hours daily,0.0,10.0,0.0,,EV Connect,http://evconnect.com/,J1772,,,,,,False,,53077629,-122.0928816,37.6564804,62.81265954747301
ELEC,Stronebrae Elementary,28761 Hayward Blvd.,Hayward,CA,94542,,US,GPS,37.653703,-122.017592,2022-09-30,2024-07-09,230817.0,2024-07-09 02:49:08 UTC,,E,,Public,24 hours daily,0.0,2.0,0.0,,EV Connect,http://evconnect.com/,J1772,,,,,,False,,1706630457,-122.0173223,37.6541674,56.83586428972766
ELEC,DGS Lot 6,1515 Clay St,Oakland,CA,94612,,US,GPS,37.806447,-122.273154,2022-09-30,2024-07-09,230880.0,2024-07-09 02:49:52 UTC,,E,,Public,24 hours daily,0.0,15.0,0.0,,EV Connect,http://evconnect.com/,J1772,,,,,,False,,53026626,-122.2727676,37.8066153,38.76328269060418
ELEC,DGS Lot 88,505 Van Ness Ave,San Francisco,CA,94102,,US,GPS,37.78066,-122.4211,2022-09-30,2024-07-09,230881.0,2024-07-09 02:49:52 UTC,,E,,Public,24 hours daily,0.0,9.0,0.0,,EV Connect,http://evconnect.com/,J1772,,,,,,False,,65308287,-122.4205848,37.781017,60.2155516152575
ELEC,HoopSphere Basketball Academy,1409 Fulton Pl,Fremont,CA,94539,,US,GPS,37.492573,-121.933489,2022-09-30,2024-07-09,230890.0,2024-07-09 02:49:58 UTC,,E,,Public,24 hours daily,0.0,1.0,0.0,,EV Connect,http://evconnect.com/,J1772,,,,,,False,,1710316052,-121.9331527,37.4921888,52.01374294184587
ELEC,Graham Middle School,1175 Castro St,Mountain View,CA,94040,,US,GPS,37.381173,-122.08481,2022-09-30,2024-07-09,230991.0,2024-07-09 02:50:53 UTC,,E,,Public,24 hours daily,0.0,2.0,0.0,,EV Connect,http://evconnect.com/,J1772,,,,,,False,,65450830,-122.0842215,37.3798667,154.28099360546054
ELEC,Imai Elementary,253 Martens Ave,Mountain View,CA,94040,,US,GPS,37.374313,-122.075145,2022-09-30,2024-07-09,230992.0,2024-07-09 02:50:53 UTC,,E,,Public,24 hours daily,0.0,2.0,0.0,,EV Connect,http://evconnect.com/,J1772,,,,,,False,,262658759,-122.074787,37.3733247,114.35683246663552
ELEC,Mistral Elementary,505 Escuela Ave.,Mountain View,CA,94041,,US,GPS,37.395283,-122.094086,2022-09-30,2024-07-09,230993.0,2024-07-09 02:50:53 UTC,,E,,Public,24 hours daily,0.0,2.0,0.0,,EV Connect,http://evconnect.com/,J1772,,,,,,False,,65505134,-122.0947434,37.3957282,76.31085417249419
ELEC,Vargas Elementary,220 N. Whisman Rd.,Mountain View,CA,94043,,US,GPS,37.392987,-122.061715,2022-09-30,2024-07-09,230994.0,2024-07-09 02:50:53 UTC,,E,,Public,24 hours daily,0.0,2.0,0.0,,EV Connect,http://evconnect.com/,J1772,,,,,,False,,157232237,-122.0612528,37.392708,51.28091822418837
ELEC,Bubb Elementary,525 Hans Ave,Mountain View,CA,94040,,US,GPS,37.378234,-122.081814,2022-09-30,2024-07-09,230995.0,2024-07-09 02:50:53 UTC,,E,,Public,24 hours daily,0.0,2.0,0.0,,EV Connect,http://evconnect.com/,J1772,,,,,,False,,65487877,-122.0819445,37.3791795,105.76540947808635
ELEC,Castro Elementary,500 Toft St,Mountain View,CA,94041,,US,GPS,37.394025,-122.092044,2022-09-30,2024-07-09,231017.0,2024-07-09 02:51:00 UTC,,E,,Public,24 hours daily,0.0,2.0,0.0,,EV Connect,http://evconnect.com/,J1772,,,,,,False,,65519253,-122.0917259,37.3941575,31.72964388896076
ELEC,Belvedere Tiburon Library,1501 Tiburon Blvd.,Belvedere,CA,94920,,US,GPS,37.877349,-122.461164,2022-09-30,2024-07-09,231055.0,2024-07-09 02:51:15 UTC,,E,,Public,24 hours daily,0.0,3.0,0.0,,EV Connect,http://evconnect.com/,J1772,,,,,,False,,110447766,-122.4613246,37.8776474,36.0505517616967
ELEC,LA VICS HAYWARD STATION 1,27915 Mission Blvd,Hayward,CA,94544,,US,GPS,37.639808,-122.058376,2022-10-01,2024-07-09,231087.0,2024-07-09 01:37:13 UTC,,E,,Public,24 hours daily,0.0,2.0,0.0,,ChargePoint Network,http://www.chargepoint.com/,J1772,,,,,,False,,53104622,-122.0580567,37.640045,38.53486594589625
ELEC,REI Fremont,43962 Fremont Blvd,Fremont,CA,94538,,US,GPS,37.510733,-121.948142,2022-10-01,2024-07-08,231114.0,2024-07-08 23:59:35 UTC,,E,,Public,24 hours daily,0.0,0.0,6.0,,eVgo Network,https://www.evgo.com/,J1772COMBO,,,,,,False,,2420501582,-121.9483105,37.5110725,40.57102895058859
ELEC,CITY OF DUBLIN FSP RIGHT,2605 Central Pkwy Lower parking lot at Fallon,Dublin,CA,94568,,US,GPS,37.710958,-121.853807,2022-10-03,2024-07-09,231149.0,2024-07-09 00:54:12 UTC,,E,,Public,24 hours daily,0.0,2.0,0.0,,ChargePoint Network,http://www.chargepoint.com/,J1772,,,,,,False,,1588611241,-121.8520217,37.7105063,164.88446330338417
ELEC,PF CA MV Wheatley Whisman,301 N Whisman Rd,Mountain View,CA,94043,,US,200-9,37.397528,-122.05892,2022-06-23,2023-08-10,232931.0,2024-01-31 22:07:01 UTC,P,E,,Public,24 hours,0.0,20.0,0.0,,POWERFLEX,https://www.powerflex.com,J1772,OFFICE_BLDG,,,False,LD,False,,193200416,-122.0595606,37.3972941,62.28000363321337
ELEC,SALESFORCE 350 MISSION,350 Mission St,San Francisco,CA,94105,,US,GPS,37.790885,-122.396686,2022-10-08,2024-07-09,233112.0,2024-07-09 00:38:33 UTC,,E,,Public,24 hours daily,0.0,2.0,0.0,,ChargePoint Network,http://www.chargepoint.com/,J1772,,,,,,False,,65363153,-122.3967026,37.7904732,45.813363352736026
ELEC,"BOA CA3-107 (Milpitas, CA)",740 E Calaveras Blvd,Milpitas,CA,95035,,US,GPS,37.43313,-121.89388,2022-10-08,2024-07-09,233172.0,2024-07-09 02:38:05 UTC,,E,,Public,24 hours daily,0.0,0.0,4.0,,Electrify America,https://www.electrifyamerica.com/,CHADEMO J1772COMBO,,,,,,False,,65437711,-121.8933787,37.4335174,61.764122627620544
ELEC,CHARGEPOINT 254-32-AC-CT4KM,254 E Hacienda Ave,Campbell,CA,95008,,US,GPS,37.267058,-121.956393,2022-10-11,2024-07-09,233231.0,2024-07-09 00:35:55 UTC,,E,,Public,24 hours daily,0.0,2.0,0.0,,ChargePoint Network,http://www.chargepoint.com/,J1772,,,,,,False,,65613603,-121.9570661,37.2654181,191.83063323620263
ELEC,Southern Crossing Owners Association c/o Crown Management,855 Bordeaux Way,Napa,CA,94558,,US,GPS,38.2497813,-122.2716132,2022-07-06,2024-07-09,233278.0,2024-07-09 00:06:44 UTC,,E,,Public,24 hours daily,0.0,11.0,0.0,,Blink Network,http://www.blinkcharging.com/,J1772,,$0.25/kWh Energy Fee,,,,False,,1367622108,-122.2724641,38.2498571,74.78016822107989
ELEC,THE SHORE THE SHORE 12,800 Sierra Point Parkway,Brisbane,CA,94005,,US,GPS,37.673516,-122.382507,2022-10-12,2024-07-09,233285.0,2024-07-09 01:21:36 UTC,,E,,Public,24 hours daily,0.0,2.0,0.0,,ChargePoint Network,http://www.chargepoint.com/,J1772,,,,,,False,,522089307,-122.3820544,37.6738775,56.59102455687674
ELEC,303 SECOND ST. KILROY REALTY 1,303 2nd St,San Francisco,CA,94107,,US,GPS,37.784839,-122.39538,2022-10-14,2024-07-09,233401.0,2024-07-09 00:31:40 UTC,,E,,Public,24 hours daily,0.0,2.0,0.0,,ChargePoint Network,http://www.chargepoint.com/,J1772,,,,,,False,,65317045,-122.395178,37.7843129,61.13380103670901
ELEC,303 SECOND ST. KILROY REALTY 2,303 2nd St,San Francisco,CA,94107,,US,GPS,37.784843,-122.395214,2022-10-14,2024-07-09,233402.0,2024-07-09 00:31:40 UTC,,E,,Public,24 hours daily,0.0,2.0,0.0,,ChargePoint Network,http://www.chargepoint.com/,J1772,,,,,,False,,5826304536,-122.3946383,37.784741,51.84793800332243
ELEC,THE SHORE THE SHORE 14,800 Sierra Point Parkway,Brisbane,CA,94005,,US,GPS,37.673515,-122.382399,2022-10-14,2024-07-09,233414.0,2024-07-09 01:21:36 UTC,,E,,Public,24 hours daily,0.0,2.0,0.0,,ChargePoint Network,http://www.chargepoint.com/,J1772,,,,,,False,,522089307,-122.3820544,37.6738775,50.4438665692691
ELEC,THE SHORE THE SHORE 15,1000 Sierra Point Pkwy,Brisbane,CA,94005,,US,GPS,37.67329,-122.382523,2022-10-14,2024-07-09,233415.0,2024-07-09 01:21:37 UTC,,E,,Public,24 hours daily,0.0,2.0,0.0,,ChargePoint Network,http://www.chargepoint.com/,J1772,,,,,,False,,522089307,-122.3820544,37.6738775,77.2563912971343
ELEC,THE SHORE THE SHORE 19,800 Sierra Point Parkway,Brisbane,CA,94005,,US,GPS,37.673566,-122.382593,2022-10-14,2024-07-09,233416.0,2024-07-09 01:21:37 UTC,,E,,Public,24 hours daily,0.0,2.0,0.0,,ChargePoint Network,http://www.chargepoint.com/,J1772,,,,,,False,,522078500,-122.3825677,37.6740305,51.69809133756468
ELEC,THE SHORE THE SHORE 18,800 Sierra Point Rd,Brisbane,CA,94005,,US,GPS,37.67353,-122.382464,2022-10-14,2024-07-09,233417.0,2024-07-09 01:21:37 UTC,,E,,Public,24 hours daily,0.0,2.0,0.0,,ChargePoint Network,http://www.chargepoint.com/,J1772,,,,,,False,,522089307,-122.3820544,37.6738775,52.84539131328536
ELEC,THE SHORE THE SHORE 17,800 Sierra Point Parkway,Brisbane,CA,94005,,US,GPS,37.673507,-122.382465,2022-10-14,2024-07-09,233418.0,2024-07-09 01:21:37 UTC,,E,,Public,24 hours daily,0.0,2.0,0.0,,ChargePoint Network,http://www.chargepoint.com/,J1772,,,,,,False,,522089307,-122.3820544,37.6738775,54.801221500867996
ELEC,THE SHORE THE SHORE 22,800 Sierra Point Parkway,Brisbane,CA,94005,,US,GPS,37.673583,-122.382657,2022-10-14,2024-07-09,233419.0,2024-07-09 01:21:37 UTC,,E,,Public,24 hours daily,0.0,2.0,0.0,,ChargePoint Network,http://www.chargepoint.com/,J1772,,,,,,False,,522078500,-122.3825677,37.6740305,50.376660522320634
ELEC,THE SHORE THE SHORE 26,800 Sierra Point Parkway,Brisbane,CA,94005,,US,GPS,37.673545,-122.382585,2022-10-14,2024-07-09,233420.0,2024-07-09 01:21:37 UTC,,E,,Public,24 hours daily,0.0,2.0,0.0,,ChargePoint Network,http://www.chargepoint.com/,J1772,,,,,,False,,522078500,-122.3825677,37.6740305,54.0066804568851
ELEC,THE SHORE THE SHORE 25,800 Sierra Point Parkway,Brisbane,CA,94005,,US,GPS,37.673606,-122.382665,2022-10-14,2024-07-09,233421.0,2024-07-09 01:21:37 UTC,,E,,Public,24 hours daily,0.0,2.0,0.0,,ChargePoint Network,http://www.chargepoint.com/,J1772,,,,,,False,,522078500,-122.3825677,37.6740305,47.9728231804224
ELEC,THE SHORE THE SHORE 24,800 Sierra Point Parkway,Brisbane,CA,94005,,US,GPS,37.673572,-122.38252,2022-10-14,2024-07-09,233422.0,2024-07-09 01:21:38 UTC,,E,,Public,24 hours daily,0.0,2.0,0.0,,ChargePoint Network,http://www.chargepoint.com/,J1772,,,,,,False,,522078500,-122.3825677,37.6740305,51.15549943757752
ELEC,THE SHORE THE SHORE 13,800 Sierra Point Parkway,Brisbane,CA,94005,,US,GPS,37.673482,-122.382394,2022-10-14,2024-07-09,233423.0,2024-07-09 01:21:38 UTC,,E,,Public,24 hours daily,0.0,2.0,0.0,,ChargePoint Network,http://www.chargepoint.com/,J1772,,,,,,False,,522089307,-122.3820544,37.6738775,53.172989057427436
ELEC,THE SHORE THE SHORE 16,800 Sierra Point Parkway,Brisbane,CA,94005,,US,GPS,37.673475,-122.382523,2022-10-14,2024-07-09,233424.0,2024-07-09 01:21:38 UTC,,E,,Public,24 hours daily,0.0,2.0,0.0,,ChargePoint Network,http://www.chargepoint.com/,J1772,,,,,,False,,522089307,-122.3820544,37.6738775,60.86062493654599
ELEC,THE SHORE THE SHORE 23,800 Sierra Point Parkway,Brisbane,CA,94005,,US,GPS,37.67356,-122.382555,2022-10-14,2024-07-09,233425.0,2024-07-09 01:21:38 UTC,,E,,Public,24 hours daily,0.0,2.0,0.0,,ChargePoint Network,http://www.chargepoint.com/,J1772,,,,,,False,,522078500,-122.3825677,37.6740305,52.32922564951242
ELEC,THE SHORE THE SHORE 20,800 Sierra Point Rd,Brisbane,CA,94005,,US,GPS,37.67353,-122.382587,2022-10-14,2024-07-09,233426.0,2024-07-09 01:21:38 UTC,,E,,Public,24 hours daily,0.0,2.0,0.0,,ChargePoint Network,http://www.chargepoint.com/,J1772,,,,,,False,,522078500,-122.3825677,37.6740305,55.67905555349144
ELEC,THE SHORE THE SHORE 21,800 Sierra Point Parkway,Brisbane,CA,94005,,US,GPS,37.673524,-122.38245,2022-10-14,2024-07-09,233427.0,2024-07-09 01:21:38 UTC,,E,,Public,24 hours daily,0.0,2.0,0.0,,ChargePoint Network,http://www.chargepoint.com/,J1772,,,,,,False,,522089307,-122.3820544,37.6738775,52.510197179681164
ELEC,republic urban properties 1096 Lincoln Ave,1096 Lincoln Ave,San Jose,CA,95125,,US,GPS,37.30884416,-121.900842259,2022-09-12,2024-06-23,234429.0,2024-06-23 03:15:38 UTC,,E,,Public,Mon 5:00am - 9:00pm; Tue 5:00am - 9:00pm; Wed 5:00am - 9:00pm; Thu 5:00am - 9:00pm; Fri 5:00am - 9:00pm; Sat 9:00am - 9:00pm; Sun 9:00am - 9:00pm,0.0,4.0,0.0,,Volta,https://voltacharging.com/,J1772,,,,False,LD,False,,2338716754,-121.9010867,37.3084733,46.561115362395306
ELEC,Solar4America Ice at San Jose Front Entrance,1500 South 10th Street,San Jose,CA,95112,,US,GPS,37.318588029,-121.864076848,2022-09-22,2024-06-23,234435.0,2024-06-23 03:14:49 UTC,,E,,Public,Mon 5:00am - 10:59pm; Tue 5:00am - 10:59pm; Wed 5:00am - 10:59pm; Thu 5:00am - 10:59pm; Fri 5:00am - 10:59pm; Sat 5:00am - 10:59pm; Sun 5:00am - 10:59pm,0.0,2.0,0.0,,Volta,https://voltacharging.com/,J1772,,,,False,LD,False,,3614092065,-121.8655722,37.3198983,196.7564513236434
ELEC,"Kohl's, Pleasant Hill CA",2302 Monument Blvd,Pleasant Hill,CA,94523,,US,GPS,37.944055374,-122.057445443,2022-09-26,2024-06-23,234442.0,2024-06-23 03:19:54 UTC,,E,,Public,Mon 7:00am - 9:00pm; Tue 7:00am - 9:00pm; Wed 7:00am - 9:00pm; Thu 7:00am - 9:00pm; Fri 7:00am - 9:00pm; Sat 7:00am - 9:00pm; Sun 7:00am - 9:00pm,0.0,2.0,0.0,,Volta,https://voltacharging.com/,J1772,,,,False,LD,False,,5240567976,-122.057918,37.9446759,80.4863261769527
ELEC,BAR 6805 SILACC BRAM STATION1,6805 Silacci Way,Gilroy,CA,95020,,US,GPS,37.002106,-121.54859,2022-10-15,2024-07-09,234479.0,2024-07-09 01:42:16 UTC,,E,,Public,24 hours daily,0.0,2.0,0.0,,ChargePoint Network,http://www.chargepoint.com/,J1772,,,,,,False,,7029671070,-121.5501855,37.0014502,159.3484848245663
ELEC,MB OF SANTA ROS VO SVC CUSTOMER,2881 Corby Ave,Santa Rosa,CA,95407,,US,GPS,38.40739,-122.717476,2022-10-15,2024-07-09,234487.0,2024-07-09 01:44:50 UTC,,E,,Public,24 hours daily,0.0,2.0,0.0,,ChargePoint Network,http://www.chargepoint.com/,J1772,,,,,,False,,56099337,-122.7164085,38.4067591,116.5049254839487
ELEC,ESSEX 420-G1,420 Station Park Cir,San Mateo,CA,94402,,US,GPS,37.555253,-122.307602,2022-10-19,2024-07-09,234619.0,2024-07-09 01:32:37 UTC,,E,,Public,24 hours daily,0.0,2.0,0.0,,ChargePoint Network,http://www.chargepoint.com/,J1772,,,,,,False,,65472776,-122.3071204,37.555269,42.49110342342328
ELEC,"M DALY, INC STATION 2",505 Serramonte Blvd,Daly City,CA,94015,,US,GPS,37.668847,-122.469879,2022-10-19,2024-07-09,234623.0,2024-07-09 01:43:04 UTC,,E,,Public,24 hours daily,0.0,1.0,0.0,,ChargePoint Network,http://www.chargepoint.com/,J1772,,,,,,False,,904979813,-122.468996,37.6690873,82.18400340291335
ELEC,"M DALY, INC STATION 1",505 Serramonte Blvd,Daly City,CA,94015,,US,GPS,37.668891,-122.470032,2022-10-19,2024-07-09,234624.0,2024-07-09 01:43:05 UTC,,E,,Public,24 hours daily,0.0,1.0,0.0,,ChargePoint Network,http://www.chargepoint.com/,J1772,,,,,,False,,904979813,-122.468996,37.6690873,93.7616754170121
ELEC,UNION SANITARY USD 3,5072 Benson Rd,Union City,CA,94587,,US,GPS,37.593066,-122.089953,2022-10-19,2024-07-09,234633.0,2024-07-09 01:45:04 UTC,,E,,Public,24 hours daily,0.0,2.0,0.0,,ChargePoint Network,http://www.chargepoint.com/,J1772,,,,,,False,,349925820,-122.0903715,37.5939658,106.63138924734567
ELEC,KODIAK EV 1200 EV 4,1200 Page Mill Rd,Palo Alto,CA,94304,,US,GPS,37.419913,-122.148282,2022-10-20,2024-07-09,234672.0,2024-07-09 00:51:01 UTC,,E,,Public,24 hours daily,0.0,1.0,0.0,,ChargePoint Network,http://www.chargepoint.com/,J1772,,,,,,False,,305323978,-122.1497818,37.4207297,160.59176938958845
ELEC,SMCCD DO 1 (LEFT),3401 CSM Dr District Office,San Mateo,CA,94402,,US,GPS,37.531056,-122.337448,2022-10-20,2024-07-09,234673.0,2024-07-09 00:58:33 UTC,,E,,Public,24 hours daily,0.0,2.0,0.0,,ChargePoint Network,http://www.chargepoint.com/,J1772,,,,,,False,,9466896967,-122.3381462,37.5309066,63.76941625642472
ELEC,SMCCD DO 2 (MIDDLE),3401 CSM Drive District Office,San Mateo,CA,94402,,US,GPS,37.531164,-122.337397,2022-10-20,2024-07-09,234674.0,2024-07-09 00:58:59 UTC,,E,,Public,24 hours daily,0.0,2.0,0.0,,ChargePoint Network,http://www.chargepoint.com/,J1772,,,,,,False,,1476503585,-122.3373923,37.5317309,63.03785537259893
ELEC,MUSD FAST CHARGER 2,1585 Roger St,Milpitas,CA,95035,,US,GPS,37.455934,-121.898446,2022-10-21,2024-07-09,234715.0,2024-07-09 01:41:07 UTC,,E,,Public,24 hours daily,0.0,0.0,1.0,,ChargePoint Network,http://www.chargepoint.com/,CHADEMO J1772COMBO,,,,,,False,,2292011666,-121.8983301,37.4562922,41.12292996225854
ELEC,UNITED AIRLINES SFOMP 1,797 N Field Rd,San Francisco,CA,94128,,US,GPS,37.637894,-122.393375,2022-10-21,2024-07-09,234730.0,2024-07-09 01:45:15 UTC,,E,,Public,24 hours daily,0.0,2.0,0.0,,ChargePoint Network,http://www.chargepoint.com/,J1772,,,,,,False,,65478662,-122.3908179,37.638837,248.37966808109547
ELEC,UNITED AIRLINES SFOMP 2,797 N Field Rd,San Francisco,CA,94128,,US,GPS,37.637962,-122.393418,2022-10-21,2024-07-09,234731.0,2024-07-09 01:45:15 UTC,,E,,Public,24 hours daily,0.0,2.0,0.0,,ChargePoint Network,http://www.chargepoint.com/,J1772,,,,,,False,,65478662,-122.3908179,37.638837,248.76347682946346
ELEC,KODIAK EV 1200 EV3,1200 Page Mill Rd,Palo Alto,CA,94304,,US,GPS,37.419837,-122.148207,2022-10-25,2024-07-09,235048.0,2024-07-09 00:50:54 UTC,,E,,Public,24 hours daily,0.0,2.0,0.0,,ChargePoint Network,http://www.chargepoint.com/,J1772,,,,,,False,,305323978,-122.1497818,37.4207297,170.86373576493577
ELEC,KODIAK EV 1200 EV 5,1200 Page Mill Rd,Palo Alto,CA,94304,,US,GPS,37.419811,-122.148271,2022-10-25,2024-07-09,235050.0,2024-07-09 00:50:54 UTC,,E,,Public,24 hours daily,0.0,2.0,0.0,,ChargePoint Network,http://www.chargepoint.com/,J1772,,,,,,False,,305323978,-122.1497818,37.4207297,168.03759875721036
ELEC,KODIAK EV 1200 EV 2,1200 Page Mill Rd,Palo Alto,CA,94304,,US,GPS,37.419862,-122.14825,2022-10-25,2024-07-09,235051.0,2024-07-09 00:51:02 UTC,,E,,Public,24 hours daily,0.0,1.0,0.0,,ChargePoint Network,http://www.chargepoint.com/,J1772,,,,,,False,,305323978,-122.1497818,37.4207297,166.15792325419432
ELEC,WBSD 1 CHARGE WBSD 1,500 Laurel St,Menlo Park,CA,94025,,US,GPS,37.45286,-122.17372,2022-10-26,2024-07-09,235121.0,2024-07-09 01:44:14 UTC,,E,,Public,24 hours daily,0.0,2.0,0.0,,ChargePoint Network,http://www.chargepoint.com/,J1772,,,,,,False,,65471346,-122.1740527,37.4530905,38.97968600967681
ELEC,UNITED AIRLINES SFOMP 4,797 N Field Rd,San Francisco,CA,94128,,US,GPS,37.637586,-122.393174,2022-10-26,2024-07-09,235126.0,2024-07-09 01:45:37 UTC,,E,,Public,24 hours daily,0.0,2.0,0.0,,ChargePoint Network,http://www.chargepoint.com/,J1772,,,,,,False,,65478662,-122.3908179,37.638837,249.78189953591894
ELEC,UNITED AIRLINES SFOMP 3,797 N Field Rd,San Francisco,CA,94128,,US,GPS,37.637949,-122.39338,2022-10-28,2024-07-09,235361.0,2024-07-09 01:45:37 UTC,,E,,Public,24 hours daily,0.0,2.0,0.0,,ChargePoint Network,http://www.chargepoint.com/,J1772,,,,,,False,,65478662,-122.3908179,37.638837,246.26352908306532
ELEC,SFSTATE LOT 20 17,1600 Holloway Ave,San Francisco,CA,94132,,US,GPS,37.724134,-122.481139,2022-11-01,2024-07-09,235505.0,2024-07-09 01:44:15 UTC,,E,,Public,24 hours daily,0.0,2.0,0.0,,ChargePoint Network,http://www.chargepoint.com/,J1772,,,,,,False,,315424842,-122.4813454,37.7241778,18.795171761689023
ELEC,SFSTATE LOT 20 15,1600 Holloway Ave,San Francisco,CA,94132,,US,GPS,37.724085,-122.481047,2022-11-01,2024-07-09,235506.0,2024-07-09 01:44:15 UTC,,E,,Public,24 hours daily,0.0,2.0,0.0,,ChargePoint Network,http://www.chargepoint.com/,J1772,,,,,,False,,315424842,-122.4813454,37.7241778,28.200457702616795
ELEC,SFSTATE LOT 20 16,1600 Holloway Ave,San Francisco,CA,94132,,US,GPS,37.724109,-122.481094,2022-11-01,2024-07-09,235508.0,2024-07-09 01:44:15 UTC,,E,,Public,24 hours daily,0.0,2.0,0.0,,ChargePoint Network,http://www.chargepoint.com/,J1772,,,,,,False,,315424842,-122.4813454,37.7241778,23.397063740065335
ELEC,SFSTATE LOT 20 19,1600 Holloway Ave,San Francisco,CA,94132,,US,GPS,37.723921,-122.481347,2022-11-01,2024-07-09,235510.0,2024-07-09 01:44:15 UTC,,E,,Public,24 hours daily,0.0,1.0,0.0,,ChargePoint Network,http://www.chargepoint.com/,J1772,,,,,,False,,315424842,-122.4813454,37.7241778,28.555244249006094
ELEC,KODIAK EV 1250 EV #3,1250 Page Mill Road,Palo Alto,CA,94304,,US,GPS,37.419663,-122.146217,2022-11-03,2024-07-09,235610.0,2024-07-09 01:39:40 UTC,,E,,Public,24 hours daily,0.0,2.0,0.0,,ChargePoint Network,http://www.chargepoint.com/,J1772,,,,,,False,,6045036275,-122.1456373,37.4188826,100.75254681360786
ELEC,KODIAK EV 1250 EV #1,1250 Page Mill Road,Palo Alto,CA,94304,,US,GPS,37.419746,-122.146403,2022-11-03,2024-07-09,235611.0,2024-07-09 01:39:40 UTC,,E,,Public,24 hours daily,0.0,1.0,0.0,,ChargePoint Network,http://www.chargepoint.com/,J1772,,,,,,False,,6045036275,-122.1456373,37.4188826,117.42945065393354
ELEC,KODIAK EV 1250 EV #2,1250 Page Mill Road,Palo Alto,CA,94304,,US,GPS,37.419702,-122.146295,2022-11-03,2024-07-09,235612.0,2024-07-09 01:39:40 UTC,,E,,Public,24 hours daily,0.0,2.0,0.0,,ChargePoint Network,http://www.chargepoint.com/,J1772,,,,,,False,,6045036275,-122.1456373,37.4188826,108.05209852853933
ELEC,KODIAK EV 1250 EV #5,1250 Page Mill Road,Palo Alto,CA,94304,,US,GPS,37.419639,-122.146169,2022-11-03,2024-07-09,235613.0,2024-07-09 01:39:41 UTC,,E,,Public,24 hours daily,0.0,1.0,0.0,,ChargePoint Network,http://www.chargepoint.com/,J1772,,,,,,False,,6045036275,-122.1456373,37.4188826,96.32747167905106
ELEC,KODIAK EV 1250 EV #4,1250 Page Mill Road,Palo Alto,CA,94304,,US,GPS,37.419631,-122.146153,2022-11-03,2024-07-09,235614.0,2024-07-09 01:39:41 UTC,,E,,Public,24 hours daily,0.0,2.0,0.0,,ChargePoint Network,http://www.chargepoint.com/,J1772,,,,,,False,,6045036275,-122.1456373,37.4188826,94.86535347315494
ELEC,UNITED AIRLINES SFOMP 5,797 N Field Rd,San Francisco,CA,94128,,US,GPS,37.637936,-122.393279,2022-11-03,2024-07-09,235621.0,2024-07-09 01:45:49 UTC,,E,,Public,24 hours daily,0.0,2.0,0.0,,ChargePoint Network,http://www.chargepoint.com/,J1772,,,,,,False,,65478662,-122.3908179,37.638837,238.74603920960408
ELEC,CLIF FAMILY CLIF FAMILY,1334 Vidovich Ln,St. Helena,CA,94574,,US,GPS,38.500275,-122.46403,2022-11-04,2024-07-09,235643.0,2024-07-09 01:39:13 UTC,,E,,Public,24 hours daily,0.0,1.0,0.0,,ChargePoint Network,http://www.chargepoint.com/,J1772,,,,,,False,,55960336,-122.4634682,38.500501,54.96940833011766
ELEC,CLIF FAMILY CLIF FAMILY 2,1334 Vidovich Ln,St. Helena,CA,94574,,US,GPS,38.500273,-122.464025,2022-11-04,2024-07-09,235644.0,2024-07-09 01:39:14 UTC,,E,,Public,24 hours daily,0.0,1.0,0.0,,ChargePoint Network,http://www.chargepoint.com/,J1772,,,,,,False,,55960336,-122.4634682,38.500501,54.68553918536978
ELEC,STATION 1 STATION 2,50 Front St,San Francisco,CA,94111,,US,GPS,37.794122,-122.39908,2022-11-04,2024-07-09,235646.0,2024-07-09 01:44:25 UTC,,E,,Public,24 hours daily,0.0,2.0,0.0,,ChargePoint Network,http://www.chargepoint.com/,J1772,,,,,,False,,65307354,-122.3989918,37.7942922,20.450747246899876
ELEC,650 TOWNSEND BCP 9,699 8th St,San Francisco,CA,94103,,US,GPS,37.770269,-122.403873,2022-11-09,2024-07-09,235842.0,2024-07-09 00:45:23 UTC,,E,,Public,24 hours daily,0.0,2.0,0.0,,ChargePoint Network,http://www.chargepoint.com/,J1772,,,,,,False,,2304626336,-122.4039135,37.7700581,23.71969129847242
ELEC,650 TOWNSEND BCP 6,699 8th St,San Francisco,CA,94103,,US,GPS,37.770218,-122.403873,2022-11-09,2024-07-09,235844.0,2024-07-09 00:45:30 UTC,,E,,Public,24 hours daily,0.0,2.0,0.0,,ChargePoint Network,http://www.chargepoint.com/,J1772,,,,,,False,,2304626336,-122.4039135,37.7700581,18.13295556502302
ELEC,ORCHARDS1 STATION 2,2800 Ygnacio Valley Rd,Walnut Creek,CA,94598,,US,GPS,37.927579,-122.017843,2022-11-11,2024-07-09,235943.0,2024-07-09 00:41:00 UTC,,E,,Public,24 hours daily,0.0,2.0,0.0,,ChargePoint Network,http://www.chargepoint.com/,J1772,,,,,,False,,9628014603,-122.0168469,37.9266299,137.0067013083095
ELEC,ORCHARDS1 STATION 1,2800 Ygnacio Valley Rd,Walnut Creek,CA,94598,,US,GPS,37.927596,-122.017877,2022-11-11,2024-07-09,235944.0,2024-07-09 00:41:12 UTC,,E,,Public,24 hours daily,0.0,2.0,0.0,,ChargePoint Network,http://www.chargepoint.com/,J1772,,,,,,False,,9628014603,-122.0168469,37.9266299,140.36871801628752
ELEC,SERENITY EV-02/EV-03,1400 Lincoln Village Cir,Larkspur,CA,94939,,US,GPS,37.949237,-122.505525,2022-11-14,2024-07-09,236074.0,2024-07-09 00:52:10 UTC,,E,,Public,24 hours daily,0.0,2.0,0.0,,ChargePoint Network,http://www.chargepoint.com/,J1772,,,,,,False,,110380810,-122.5060967,37.9494227,54.21490934258463
ELEC,Mission College - Parking Lot C,3000 Mission College Blvd,Santa Clara,CA,95054,,US,GPS,37.3933749712166,-121.981807218805,2021-06-30,2023-05-03,236203.0,2024-01-31 22:07:01 UTC,LG,E,,Public - Credit card at all times,24 hours daily,0.0,26.0,0.0,,POWERFLEX,https://www.powerflex.com,J1772,COLLEGE_CAMPUS,,,False,LD,False,,650001026,-121.9791672,37.3923238,260.8784495916961
ELEC,Mission College - Parking Lot D,3000 Mission College Blvd,Santa Clara,CA,95054,,US,GPS,37.3930467231401,-121.983191608217,2021-06-30,2023-05-03,236204.0,2024-01-31 22:07:01 UTC,LG,E,,Public - Credit card at all times,24 hours daily,0.0,19.0,4.0,,POWERFLEX,https://www.powerflex.com,CHADEMO J1772 J1772COMBO,COLLEGE_CAMPUS,,,False,LD,False,,264935886,-121.9846479,37.3950564,257.85346261817756
ELEC,West Valley College - Parking Lot 2,14000 Fruitvale Ave,Saratoga,CA,95070,,US,GPS,37.2640618105654,-122.010883073483,2021-08-26,2022-12-13,236206.0,2024-07-08 15:46:25 UTC,LG,E,,Public - Credit card at all times,24 hours daily,0.0,20.0,0.0,,POWERFLEX,https://www.powerflex.com,J1772,COLLEGE_CAMPUS,,,False,LD,False,,65398622,-122.0122507,37.2638716,122.86243910961457
ELEC,West Valley College - Parking Lot 4,14000 Fruitvale Ave,Saratoga,CA,95070,,US,GPS,37.26465747635461,-122.01308011962,2021-08-26,2022-12-13,236207.0,2024-07-08 15:47:54 UTC,LG,E,,Public - Credit card at all times,24 hours daily,0.0,19.0,2.0,,POWERFLEX,https://www.powerflex.com,CHADEMO J1772 J1772COMBO,COLLEGE_CAMPUS,,,False,LD,False,,4607389056,-122.0137561,37.2648269,62.71669086001825
ELEC,West Valley College - Parking Lot 5,14000 Fruitvale Ave,Saratoga,CA,95070,,US,GPS,37.26289691781816,-122.0129264499314,2021-08-26,2022-12-13,236208.0,2024-07-08 15:48:53 UTC,LG,E,,Public - Credit card at all times,24 hours daily,0.0,19.0,2.0,,POWERFLEX,https://www.powerflex.com,CHADEMO J1772 J1772COMBO,COLLEGE_CAMPUS,,,False,LD,False,,2498858775,-122.0122474,37.2634241,83.94944375865114
ELEC,West Valley College - Parking Lot 7,14000 Fruitvale Ave,Saratoga,CA,95070,,US,GPS,37.26433218528436,-122.00604568408,2021-08-26,2022-12-13,236209.0,2024-07-08 15:49:32 UTC,LG,E,,Public - Credit card at all times,24 hours daily,0.0,14.0,0.0,,POWERFLEX,https://www.powerflex.com,J1772,COLLEGE_CAMPUS,,,False,LD,False,,316914497,-122.0050639,37.26432,86.89323022744705
ELEC,Autumn Springs,1700 Paseo Leguna Seco,Livermore,CA,94551,,US,GPS,37.6972549791159,-121.7815290380287,2022-11-04,2022-12-13,236210.0,2023-12-11 22:02:42 UTC,P,E,,Public - Credit card at all times,24 hours daily,0.0,10.0,0.0,,Non-Networked,,J1772,MULTI_UNIT_DWELLING,,,False,LD,False,,53147610,-121.7833317,37.6964871,180.1280120183737
ELEC,650 TOWNSEND BCP 1,699 8th St,San Francisco,CA,94103,,US,GPS,37.770336,-122.403787,2022-11-17,2024-07-09,236233.0,2024-07-09 01:46:17 UTC,,E,,Public,24 hours daily,0.0,2.0,0.0,,ChargePoint Network,http://www.chargepoint.com/,J1772,,,,,,False,,6456587013,-122.4035057,37.770331,24.731571722294262
ELEC,HUDSON PACIFIC 1455 LOBBY 1,1455 Market St,San Francisco,CA,94103,,US,GPS,37.775745,-122.418191,2022-11-18,2024-07-09,236309.0,2024-07-09 01:46:17 UTC,,E,,Public,24 hours daily,0.0,0.0,1.0,,ChargePoint Network,http://www.chargepoint.com/,CHADEMO J1772COMBO,,,,,,False,,1723738832,-122.4186749,37.7755496,47.75873081126232
ELEC,HUDSON PACIFIC 1455 LOBBY 2,1455 Market St,San Francisco,CA,94103,,US,GPS,37.775747,-122.418214,2022-11-18,2024-07-09,236310.0,2024-07-09 01:46:17 UTC,,E,,Public,24 hours daily,0.0,0.0,1.0,,ChargePoint Network,http://www.chargepoint.com/,CHADEMO J1772COMBO,,,,,,False,,1723738832,-122.4186749,37.7755496,46.0732979457277
ELEC,650 TOWNSEND BCP 10,699 8th St,San Francisco,CA,94103,,US,GPS,37.770235,-122.40383,2022-11-20,2024-07-09,236369.0,2024-07-09 00:45:23 UTC,,E,,Public,24 hours daily,0.0,2.0,0.0,,ChargePoint Network,http://www.chargepoint.com/,J1772,,,,,,False,,2304626336,-122.4039135,37.7700581,20.99503855962723
ELEC,AVENTINO 281A,200 Winchester Circle,Los Gatos,CA,95032,,US,GPS,37.259094,-121.961743,2022-11-22,2024-07-09,236397.0,2024-07-09 01:46:28 UTC,,E,,Public,24 hours daily,0.0,2.0,0.0,,ChargePoint Network,http://www.chargepoint.com/,J1772,,,,,,False,,26729676,-121.962637,37.257943,150.46703088969883
ELEC,SHC HPG PT 4,217 Quarry Rd,Palo Alto,CA,94304,,US,GPS,37.440943,-122.169209,2022-11-22,2024-07-09,236404.0,2024-07-09 01:46:42 UTC,,E,,Public,24 hours daily,0.0,1.0,0.0,,ChargePoint Network,http://www.chargepoint.com/,J1772,,,,,,False,,65476293,-122.1688169,37.4424292,168.84483671341457
ELEC,SHC HPG PT 1&2,217 Quarry Rd,Palo Alto,CA,94304,,US,GPS,37.441018,-122.169403,2022-11-22,2024-07-09,236405.0,2024-07-09 01:46:42 UTC,,E,,Public,24 hours daily,0.0,2.0,0.0,,ChargePoint Network,http://www.chargepoint.com/,J1772,,,,,,False,,65476293,-122.1688169,37.4424292,165.22980777347175
ELEC,SHC HPG PT 6,217 Quarry Rd,Palo Alto,CA,94304,,US,GPS,37.440883,-122.16891,2022-11-22,2024-07-09,236406.0,2024-07-09 01:46:42 UTC,,E,,Public,24 hours daily,0.0,1.0,0.0,,ChargePoint Network,http://www.chargepoint.com/,J1772,,,,,,False,,65476293,-122.1688169,37.4424292,172.12619827674413
ELEC,SHC HPG PT 5,217 Quarry Rd,Palo Alto,CA,94304,,US,GPS,37.440869,-122.168986,2022-11-22,2024-07-09,236407.0,2024-07-09 01:46:42 UTC,,E,,Public,24 hours daily,0.0,1.0,0.0,,ChargePoint Network,http://www.chargepoint.com/,J1772,,,,,,False,,65476293,-122.1688169,37.4424292,174.12773801668217
ELEC,SHC HPG PT 3,217 Quarry Rd,Palo Alto,CA,94304,,US,GPS,37.440893,-122.168935,2022-11-22,2024-07-09,236408.0,2024-07-09 01:46:43 UTC,,E,,Public,24 hours daily,0.0,1.0,0.0,,ChargePoint Network,http://www.chargepoint.com/,J1772,,,,,,False,,65476293,-122.1688169,37.4424292,171.13580544920978
ELEC,Courtyard by Marriott Sunnyvale,660 W El Camino Real,Sunnyvale,CA,94087,,US,200-8,37.36912,-122.03962,2022-11-22,2022-12-13,236452.0,2024-07-05 20:58:01 UTC,P,E,,Public - Credit card at all times,24 hours daily; guest use only,0.0,2.0,0.0,,Non-Networked,,J1772,HOTEL,Free,,True,LD,False,,2838131563,-122.0392512,37.3686279,63.6897494769153
ELEC,ANTON NOMA STATION 7&8,1910 N Main St,Walnut Creek,CA,94596,,US,GPS,37.90521,-122.06338,2022-11-30,2024-07-09,236732.0,2024-07-09 01:45:10 UTC,,E,,Public,24 hours daily,0.0,2.0,0.0,,ChargePoint Network,http://www.chargepoint.com/,J1772,,,,,,False,,57851933,-122.0636916,37.9050452,32.9120359252583
ELEC,ANTON NOMA STATION 9,1910 N Main St,Walnut Creek,CA,94596,,US,GPS,37.905193,-122.063509,2022-11-30,2024-07-09,236733.0,2024-07-09 01:45:11 UTC,,E,,Public,24 hours daily,0.0,1.0,0.0,,ChargePoint Network,http://www.chargepoint.com/,J1772,,,,,,False,,57851933,-122.0636916,37.9050452,22.95119985842135
ELEC,ANTON NOMA STATION 5&6,1910 N Main St,Walnut Creek,CA,94596,,US,GPS,37.905167,-122.063445,2022-11-30,2024-07-09,236751.0,2024-07-09 01:47:20 UTC,,E,,Public,24 hours daily,0.0,2.0,0.0,,ChargePoint Network,http://www.chargepoint.com/,J1772,,,,,,False,,57851933,-122.0636916,37.9050452,25.525152616051283
ELEC,BRIDGEPOINTE STATION 1545,1987 Bridgepointe Cir,San Mateo,CA,94404,,US,GPS,37.563512,-122.282734,2022-12-02,2024-07-09,236923.0,2024-07-09 01:45:59 UTC,,E,,Public,24 hours daily,0.0,2.0,0.0,,ChargePoint Network,http://www.chargepoint.com/,J1772,,,,,,False,,2917824489,-122.2828949,37.5637027,25.510339165496443
ELEC,MHC 78 L.P. 691CHINABASINEV,691 China Basin St,San Francisco,CA,94158,,US,GPS,37.771541,-122.392623,2022-12-03,2024-07-09,236984.0,2024-07-09 01:23:32 UTC,,E,,Public,24 hours daily,0.0,0.0,1.0,,ChargePoint Network,http://www.chargepoint.com/,CHADEMO J1772COMBO,,,,,,False,,595495874,-122.3929804,37.7718017,42.745248012103275
ELEC,1255 TREAT BLVD TT FAST CHARGER,1277 Treat Blvd,Walnut Creek,CA,94597,,US,GPS,37.927328,-122.059755,2022-12-08,2024-07-09,237313.0,2024-07-09 01:46:52 UTC,,E,,Public,24 hours daily,0.0,0.0,1.0,,ChargePoint Network,http://www.chargepoint.com/,CHADEMO J1772COMBO,,,,,,False,,5541479161,-122.0599885,37.9278235,58.780385178583124
ELEC,COUNTY VHC GILROY 7,7475 Camino Arroyo,Gilroy,CA,95020,,US,GPS,37.011135,-121.557015,2022-12-08,2024-07-09,237497.0,2024-07-09 01:27:21 UTC,,E,,Public,24 hours daily,0.0,2.0,0.0,,ChargePoint Network,http://www.chargepoint.com/,J1772,,,,,,False,,8171465906,-121.5566081,37.0114667,51.630406478801966
ELEC,COUNTY VHC GILROY 4,7475 Camino Arroyo,Gilroy,CA,95020,,US,GPS,37.011177,-121.557047,2022-12-08,2024-07-09,237498.0,2024-07-09 01:27:21 UTC,,E,,Public,24 hours daily,0.0,2.0,0.0,,ChargePoint Network,http://www.chargepoint.com/,J1772,,,,,,False,,8171465906,-121.5566081,37.0114667,50.560706191993475
ELEC,The Plaza Shopping Center - Tesla Supercharger,1320 Saratoga Avenue,San Jose,CA,95129,,US,GPS,37.300466,-121.9818,2022-12-01,2023-07-01,237665.0,2023-07-14 19:41:28 UTC,P,E,,Public,24 hours daily,0.0,0.0,12.0,,Tesla,https://www.tesla.com/supercharger,TESLA,SHOPPING_CENTER,,,False,LD,False,,4402120172,-121.981743,37.3007185,28.525844162821627
ELEC,Shannon Community Center,11600 Shannon Ave,Dublin,CA,94568,,US,GPS,37.7151447,-121.9410449,2017-12-21,2023-01-10,237827.0,2023-02-14 15:54:11 UTC,LG,E,,Public,24 hours daily,0.0,2.0,0.0,,ChargePoint Network,http://www.chargepoint.com/,J1772,MUNI_GOV,$0.30 per kWh,SOLAR,False,LD,False,,401460877,-121.9411595,37.7159852,94.00152550101893
ELEC,Fallon Sports Park 1,4605 Lockhart St,Dublin,CA,94568,,US,GPS,37.71039798,-121.8542012,2017-12-21,2023-01-10,237828.0,2023-02-14 15:54:11 UTC,LG,E,,Public - Credit card at all times,24 hours daily,0.0,2.0,0.0,,ChargePoint Network,http://www.chargepoint.com/,J1772,REC_SPORTS_FACILITY,$0.30 per kWh,SOLAR,False,LD,False,,1588611241,-121.8520217,37.7105063,192.1036986703861
ELEC,Lucky,1145 Arnold Dr,Martinez,CA,94553,,US,GPS,37.99471,-122.10232,2022-12-13,2024-07-08,237829.0,2024-07-08 23:57:29 UTC,,E,,Public,24 hours daily,0.0,0.0,2.0,,eVgo Network,https://www.evgo.com/,CHADEMO J1772COMBO,,,,,,False,,4600851035,-122.1005324,37.9950538,161.24301881092984
ELEC,St Helena Public Parking Lot,1304 Oak Ave,Saint Helena,CA,94574,,US,GPS,38.504018,-122.469747,2022-12-13,2024-07-09,237832.0,2024-07-09 00:01:22 UTC,,E,,Public,24 hours daily,0.0,0.0,2.0,,eVgo Network,https://www.evgo.com/,CHADEMO J1772COMBO,,,,,,False,,55966905,-122.4698191,38.5037418,31.34636465563566
ELEC,Fallon Sports Park 2,4605 Lockhart St,Dublin,CA,94568,,US,GPS,37.71039692,-121.8542737,2017-12-21,2023-01-10,238005.0,2023-02-14 15:54:11 UTC,LG,E,,Public - Credit card at all times,24 hours daily,0.0,2.0,0.0,,ChargePoint Network,http://www.chargepoint.com/,J1772,REC_SPORTS_FACILITY,$0.30 per kWh,SOLAR,False,LD,False,,1588611241,-121.8520217,37.7105063,198.47640546899297
ELEC,UDR 214341056388,5612 Campbell Ln,Dublin,CA,94568,,US,GPS,37.705091,-121.901528,2022-12-19,2024-07-09,238323.0,2024-07-09 01:46:02 UTC,,E,,Public,24 hours daily,0.0,2.0,0.0,,ChargePoint Network,http://www.chargepoint.com/,J1772,,,,,,False,,2532328994,-121.9015361,37.7050845,1.0149772330275448
ELEC,UDR 214341056403,5612 Campbell Ln,Dublin,CA,94568,,US,GPS,37.705132,-121.901533,2022-12-19,2024-07-09,238324.0,2024-07-09 01:46:02 UTC,,E,,Public,24 hours daily,0.0,2.0,0.0,,ChargePoint Network,http://www.chargepoint.com/,J1772,,,,,,False,,2532328994,-121.9015361,37.7050845,5.288802621401111
ELEC,UDR 214341056390,5450 DeMarcus Blvd,Dublin,CA,94568,,US,GPS,37.704955,-121.900151,2022-12-19,2024-07-09,238328.0,2024-07-09 01:47:12 UTC,,E,,Public,24 hours daily,0.0,2.0,0.0,,ChargePoint Network,http://www.chargepoint.com/,J1772,,,,,,False,,2532328982,-121.8999848,37.7047958,22.959824861874072
ELEC,UDR 214341056404,5421 Campbell Ln,Dublin,CA,94568,,US,GPS,37.704764,-121.900622,2022-12-19,2024-07-09,238329.0,2024-07-09 01:47:12 UTC,,E,,Public,24 hours daily,0.0,2.0,0.0,,ChargePoint Network,http://www.chargepoint.com/,J1772,,,,,,False,,6431743434,-121.9003478,37.7043116,55.78944645002091
ELEC,UDR 214341055956,5421 Campbell Ln,Dublin,CA,94568,,US,GPS,37.70468,-121.900576,2022-12-19,2024-07-09,238330.0,2024-07-09 01:47:13 UTC,,E,,Public,24 hours daily,0.0,2.0,0.0,,ChargePoint Network,http://www.chargepoint.com/,J1772,,,,,,False,,6431743434,-121.9003478,37.7043116,45.619199186161254
ELEC,UDR 214341056415,5421 Campbell Ln,Dublin,CA,94568,,US,GPS,37.704538,-121.900425,2022-12-19,2024-07-09,238331.0,2024-07-09 01:47:13 UTC,,E,,Public,24 hours daily,0.0,2.0,0.0,,ChargePoint Network,http://www.chargepoint.com/,J1772,,,,,,False,,6431743434,-121.9003478,37.7043116,26.0746143598615
ELEC,UDR 214341056389,5450 DeMarcus Blvd,Dublin,CA,94568,,US,GPS,37.704928,-121.900211,2022-12-20,2024-07-09,238453.0,2024-07-09 01:47:12 UTC,,E,,Public,24 hours daily,0.0,2.0,0.0,,ChargePoint Network,http://www.chargepoint.com/,J1772,,,,,,False,,2532328982,-121.8999848,37.7047958,24.74049487000361
ELEC,UDR 214341056387,5421 Campbell Ln,Dublin,CA,94568,,US,GPS,37.70453,-121.900298,2022-12-20,2024-07-09,238454.0,2024-07-09 01:47:12 UTC,,E,,Public,24 hours daily,0.0,2.0,0.0,,ChargePoint Network,http://www.chargepoint.com/,J1772,,,,,,False,,6431743434,-121.9003478,37.7043116,24.67703415239143
ELEC,NICKEL & NICKEL NICKEL 1,8146 St Helena Hwy,Napa,CA,94558,,US,GPS,38.44349,-122.40601,2022-12-20,2024-07-09,238455.0,2024-07-09 01:47:52 UTC,,E,,Public,24 hours daily,0.0,2.0,0.0,,ChargePoint Network,http://www.chargepoint.com/,J1772,,,,,,False,,55953303,-122.4027215,38.436744,802.9407604044708
ELEC,FRONT LOT FRONT LOT 1,5700 Cushing Pkwy,Fremont,CA,94538,,US,GPS,37.497392,-121.974156,2022-12-27,2024-07-09,238777.0,2024-07-09 01:15:53 UTC,,E,,Public,24 hours daily,0.0,2.0,0.0,,ChargePoint Network,http://www.chargepoint.com/,J1772,,,,,,False,,1316803202,-121.9734736,37.498159,104.39337968863833
ELEC,TRIPACTIONS STATION 2,3040 Park Blvd,Palo Alto,CA,94306,,US,GPS,37.425369,-122.13704,2023-01-07,2024-07-09,241289.0,2024-07-09 01:47:58 UTC,,E,,Public,24 hours daily,0.0,2.0,0.0,,ChargePoint Network,http://www.chargepoint.com/,J1772,,,,,,False,,65446393,-122.137402,37.4253961,32.10815369759485
ELEC,City of Vacaville - Jack in the Box,1130 Leisure Town Rd,Vacaville,CA,95687,,US,200-8,38.38572,-121.93426,2023-01-09,2023-05-03,250376.0,2024-06-21 20:30:20 UTC,LG,E,,Public,24 hours daily,0.0,1.0,0.0,,Non-Networked,,J1772,PARKING_LOT,Free,,False,LD,False,,476524625,-121.9336705,38.3855622,54.294395164178184
ELEC,City of Vacaville - Leisure Town Association,110 Leisure way,Vacaville,CA,95687,,US,200-8,38.37531,-121.93838,2023-01-09,2023-05-03,250379.0,2024-06-21 20:30:20 UTC,LG,E,,Public,24 hours daily,0.0,1.0,0.0,,Non-Networked,,J1772,,Free,,False,LD,False,,62393638,-121.9381021,38.3753897,25.795396570123437
ELEC,May Valley Fire Station,5201 Valley View Rd,El Sobrante,CA,94803,,US,GPS,37.965642,-122.281473,2022-11-17,2024-07-09,250400.0,2024-07-09 00:16:51 UTC,,E,,Public,24 hours daily,0.0,2.0,0.0,,Blink Network,http://www.blinkcharging.com/,J1772,,Free,,,,False,,57813773,-122.2820056,37.9652474,64.07178321562948
ELEC,KRC MENLO CORP KRMP 4200 G,4500 Bohannon Dr,Menlo Park,CA,94025,,US,GPS,37.480431,-122.176502,2023-01-09,2024-07-09,250420.0,2024-07-09 01:37:46 UTC,,E,,Public,24 hours daily,0.0,2.0,0.0,,ChargePoint Network,http://www.chargepoint.com/,J1772,,,,,,False,,65348550,-122.177417,37.4816929,161.88783264719635
ELEC,KRC MENLO CORP KRMP 4200 A,4200 Bohannon Dr,Menlo Park,CA,94025,,US,GPS,37.480472,-122.176683,2023-01-09,2024-07-09,250421.0,2024-07-09 01:37:46 UTC,,E,,Public,24 hours daily,0.0,2.0,0.0,,ChargePoint Network,http://www.chargepoint.com/,J1772,,,,,,False,,65348550,-122.177417,37.4816929,150.41644556867837
ELEC,KRC MENLO CORP KRMP 4200 D,4200 Bohannon Dr,Menlo Park,CA,94025,,US,GPS,37.480591,-122.176729,2023-01-09,2024-07-09,250422.0,2024-07-09 01:37:46 UTC,,E,,Public,24 hours daily,0.0,2.0,0.0,,ChargePoint Network,http://www.chargepoint.com/,J1772,,,,,,False,,65348550,-122.177417,37.4816929,136.74108004110843
ELEC,KRC MENLO CORP KRMP 4200 F,4500 Bohannon Dr,Menlo Park,CA,94025,,US,GPS,37.480502,-122.176442,2023-01-09,2024-07-09,250423.0,2024-07-09 01:37:46 UTC,,E,,Public,24 hours daily,0.0,2.0,0.0,,ChargePoint Network,http://www.chargepoint.com/,J1772,,,,,,False,,65348550,-122.177417,37.4816929,157.91573874114525
ELEC,KRC MENLO CORP KRMP 4200 E,4200 Bohannon Dr,Menlo Park,CA,94025,,US,GPS,37.480682,-122.17682,2023-01-09,2024-07-09,250424.0,2024-07-09 01:37:46 UTC,,E,,Public,24 hours daily,0.0,2.0,0.0,,ChargePoint Network,http://www.chargepoint.com/,J1772,,,,,,False,,65348550,-122.177417,37.4816929,124.13869419348525
ELEC,KRC MENLO CORP KRMP 4200 C,4200 Bohannon Dr,Menlo Park,CA,94025,,US,GPS,37.480563,-122.176681,2023-01-09,2024-07-09,250425.0,2024-07-09 01:37:46 UTC,,E,,Public,24 hours daily,0.0,2.0,0.0,,ChargePoint Network,http://www.chargepoint.com/,J1772,,,,,,False,,65348550,-122.177417,37.4816929,141.43188352323645
ELEC,KRC MENLO CORP KRMP 4200 B,4200 Bohannon Dr,Menlo Park,CA,94025,,US,GPS,37.480535,-122.176622,2023-01-09,2024-07-09,250426.0,2024-07-09 01:37:46 UTC,,E,,Public,24 hours daily,0.0,2.0,0.0,,ChargePoint Network,http://www.chargepoint.com/,J1772,,,,,,False,,65348550,-122.177417,37.4816929,146.62311148298554
ELEC,TREFETHEN TFV TASTING,1160 Oak Knoll Ave W,Napa,CA,94558,,US,GPS,38.360004,-122.332837,2023-01-09,2024-07-09,250433.0,2024-07-09 01:49:05 UTC,,E,,Public,24 hours daily,0.0,2.0,0.0,,ChargePoint Network,http://www.chargepoint.com/,J1772,,,,,,False,,55964449,-122.3338785,38.3563997,410.9400609985085
ELEC,BELLA CREEK BUILDING 1,100 Avram Ave,Rohnert Park,CA,94928,,US,GPS,38.342611,-122.711067,2023-01-11,2024-07-09,250475.0,2024-07-09 01:40:01 UTC,,E,,Public,24 hours daily,0.0,2.0,0.0,,ChargePoint Network,http://www.chargepoint.com/,J1772,,,,,,False,,55995060,-122.7106075,38.3433899,95.43148033570809
ELEC,BELLA CREEK BUILDING 5,100 Avram Ave,Rohnert Park,CA,94928,,US,GPS,38.342594,-122.711008,2023-01-11,2024-07-09,250476.0,2024-07-09 01:40:02 UTC,,E,,Public,24 hours daily,0.0,2.0,0.0,,ChargePoint Network,http://www.chargepoint.com/,J1772,,,,,,False,,55995060,-122.7106075,38.3433899,95.14336660218369
ELEC,BELLA CREEK BUILDING 4,100 Avram Ave,Rohnert Park,CA,94928,,US,GPS,38.342614,-122.71103,2023-01-11,2024-07-09,250477.0,2024-07-09 01:40:02 UTC,,E,,Public,24 hours daily,0.0,2.0,0.0,,ChargePoint Network,http://www.chargepoint.com/,J1772,,,,,,False,,55995060,-122.7106075,38.3433899,93.81516826022802
ELEC,BELLA CREEK BUILDING 6,100 Avram Ave,Rohnert Park,CA,94928,,US,GPS,38.342588,-122.711034,2023-01-11,2024-07-09,250478.0,2024-07-09 01:40:02 UTC,,E,,Public,24 hours daily,0.0,2.0,0.0,,ChargePoint Network,http://www.chargepoint.com/,J1772,,,,,,False,,55995060,-122.7106075,38.3433899,96.61436683720592
ELEC,BELLA CREEK BUILDING 7,100 Avram Ave,Rohnert Park,CA,94928,,US,GPS,38.342582,-122.711068,2023-01-11,2024-07-09,250479.0,2024-07-09 01:40:02 UTC,,E,,Public,24 hours daily,0.0,2.0,0.0,,ChargePoint Network,http://www.chargepoint.com/,J1772,,,,,,False,,56096962,-122.7121542,38.3425111,95.05724459234102
ELEC,TRIPACTIONS STATION 3,3045 Park Blvd,Palo Alto,CA,94306,,US,GPS,37.425734,-122.137125,2023-01-12,2024-07-09,250562.0,2024-07-09 01:47:58 UTC,,E,,Public,24 hours daily,0.0,2.0,0.0,,ChargePoint Network,http://www.chargepoint.com/,J1772,,,,,,False,,65446393,-122.137402,37.4253961,44.833359197055564
ELEC,CALMS AT BURGES CABEV 1 AND 2,91 Riverview Terrace,Benicia,CA,94510,,US,GPS,38.058674,-122.151587,2023-01-12,2024-07-09,250655.0,2024-07-09 01:44:10 UTC,,E,,Public,24 hours daily,0.0,2.0,0.0,,ChargePoint Network,http://www.chargepoint.com/,J1772,,,,,,False,,62296021,-122.1523264,38.0594724,109.87416387271247
ELEC,Chateau Diana - Tesla Destination,6195 Dry Creek Rd,Healdsburg,CA,95448,,US,GPS,38.688576,-122.946783,2014-08-20,2022-10-06,250839.0,2023-01-18 15:15:20 UTC,P,E,,Public,,0.0,2.0,0.0,,Tesla Destination,https://www.tesla.com/destination-charging,TESLA,,Free,,,,False,,56127872,-122.9625549,38.6926939,1443.4178403458354
ELEC,Long Meadow Ranch - Tesla Destination,738 Main St. Main St,Saint Helena,CA,94574,,US,GPS,38.50118,-122.462916,2017-10-27,2022-10-06,250841.0,2023-01-18 15:15:20 UTC,P,E,,Public,,0.0,3.0,0.0,,Tesla Destination,https://www.tesla.com/destination-charging,J1772 TESLA,,Free,,,,False,,55960336,-122.4634682,38.500501,89.49620043691903
ELEC,"San Francisco, CA - Letterman Drive (Wall Connector) - Tesla Destination",1 Letterman Drive,San Francisco,CA,94129,,US,GPS,37.798335,-122.449066,2019-05-22,2022-10-06,250875.0,2023-01-18 15:15:20 UTC,P,E,,Public,,0.0,2.0,0.0,,Non-Networked,,J1772,,Free,,,,False,,65314454,-122.4483025,37.7978992,82.7556662504945
ELEC,Princeton Plaza Mall - Tesla Destination,925  Blossom Hill Rd,San Jose,CA,95123,,US,GPS,37.244365,-121.890946,2021-10-26,2022-10-06,251056.0,2023-01-18 15:15:20 UTC,P,E,,Public,,0.0,20.0,0.0,,Tesla Destination,https://www.tesla.com/destination-charging,J1772 TESLA,,Free,,,,False,,65583490,-121.8914949,37.2448339,71.26888977295451
ELEC,"San Francisco, CA - Geary Boulevard (Wall Connector) - Tesla Destination",2675 Geary Blvd,San Francisco,CA,94118,,US,GPS,37.78223,-122.44656,2022-05-09,2022-10-06,251076.0,2023-01-18 15:15:20 UTC,P,E,,Public,,0.0,6.0,0.0,,Tesla Destination,https://www.tesla.com/destination-charging,TESLA,,Free,,,,False,,258456881,-122.4465814,37.7824889,28.849772133544807
ELEC,"San Bruno, CA - El Camino Real (Wall Connector) - Tesla Destination",1150 El Camino Real,San Bruno,CA,94066,,US,GPS,37.63559,-122.420259,2022-04-05,2022-10-06,251080.0,2023-01-18 15:15:20 UTC,P,E,,Public,,0.0,8.0,0.0,,Tesla Destination,https://www.tesla.com/destination-charging,TESLA,,Free,,,,False,,634360468,-122.4203064,37.6352871,33.938628372767916
ELEC,Four Seasons Hotel Silicon Valley,2050 University Ave.,East Palo Alto,CA,94303,,US,GPS,37.46038,-122.14228,2022-10-04,2024-07-09,251098.0,2024-07-09 00:20:07 UTC,,E,,Public,24 hours daily,0.0,1.0,0.0,,Blink Network,http://www.blinkcharging.com/,J1772,,Free,,,,False,,65458738,-122.1433275,37.4603872,92.45976977276393
ELEC,ELAN MENLO PARK C9,3645 Haven Ave,Menlo Park,CA,94025,,US,GPS,37.485819,-122.182431,2023-01-19,2024-07-09,251099.0,2024-07-09 00:36:16 UTC,,E,,Public,24 hours daily,0.0,1.0,0.0,,ChargePoint Network,http://www.chargepoint.com/,J1772,,,,,,False,,65512062,-122.18215,37.4851944,73.74533544259789
ELEC,ELAN MENLO PARK B8,3645 Haven Ave,Menlo Park,CA,94025,,US,GPS,37.485661,-122.182525,2023-01-19,2024-07-09,251100.0,2024-07-09 00:37:02 UTC,,E,,Public,24 hours daily,0.0,1.0,0.0,,ChargePoint Network,http://www.chargepoint.com/,J1772,,,,,,False,,65512062,-122.18215,37.4851944,61.5362895221854
ELEC,ELAN MENLO PARK C10,3645 Haven Ave,Menlo Park,CA,94025,,US,GPS,37.485823,-122.182434,2023-01-19,2024-07-09,251114.0,2024-07-09 00:46:57 UTC,,E,,Public,24 hours daily,0.0,1.0,0.0,,ChargePoint Network,http://www.chargepoint.com/,J1772,,,,,,False,,65512062,-122.18215,37.4851944,74.25328596045694
ELEC,COUNTY SONOMA GSD BOS 2,575 Administration Dr,Santa Rosa,CA,95403,,US,GPS,38.464564,-122.72477,2023-01-19,2024-07-09,251117.0,2024-07-09 00:49:20 UTC,,E,,Public,24 hours daily,0.0,2.0,0.0,,ChargePoint Network,http://www.chargepoint.com/,J1772,,,,,,False,,56102135,-122.724355,38.4641175,61.4044859003051
ELEC,COUNTY SONOMA GSD BOS 1,575 Administration Dr,Santa Rosa,CA,95403,,US,GPS,38.464656,-122.724893,2023-01-19,2024-07-09,251119.0,2024-07-09 00:49:38 UTC,,E,,Public,24 hours daily,0.0,2.0,0.0,,ChargePoint Network,http://www.chargepoint.com/,J1772,,,,,,False,,56102135,-122.724355,38.4641175,76.02320045469801
ELEC,SCIF - Pleasanton,5880 Owens Dr,Pleasanton,CA,94588,,US,GPS,37.698463127,-121.900444867,2022-08-29,2023-02-13,251258.0,2023-02-14 15:54:11 UTC,LG,E,,Public,Contact station for hours of availability,0.0,30.0,0.0,,AMPUP,https://ampup.io/,J1772,MUNI_GOV,,,False,LD,False,,4545917282,-121.9021048,37.6984946,146.08610393198256
ELEC,Children's Museum of Sonoma,1835 W Steele Ln,Santa Rosa,CA,95403,,US,200-8,38.46099,-122.73711,2023-01-06,2023-02-13,251737.0,2024-07-05 19:14:48 UTC,P,E,,Public - Credit card at all times,24 hours daily,0.0,8.0,0.0,,Non-Networked,,J1772,MUSEUM,,,False,LD,False,,56019308,-122.7373427,38.4599922,112.78527435209807
ELEC,CA FREMONT 13,5588 Cushing Pkwy,Fremont,CA,94538,,US,GPS,37.495625,-121.97314,2023-01-25,2024-07-09,251765.0,2024-07-09 01:03:50 UTC,,E,,Public,24 hours daily,0.0,2.0,0.0,,ChargePoint Network,http://www.chargepoint.com/,J1772,,,,,,False,,1316803203,-121.9724997,37.4971229,175.87735082647217
ELEC,CA FREMONT 11,5588 Cushing Pkwy,Fremont,CA,94538,,US,GPS,37.495891,-121.97282,2023-01-25,2024-07-09,251766.0,2024-07-09 01:03:50 UTC,,E,,Public,24 hours daily,0.0,2.0,0.0,,ChargePoint Network,http://www.chargepoint.com/,J1772,,,,,,False,,1316803203,-121.9724997,37.4971229,139.8653864926142
ELEC,CA FREMONT 10,5588 Cushing Pkwy,Fremont,CA,94538,,US,GPS,37.496034,-121.972667,2023-01-25,2024-07-09,251767.0,2024-07-09 01:03:51 UTC,,E,,Public,24 hours daily,0.0,1.0,0.0,,ChargePoint Network,http://www.chargepoint.com/,J1772,,,,,,False,,1316803203,-121.9724997,37.4971229,121.97657467900092
ELEC,CA FREMONT 14,5588 Cushing Pkwy,Fremont,CA,94538,,US,GPS,37.495719,-121.973035,2023-01-25,2024-07-09,251768.0,2024-07-09 01:04:12 UTC,,E,,Public,24 hours daily,0.0,2.0,0.0,,ChargePoint Network,http://www.chargepoint.com/,J1772,,,,,,False,,1316803203,-121.9724997,37.4971229,163.09356103829072
ELEC,CA FREMONT 8,5588 Cushing Pkwy,Fremont,CA,94538,,US,GPS,37.495515,-121.973235,2023-01-25,2024-07-09,251770.0,2024-07-09 01:04:12 UTC,,E,,Public,24 hours daily,0.0,2.0,0.0,,ChargePoint Network,http://www.chargepoint.com/,J1772,,,,,,False,,1316803203,-121.9724997,37.4971229,190.1948383274926
ELEC,CA FREMONT 9,5588 Cushing Pkwy,Fremont,CA,94538,,US,GPS,37.495982,-121.972705,2023-01-25,2024-07-09,251772.0,2024-07-09 01:04:14 UTC,,E,,Public,24 hours daily,0.0,1.0,0.0,,ChargePoint Network,http://www.chargepoint.com/,J1772,,,,,,False,,1316803203,-121.9724997,37.4971229,128.1488325702369
ELEC,ELAN MENLO PARK B7,3645 Haven Ave,Menlo Park,CA,94025,,US,GPS,37.485697,-122.182509,2023-01-25,2024-07-09,251792.0,2024-07-09 01:32:54 UTC,,E,,Public,24 hours daily,0.0,1.0,0.0,,ChargePoint Network,http://www.chargepoint.com/,J1772,,,,,,False,,65512062,-122.18215,37.4851944,64.23932649619317
ELEC,WEBSTER HOUSE WEBSTERHOUSEHC,437 Webster St,Palo Alto,CA,94301,,US,GPS,37.449993,-122.158358,2023-01-25,2024-07-09,251852.0,2024-07-09 01:45:41 UTC,,E,,Public,24 hours daily,0.0,2.0,0.0,,ChargePoint Network,http://www.chargepoint.com/,J1772,,,,,,False,,65606862,-122.1580186,37.4495162,60.89785944420046
ELEC,WEBSTER HOUSE WEBSTERHOUSEIL,419 Webster St,Palo Alto,CA,94301,,US,GPS,37.450421,-122.158815,2023-01-25,2024-07-09,251853.0,2024-07-09 01:45:42 UTC,,E,,Public,24 hours daily,0.0,2.0,0.0,,ChargePoint Network,http://www.chargepoint.com/,J1772,,,,,,False,,65597277,-122.1592848,37.4503163,43.0749977138773
ELEC,CPWS OFFICE STATION,100 N Whisman Rd,Mountain View,CA,94043,,US,GPS,37.392525,-122.06358,2023-01-25,2024-07-09,251929.0,2024-07-09 01:48:26 UTC,,E,,Public,24 hours daily,0.0,2.0,0.0,,ChargePoint Network,http://www.chargepoint.com/,J1772,,,,,,False,,65437026,-122.0624169,37.3916564,141.02026630822712
ELEC,ROH-EV ROH-EV 2,67 Golf Course Dr,Rohnert Park,CA,94928,,US,GPS,38.363647,-122.71633,2023-01-25,2024-07-09,251987.0,2024-07-09 01:49:36 UTC,,E,,Public,24 hours daily,0.0,1.0,0.0,,ChargePoint Network,http://www.chargepoint.com/,J1772,,,,,,False,,56097219,-122.7172358,38.3632538,90.2689386824179
ELEC,ROH-EV ROH-EV 3,67 Golf Course Dr,Rohnert Park,CA,94928,,US,GPS,38.36365,-122.716375,2023-01-25,2024-07-09,251990.0,2024-07-09 01:49:39 UTC,,E,,Public,24 hours daily,0.0,1.0,0.0,,ChargePoint Network,http://www.chargepoint.com/,J1772,,,,,,False,,56097219,-122.7172358,38.3632538,87.02563658333818
ELEC,ROH-EV ROH-EV 1,67 Golf Course Dr,Rohnert Park,CA,94928,,US,GPS,38.363323,-122.71482,2023-01-25,2024-07-09,251991.0,2024-07-09 01:49:39 UTC,,E,,Public,24 hours daily,0.0,1.0,0.0,,ChargePoint Network,http://www.chargepoint.com/,J1772,,,,,,False,,56138214,-122.7150149,38.3633331,17.029827871200876
ELEC,CA FREMONT 7,5588 Cushing Pkwy,Fremont,CA,94538,,US,GPS,37.495995,-121.972946,2023-01-25,2024-07-09,251997.0,2024-07-09 01:49:45 UTC,,E,,Public,24 hours daily,0.0,2.0,0.0,,ChargePoint Network,http://www.chargepoint.com/,J1772,,,,,,False,,1316803203,-121.9724997,37.4971229,131.45206434041805
ELEC,555 DE HARO 555DEHARO,555 De Haro St,San Francisco,CA,94107,,US,GPS,37.76261,-122.400756,2023-01-26,2024-07-09,252177.0,2024-07-09 01:50:08 UTC,,E,,Public,Mon 6:00pm - 12:00am; Tue 6:00pm - 12:00am; Wed 6:00pm - 12:00am; Thu 6:00pm - 12:00am; Fri 6:00pm - 12:00am; Sat 6:00pm - 12:00am; Sun 6:00pm - 12:00am,0.0,2.0,0.0,,ChargePoint Network,http://www.chargepoint.com/,J1772,,,,,,False,,65313442,-122.400389,37.762346,43.61822097509503
ELEC,Liberty Union High School District,20 Oak St,Brentwood,CA,94513,,US,GPS,37.935229,-121.689287,2023-01-30,2024-07-09,252633.0,2024-07-09 00:13:46 UTC,,E,,Public,24 hours daily,0.0,1.0,0.0,,Blink Network,http://www.blinkcharging.com/,J1772,,Free,,,,False,,1827192718,-121.688708,37.9350131,56.167564560178725
ELEC,META MPK400-01 ADA,MPK 400 1010 O'Brien Dr,Menlo Park,CA,94025,,US,GPS,37.474434,-122.151632,2023-01-31,2024-07-09,252740.0,2024-07-09 01:23:29 UTC,,E,,Public,24 hours daily,0.0,2.0,0.0,,ChargePoint Network,http://www.chargepoint.com/,J1772,,,,,,False,,65467464,-122.1518791,37.4741964,34.256558017274955
ELEC,IKEA USA PALO ALTO 1,1700 E Bayshore Rd,East Palo Alto,CA,94303,,US,GPS,37.461719,-122.138992,2023-02-01,2024-07-09,252907.0,2024-07-09 01:36:56 UTC,,E,,Public,24 hours daily,0.0,1.0,0.0,,ChargePoint Network,http://www.chargepoint.com/,J1772,,,,,,False,,1626374688,-122.1384813,37.4620161,55.885367054014466
ELEC,IKEA USA PALO ALTO 2,1700 E Bayshore Rd,East Palo Alto,CA,94303,,US,GPS,37.461706,-122.138996,2023-02-01,2024-07-09,252908.0,2024-07-09 01:36:56 UTC,,E,,Public,24 hours daily,0.0,1.0,0.0,,ChargePoint Network,http://www.chargepoint.com/,J1772,,,,,,False,,1626374688,-122.1384813,37.4620161,57.03267517534247
ELEC,IKEA USA EMERYVILLE 3,4400 Shellmound St,Emeryville,CA,94608,,US,GPS,37.830221,-122.291743,2023-02-01,2024-07-09,252909.0,2024-07-09 01:37:01 UTC,,E,,Public,24 hours daily,0.0,1.0,0.0,,ChargePoint Network,http://www.chargepoint.com/,J1772,,,,,,False,,53073997,-122.2908163,37.8301992,81.42389489295664
ELEC,IKEA USA EMERYVILLE 1,4400 Shellmound St,Emeryville,CA,94608,,US,GPS,37.830061,-122.29203,2023-02-01,2024-07-09,252910.0,2024-07-09 01:37:01 UTC,,E,,Public,24 hours daily,0.0,1.0,0.0,,ChargePoint Network,http://www.chargepoint.com/,J1772,,,,,,False,,919332658,-122.2928582,37.8294188,101.93160959289155
ELEC,IKEA USA EMERYVILLE 4,4400 Shellmound St,Emeryville,CA,94608,,US,GPS,37.830318,-122.292025,2023-02-01,2024-07-09,252911.0,2024-07-09 01:37:01 UTC,,E,,Public,24 hours daily,0.0,1.0,0.0,,ChargePoint Network,http://www.chargepoint.com/,J1772,,,,,,False,,53073997,-122.2908163,37.8301992,106.97327263086247
ELEC,IKEA USA EMERYVILLE 2,4400 Shellmound St,Emeryville,CA,94608,,US,GPS,37.830419,-122.291943,2023-02-01,2024-07-09,252912.0,2024-07-09 01:37:01 UTC,,E,,Public,24 hours daily,0.0,1.0,0.0,,ChargePoint Network,http://www.chargepoint.com/,J1772,,,,,,False,,53073997,-122.2908163,37.8301992,101.92641471158902
ELEC,CHARGERFIRST STATION 4 DUAL,6248 Redwood Dr,Rohnert Park,CA,94928,,US,GPS,38.350181,-122.714768,2023-02-01,2024-07-09,252935.0,2024-07-09 01:49:15 UTC,,E,,Public,24 hours daily,0.0,2.0,0.0,,ChargePoint Network,http://www.chargepoint.com/,J1772,,,,,,False,,4926010344,-122.714096,38.3503209,60.629926252478626
ELEC,CHARGERFIRST STATION 3 SINGL,6248 Redwood Dr,Rohnert Park,CA,94928,,US,GPS,38.350186,-122.71474,2023-02-01,2024-07-09,252936.0,2024-07-09 01:49:15 UTC,,E,,Public,24 hours daily,0.0,1.0,0.0,,ChargePoint Network,http://www.chargepoint.com/,J1772,,,,,,False,,4926010344,-122.714096,38.3503209,58.1274018902806
ELEC,CHARGERFIRST STATION 1 DUAL,6248 Redwood Dr,Rohnert Park,CA,94928,,US,GPS,38.350179,-122.714786,2023-02-01,2024-07-09,252937.0,2024-07-09 01:49:15 UTC,,E,,Public,24 hours daily,0.0,2.0,0.0,,ChargePoint Network,http://www.chargepoint.com/,J1772,,,,,,False,,4926010344,-122.714096,38.3503209,62.20437530875513
ELEC,CHARGERFIRST STATION 2 DUAL,6248 Redwood Dr,Rohnert Park,CA,94928,,US,GPS,38.350183,-122.714753,2023-02-01,2024-07-09,252938.0,2024-07-09 01:49:15 UTC,,E,,Public,24 hours daily,0.0,2.0,0.0,,ChargePoint Network,http://www.chargepoint.com/,J1772,,,,,,False,,4926010344,-122.714096,38.3503209,59.30873424575729
ELEC,CHARGERFIRST STATION 5 SINGL,6248 Redwood Dr,Rohnert Park,CA,94928,,US,GPS,38.350187,-122.714727,2023-02-01,2024-07-09,252939.0,2024-07-09 01:49:16 UTC,,E,,Public,24 hours daily,0.0,1.0,0.0,,ChargePoint Network,http://www.chargepoint.com/,J1772,,,,,,False,,4926010344,-122.714096,38.3503209,57.00376781155912
ELEC,CBRE NA002152,123 Chesapeake Dr,Redwood City,CA,94063,,US,GPS,37.501639,-122.214995,2023-02-01,2024-07-09,252943.0,2024-07-09 01:49:39 UTC,,E,,Public,24 hours daily,0.0,2.0,0.0,,ChargePoint Network,http://www.chargepoint.com/,J1772,,,,,,False,,65456901,-122.2149741,37.5016676,3.675969207679591
ELEC,CBRE CBRE/BLDG 12 #4,505 Penobscot Dr,Redwood City,CA,94063,,US,GPS,37.500176,-122.218349,2023-02-01,2024-07-09,252944.0,2024-07-09 01:49:44 UTC,,E,,Public,24 hours daily,0.0,2.0,0.0,,ChargePoint Network,http://www.chargepoint.com/,J1772,,,,,,False,,65456907,-122.2174977,37.5016138,176.63570381273215
ELEC,META BUR102-09,322 Airport Blvd.,Burlingame,CA,94010,,US,GPS,37.590398,-122.335288,2023-02-03,2024-07-09,253305.0,2024-07-09 01:23:34 UTC,,E,,Public,24 hours daily,0.0,2.0,0.0,,ChargePoint Network,http://www.chargepoint.com/,J1772,,,,,,False,,9021363466,-122.334687,37.5888775,177.1710576040951
ELEC,KRC MENLO CORP KRMP 4300 J,4100-4398 Bohannon Dr,Menlo Park,CA,94025,,US,GPS,37.479211,-122.177963,2023-02-03,2024-07-09,253328.0,2024-07-09 01:50:12 UTC,,E,,Public,24 hours daily,0.0,2.0,0.0,,ChargePoint Network,http://www.chargepoint.com/,J1772,,,,,,False,,65437726,-122.1799973,37.4779874,225.2468646059126
ELEC,KRC MENLO CORP KRMP 4300 K,4100-4398 Bohannon Dr,Menlo Park,CA,94025,,US,GPS,37.479188,-122.177914,2023-02-03,2024-07-09,253329.0,2024-07-09 01:50:12 UTC,,E,,Public,24 hours daily,0.0,2.0,0.0,,ChargePoint Network,http://www.chargepoint.com/,J1772,,,,,,False,,65437726,-122.1799973,37.4779874,227.19557512665358
ELEC,KRC MENLO CORP KRMP 4300 M,4100-4398 Bohannon Dr,Menlo Park,CA,94025,,US,GPS,37.479121,-122.177792,2023-02-03,2024-07-09,253330.0,2024-07-09 01:50:12 UTC,,E,,Public,24 hours daily,0.0,2.0,0.0,,ChargePoint Network,http://www.chargepoint.com/,J1772,,,,,,False,,297185766,-122.1762558,37.4774985,225.66628459149192
ELEC,KRC MENLO CORP KRMP 4300 L,4100-4398 Bohannon Dr,Menlo Park,CA,94025,,US,GPS,37.479156,-122.177867,2023-02-03,2024-07-09,253331.0,2024-07-09 01:50:13 UTC,,E,,Public,24 hours daily,0.0,2.0,0.0,,ChargePoint Network,http://www.chargepoint.com/,J1772,,,,,,False,,65437726,-122.1799973,37.4779874,228.52247346547958
ELEC,KRC MENLO CORP KRMP 4300 N,4100-4398 Bohannon Dr,Menlo Park,CA,94025,,US,GPS,37.479078,-122.177743,2023-02-03,2024-07-09,253332.0,2024-07-09 01:50:13 UTC,,E,,Public,24 hours daily,0.0,2.0,0.0,,ChargePoint Network,http://www.chargepoint.com/,J1772,,,,,,False,,297185766,-122.1762558,37.4774985,219.24712703745857
ELEC,KRC MENLO CORP KRMP 4300 G,4400 Bohannon Dr,Menlo Park,CA,94025,,US,GPS,37.479372,-122.178245,2023-02-03,2024-07-09,253333.0,2024-07-09 01:50:14 UTC,,E,,Public,24 hours daily,0.0,2.0,0.0,,ChargePoint Network,http://www.chargepoint.com/,J1772,,,,,,False,,65437726,-122.1799973,37.4779874,218.20480344960134
ELEC,KRC MENLO CORP KRMP 4300 E,4300 Bohannon Dr,Menlo Park,CA,94025,,US,GPS,37.479893,-122.178126,2023-02-03,2024-07-09,253334.0,2024-07-09 01:50:14 UTC,,E,,Public,24 hours daily,0.0,2.0,0.0,,ChargePoint Network,http://www.chargepoint.com/,J1772,,,,,,False,,65348550,-122.177417,37.4816929,209.6903130506006
ELEC,KRC MENLO CORP KRMP 4300 B,4400 Bohannon Dr,Menlo Park,CA,94025,,US,GPS,37.479798,-122.177985,2023-02-03,2024-07-09,253335.0,2024-07-09 01:50:15 UTC,,E,,Public,24 hours daily,0.0,2.0,0.0,,ChargePoint Network,http://www.chargepoint.com/,J1772,,,,,,False,,65348550,-122.177417,37.4816929,216.5826015248711
ELEC,KRC MENLO CORP KRMP 4300 F,4300 Bohannon Dr,Menlo Park,CA,94025,,US,GPS,37.479914,-122.178183,2023-02-03,2024-07-09,253336.0,2024-07-09 01:50:15 UTC,,E,,Public,24 hours daily,0.0,2.0,0.0,,ChargePoint Network,http://www.chargepoint.com/,J1772,,,,,,False,,65348550,-122.177417,37.4816929,209.0344811207569
ELEC,KRC MENLO CORP KRMP 4300 C,4400 Bohannon Dr,Menlo Park,CA,94025,,US,GPS,37.479823,-122.178016,2023-02-03,2024-07-09,253337.0,2024-07-09 01:50:15 UTC,,E,,Public,24 hours daily,0.0,2.0,0.0,,ChargePoint Network,http://www.chargepoint.com/,J1772,,,,,,False,,65348550,-122.177417,37.4816929,214.53664776267817
ELEC,KRC MENLO CORP KRMP 4300 D,4400 Bohannon Dr,Menlo Park,CA,94025,,US,GPS,37.479856,-122.178062,2023-02-03,2024-07-09,253338.0,2024-07-09 01:50:15 UTC,,E,,Public,24 hours daily,0.0,2.0,0.0,,ChargePoint Network,http://www.chargepoint.com/,J1772,,,,,,False,,65348550,-122.177417,37.4816929,212.035541308164
ELEC,KRC MENLO CORP KRMP 4300 A,4400 Bohannon Dr,Menlo Park,CA,94025,,US,GPS,37.479763,-122.177924,2023-02-03,2024-07-09,253339.0,2024-07-09 01:50:15 UTC,,E,,Public,24 hours daily,0.0,2.0,0.0,,ChargePoint Network,http://www.chargepoint.com/,J1772,,,,,,False,,65348550,-122.177417,37.4816929,219.20910380169542
ELEC,KRC MENLO CORP KRMP 4300 H,4400 Bohannon Dr,Menlo Park,CA,94025,,US,GPS,37.47935,-122.178193,2023-02-03,2024-07-09,253340.0,2024-07-09 01:50:16 UTC,,E,,Public,24 hours daily,0.0,2.0,0.0,,ChargePoint Network,http://www.chargepoint.com/,J1772,,,,,,False,,65437726,-122.1799973,37.4779874,219.78661497223578
ELEC,KRC MENLO CORP KRMP 4300 I,4100-4398 Bohannon Dr,Menlo Park,CA,94025,,US,GPS,37.479245,-122.178018,2023-02-03,2024-07-09,253341.0,2024-07-09 01:50:16 UTC,,E,,Public,24 hours daily,0.0,2.0,0.0,,ChargePoint Network,http://www.chargepoint.com/,J1772,,,,,,False,,65437726,-122.1799973,37.4779874,223.7416016451121
ELEC,2100 Webster Street Medical Center - California Pacific Medical Center,2100 Webster Street,San Francisco,CA,94115,,US,GPS,37.790470937,-122.432132805,2023-02-08,2024-06-23,253510.0,2024-06-23 03:13:51 UTC,,E,,Public,Mon 6:00am - 10:59pm; Tue 6:00am - 10:59pm; Wed 6:00am - 10:59pm; Thu 6:00am - 10:59pm; Fri 6:00am - 10:59pm; Sat 6:00am - 10:59pm; Sun 6:00am - 10:59pm,0.0,1.0,0.0,,Volta,https://voltacharging.com/,J1772,,,,,,False,,65307438,-122.4324,37.7900473,52.63346517813679
ELEC,CCSF - Ocean Campus North Parking Lot,50 Frida Kahlo Way,San Francisco,CA,94112,,US,GPS,37.7261545,-122.4478455,2023-02-08,2024-06-23,253516.0,2024-06-23 03:14:45 UTC,,E,,Public,Mon 5:00am - 10:59pm; Tue 5:00am - 10:59pm; Wed 5:00am - 10:59pm; Thu 5:00am - 10:59pm; Fri 5:00am - 10:59pm; Sat 5:00am - 10:59pm; Sun 5:00am - 10:59pm,0.0,2.0,0.0,,Volta,https://voltacharging.com/,J1772,,,,,,False,,1712523413,-122.4470235,37.7266972,94.17004536764091
ELEC,The Masonic P1,1111 California Street,San Francisco,CA,94108,,US,GPS,37.791205976,-122.412899305,2023-02-08,2024-06-23,253520.0,2024-06-23 03:15:04 UTC,,E,,Public,Mon 5:00am - 10:59pm; Tue 5:00am - 10:59pm; Wed 5:00am - 10:59pm; Thu 5:00am - 10:59pm; Fri 5:00am - 10:59pm; Sat 5:00am - 10:59pm; Sun 5:00am - 10:59pm,0.0,1.0,0.0,,Volta,https://voltacharging.com/,J1772,,,,,,False,,65295324,-122.4124799,37.7916306,59.896249335709776
ELEC,CCSF - Ocean Campus Cloud Circle,50 Frida Kahlo Way,San Francisco,CA,94112,,US,GPS,37.725955667,-122.449541,2023-02-08,2024-06-23,253547.0,2024-06-23 03:16:23 UTC,,E,,Public,Mon 5:00am - 10:59pm; Tue 5:00am - 10:59pm; Wed 5:00am - 10:59pm; Thu 5:00am - 10:59pm; Fri 5:00am - 10:59pm; Sat 5:00am - 10:59pm; Sun 5:00am - 10:59pm,0.0,3.0,0.0,,Volta,https://voltacharging.com/,J1772,,,,,,False,,615278344,-122.4478362,37.7274559,224.29620920427496
ELEC,Webster Street Medical Center Southwest DCFC,2100 Webster Street,San Francisco,CA,94115,,US,GPS,37.790379635,-122.432179039,2023-02-08,2024-06-23,253584.0,2024-06-23 03:17:40 UTC,,E,,Public,Mon 6:00am - 10:59pm; Tue 6:00am - 10:59pm; Wed 6:00am - 10:59pm; Thu 6:00am - 10:59pm; Fri 6:00am - 10:59pm; Sat 6:00am - 10:59pm; Sun 6:00am - 10:59pm,0.0,0.0,1.0,,Volta,https://voltacharging.com/,J1772COMBO,,,,,,False,,65307438,-122.4324,37.7900473,41.744461852535125
ELEC,Northgate One 01,270 Northgate Drive,San Rafael,CA,94903,,US,GPS,38.007846,-122.546418,2023-02-08,2024-06-23,253588.0,2024-06-23 03:17:43 UTC,,E,,Public,Mon 5:00am - 10:59pm; Tue 5:00am - 10:59pm; Wed 5:00am - 10:59pm; Thu 5:00am - 10:59pm; Fri 5:00am - 10:59pm; Sat 5:00am - 10:59pm; Sun 5:00am - 10:59pm,0.0,1.0,0.0,,Volta,https://voltacharging.com/,J1772,,,,,,False,,345533130,-122.5454507,38.0078567,84.75692845834564
ELEC,The Masonic P3 DCFC,1111 California Street,San Francisco,CA,94108,,US,GPS,37.791135128,-122.412819683,2023-02-08,2024-06-23,253600.0,2024-06-23 03:17:57 UTC,,E,,Public,Mon 5:00am - 10:59pm; Tue 5:00am - 10:59pm; Wed 5:00am - 10:59pm; Thu 5:00am - 10:59pm; Fri 5:00am - 10:59pm; Sat 5:00am - 10:59pm; Sun 5:00am - 10:59pm,0.0,0.0,1.0,,Volta,https://voltacharging.com/,J1772COMBO,,,,,,False,,65295324,-122.4124799,37.7916306,62.664274982179634
ELEC,Stonestown Galleria Peet's DCFC,3251 20Th Ave,San Francisco,CA,94132,,US,GPS,37.727952,-122.476323,2023-02-08,2024-06-23,253615.0,2024-06-23 03:18:47 UTC,,E,,Public,Mon 5:00am - 10:59pm; Tue 5:00am - 10:59pm; Wed 5:00am - 10:59pm; Thu 5:00am - 10:59pm; Fri 5:00am - 10:59pm; Sat 5:00am - 10:59pm; Sun 5:00am - 10:59pm,0.0,0.0,1.0,,Volta,https://voltacharging.com/,J1772COMBO,,,,,,False,,761766172,-122.4760501,37.7272092,86.0121614050523
ELEC,Solar4America Ice at San Jose Employees Only,1500 South 10th Street,San Jose,CA,95112,,US,GPS,37.319778411,-121.863138793,2023-02-08,2024-06-23,253631.0,2024-06-23 03:19:05 UTC,,E,,Public,Mon 5:00am - 10:59pm; Tue 5:00am - 10:59pm; Wed 5:00am - 10:59pm; Thu 5:00am - 10:59pm; Fri 5:00am - 10:59pm; Sat 5:00am - 10:59pm; Sun 5:00am - 10:59pm,0.0,1.0,0.0,,Volta,https://voltacharging.com/,J1772,,,,,,False,,3614092065,-121.8655722,37.3198983,215.59727666896634
ELEC,Diablo Valley Plaza Floor and Decor,85 Chilpancingo Parkway,Pleasant Hill,CA,94523,,US,GPS,37.972456,-122.068373,2023-02-08,2024-06-23,253632.0,2024-06-23 03:19:05 UTC,,E,,Public,Mon 5:00am - 10:59pm; Tue 5:00am - 10:59pm; Wed 5:00am - 10:59pm; Thu 5:00am - 10:59pm; Fri 5:00am - 10:59pm; Sat 5:00am - 10:59pm; Sun 5:00am - 10:59pm,0.0,1.0,0.0,,Volta,https://voltacharging.com/,J1772,,,,,,False,,6538506637,-122.0689394,37.9726003,52.17663379809486
ELEC,Pacific Commons Dog Haus,43330 Pacific Commons Blvd,Fremont,CA,94538,,US,GPS,37.5035096,-121.9749778,2023-02-08,2024-06-23,253635.0,2024-06-23 03:19:08 UTC,,E,,Public,Mon 5:00am - 10:59pm; Tue 5:00am - 10:59pm; Wed 5:00am - 10:59pm; Thu 5:00am - 10:59pm; Fri 5:00am - 10:59pm; Sat 5:00am - 10:59pm; Sun 5:00am - 10:59pm,0.0,2.0,0.0,,Volta,https://voltacharging.com/,J1772,,,,,,False,,3257862649,-121.9760513,37.5037368,98.0083836550397
ELEC,Webster Street Medical Center Northeast DCFC,2100 Webster Street,San Francisco,CA,94115,,US,GPS,37.790495142,-122.432201799,2023-02-08,2024-06-23,253644.0,2024-06-23 03:19:16 UTC,,E,,Public,Mon 6:00am - 10:59pm; Tue 6:00am - 10:59pm; Wed 6:00am - 10:59pm; Thu 6:00am - 10:59pm; Fri 6:00am - 10:59pm; Sat 6:00am - 10:59pm; Sun 6:00am - 10:59pm,0.0,0.0,1.0,,Volta,https://voltacharging.com/,J1772COMBO,,,,,,False,,65307438,-122.4324,37.7900473,52.75564672076518
ELEC,Solar4America Ice at San Jose Rear Parking Lot,1500 South 10th Street,San Jose,CA,95112,,US,GPS,37.319556689,-121.862658763,2023-02-08,2024-06-23,253660.0,2024-06-23 03:19:35 UTC,,E,,Public,Mon 5:00am - 10:59pm; Tue 5:00am - 10:59pm; Wed 5:00am - 10:59pm; Thu 5:00am - 10:59pm; Fri 5:00am - 10:59pm; Sat 5:00am - 10:59pm; Sun 5:00am - 10:59pm,0.0,7.0,0.0,,Volta,https://voltacharging.com/,J1772,,,,,,False,,65493521,-121.8619416,37.3216298,239.08399206042426
ELEC,Stonestown Galleria 03-04,3251 20Th Ave,San Francisco,CA,94132,,US,GPS,37.72837495,-122.4766977,2023-02-08,2024-06-23,253662.0,2024-06-23 03:19:35 UTC,,E,,Public,Mon 5:00am - 10:59pm; Tue 5:00am - 10:59pm; Wed 5:00am - 10:59pm; Thu 5:00am - 10:59pm; Fri 5:00am - 10:59pm; Sat 5:00am - 10:59pm; Sun 5:00am - 10:59pm,0.0,2.0,0.0,,Volta,https://voltacharging.com/,J1772,,,,,,False,,761766172,-122.4760501,37.7272092,141.5861548828882
ELEC,The Masonic P3,1111 California Street,San Francisco,CA,94108,,US,GPS,37.791196618,-122.412814677,2023-02-08,2024-06-23,253668.0,2024-06-23 03:19:40 UTC,,E,,Public,Mon 5:00am - 10:59pm; Tue 5:00am - 10:59pm; Wed 5:00am - 10:59pm; Thu 5:00am - 10:59pm; Fri 5:00am - 10:59pm; Sat 5:00am - 10:59pm; Sun 5:00am - 10:59pm,0.0,1.0,0.0,,Volta,https://voltacharging.com/,J1772,,,,,,False,,65295324,-122.4124799,37.7916306,56.51626212508179
ELEC,Westfield Valley Fair Garage North Macy's,2801 Stevens Creek Blvd,San Jose,CA,95128,,US,GPS,37.3249855,-121.9422635,2023-02-08,2024-06-23,253669.0,2024-06-23 03:19:41 UTC,,E,,Public,Mon 5:00am - 10:59pm; Tue 5:00am - 10:59pm; Wed 5:00am - 10:59pm; Thu 5:00am - 10:59pm; Fri 5:00am - 10:59pm; Sat 5:00am - 10:59pm; Sun 5:00am - 10:59pm,0.0,2.0,0.0,,Volta,https://voltacharging.com/,J1772,,,,,,False,,8564167591,-121.9412392,37.3253663,99.98094335255286
ELEC,"7-ELEVEN, INC. 24109 FRMNT DC1",40820 Fremont Blvd,Fremont,CA,94538,,US,GPS,37.53473,-121.96197,2023-02-08,2024-07-09,253707.0,2024-07-09 01:49:58 UTC,,E,,Public,24 hours daily,0.0,0.0,1.0,,ChargePoint Network,http://www.chargepoint.com/,J1772COMBO TESLA,,,,,,False,,53026894,-121.9623335,37.534736,32.058897140160276
ELEC,"7-ELEVEN, INC. 24109 FRMNT DC2",40820 Fremont Blvd,Fremont,CA,94538,,US,GPS,37.53474,-121.961988,2023-02-08,2024-07-09,253708.0,2024-07-09 01:49:58 UTC,,E,,Public,24 hours daily,0.0,0.0,1.0,,ChargePoint Network,http://www.chargepoint.com/,J1772COMBO TESLA,,,,,,False,,53026894,-121.9623335,37.534736,30.468031937884465
ELEC,"7-ELEVEN, INC. 24109 FRMNT DC3",40820 Fremont Blvd,Fremont,CA,94538,,US,GPS,37.534769,-121.96204,2023-02-08,2024-07-09,253709.0,2024-07-09 01:49:58 UTC,,E,,Public,24 hours daily,0.0,0.0,1.0,,ChargePoint Network,http://www.chargepoint.com/,J1772COMBO TESLA,,,,,,False,,53026894,-121.9623335,37.534736,26.138479445563995
ELEC,"7-ELEVEN, INC. 24109 FRMNT DC4",40820 Fremont Blvd,Fremont,CA,94538,,US,GPS,37.534778,-121.96207,2023-02-08,2024-07-09,253710.0,2024-07-09 01:49:58 UTC,,E,,Public,24 hours daily,0.0,0.0,1.0,,ChargePoint Network,http://www.chargepoint.com/,CHADEMO J1772COMBO,,,,,,False,,53026894,-121.9623335,37.534736,23.699068642886992
ELEC,Whole Foods Market - Tesla Supercharger,340 3rd Street,San Rafael,CA,94901,,US,GPS,37.971118,-122.517435,2023-02-04,2023-07-01,253763.0,2023-07-14 19:41:28 UTC,P,E,,Public,24 hours daily,0.0,0.0,8.0,,Tesla,https://www.tesla.com/supercharger,TESLA,GROCERY,,,False,LD,False,,110384131,-122.5177137,37.9708033,42.6772774127636
ELEC,SERENITY EV-07/EV-08,1400 Lincoln Village Cir,Larkspur,CA,94939,,US,GPS,37.949234,-122.505493,2023-02-09,2024-07-09,253780.0,2024-07-09 00:53:00 UTC,,E,,Public,24 hours daily,0.0,2.0,0.0,,ChargePoint Network,http://www.chargepoint.com/,J1772,,,,,,False,,110380810,-122.5060967,37.9494227,56.941424166514324
ELEC,SERENITY EV-09EV-10,1400 Lincoln Village Cir,Larkspur,CA,94939,,US,GPS,37.949339,-122.505621,2023-02-09,2024-07-09,253781.0,2024-07-09 00:53:01 UTC,,E,,Public,24 hours daily,0.0,2.0,0.0,,ChargePoint Network,http://www.chargepoint.com/,J1772,,,,,,False,,110380810,-122.5060967,37.9494227,42.73671142788231
ELEC,FREEMAN WINERY FREEMAN WINERY,1300 Montgomery Rd,Sebastopol,CA,95472,,US,GPS,38.409499,-122.883133,2023-02-09,2024-07-09,253807.0,2024-07-09 01:50:31 UTC,,E,,Public,24 hours daily,0.0,2.0,0.0,,ChargePoint Network,http://www.chargepoint.com/,J1772,,,,,,False,,4931880137,-122.8842366,38.4090639,107.64375753337899
ELEC,WAREHAM 6100 1,6100 Horton St,Emeryville,CA,94608,,US,GPS,37.842392,-122.29164,2023-02-10,2024-07-09,253830.0,2024-07-09 00:48:36 UTC,,E,,Public,24 hours daily,0.0,2.0,0.0,,ChargePoint Network,http://www.chargepoint.com/,J1772,,,,,,False,,53134103,-122.2919384,37.8426397,38.01580097841773
ELEC,WAREHAM 6100 2,6100 Horton St,Emeryville,CA,94608,,US,GPS,37.842432,-122.291508,2023-02-10,2024-07-09,253831.0,2024-07-09 00:48:47 UTC,,E,,Public,24 hours daily,0.0,2.0,0.0,,ChargePoint Network,http://www.chargepoint.com/,J1772,,,,,,False,,53134103,-122.2919384,37.8426397,44.29171342695377
ELEC,WAREHAM 6100 6,6100 Horton St,Emeryville,CA,94608,,US,GPS,37.842321,-122.291579,2023-02-10,2024-07-09,253832.0,2024-07-09 00:48:48 UTC,,E,,Public,24 hours daily,0.0,2.0,0.0,,ChargePoint Network,http://www.chargepoint.com/,J1772,,,,,,False,,53134103,-122.2919384,37.8426397,47.45340909092227
ELEC,WAREHAM 6100 5,6100 Horton St,Emeryville,CA,94608,,US,GPS,37.842502,-122.291576,2023-02-10,2024-07-09,253833.0,2024-07-09 00:48:48 UTC,,E,,Public,24 hours daily,0.0,2.0,0.0,,ChargePoint Network,http://www.chargepoint.com/,J1772,,,,,,False,,53134103,-122.2919384,37.8426397,35.31460723892408
ELEC,WAREHAM 6100 3,6100 Horton St,Emeryville,CA,94608,,US,GPS,37.842452,-122.291526,2023-02-10,2024-07-09,253834.0,2024-07-09 00:48:48 UTC,,E,,Public,24 hours daily,0.0,2.0,0.0,,ChargePoint Network,http://www.chargepoint.com/,J1772,,,,,,False,,53134103,-122.2919384,37.8426397,41.797170830744896
ELEC,WAREHAM 6100 4,6100 Horton St,Emeryville,CA,94608,,US,GPS,37.842231,-122.291363,2023-02-10,2024-07-09,253835.0,2024-07-09 00:48:49 UTC,,E,,Public,24 hours daily,0.0,2.0,0.0,,ChargePoint Network,http://www.chargepoint.com/,J1772,,,,,,False,,53134103,-122.2919384,37.8426397,67.95734465213465
ELEC,THE EXCHANGE 1100 THE EXCHAN,1100 Larkspur Landing Cir,Larkspur,CA,94939,,US,GPS,37.949019,-122.511237,2023-02-15,2024-07-09,254021.0,2024-07-09 00:42:08 UTC,,E,,Public,24 hours daily,0.0,2.0,0.0,,ChargePoint Network,http://www.chargepoint.com/,J1772,,,,,,False,,4886228082,-122.5122211,37.9492254,89.2894844333173
ELEC,"7037 – San Jose, CA (2375 Quimby Road)",2375 Quimby Road,San Jose,CA,95122,,US,GPS,37.323981,-121.809173,2023-02-16,2024-07-08,254083.0,2024-07-08 03:11:30 UTC,,E,,Public,24 hours daily,0.0,0.0,4.0,,BP_PULSE,https://www.bp.com/en_us/united-states/home/what-we-do/customers-and-products/bp-pulse/bp-pulse-products.html,CHADEMO J1772COMBO,,,,,,False,,3112076297,-121.8089749,37.3238041,26.33946707410437
ELEC,NCI STATION 2,7068 Koll Center Pkwy,Pleasanton,CA,94566,,US,GPS,37.663438,-121.899834,2023-02-21,2024-07-09,254297.0,2024-07-09 00:54:21 UTC,,E,,Public,24 hours daily,0.0,2.0,0.0,,ChargePoint Network,http://www.chargepoint.com/,J1772,,,,,,False,,53120189,-121.9006508,37.664512,139.39573618761227
ELEC,TRIPACTIONS STATION 1,3045 Park Blvd,Palo Alto,CA,94306,,US,GPS,37.42567,-122.13731,2023-02-21,2024-07-09,254306.0,2024-07-09 01:47:58 UTC,,E,,Public,24 hours daily,0.0,2.0,0.0,,ChargePoint Network,http://www.chargepoint.com/,J1772,,,,,,False,,65446393,-122.137402,37.4253961,31.521237907572914
ELEC,TRIPACTIONS STATION 4,3045 Park Blvd,Palo Alto,CA,94306,,US,GPS,37.425726,-122.137104,2023-02-22,2024-07-09,254355.0,2024-07-09 01:47:59 UTC,,E,,Public,24 hours daily,0.0,2.0,0.0,,ChargePoint Network,http://www.chargepoint.com/,J1772,,,,,,False,,65446393,-122.137402,37.4253961,45.1456829508807
ELEC,RINCON CENTER STATION 2,121 Spear St,San Francisco,CA,94105,,US,GPS,37.791884,-122.393045,2023-02-24,2024-07-09,254505.0,2024-07-09 01:41:30 UTC,,E,,Public,24 hours daily,0.0,0.0,1.0,,ChargePoint Network,http://www.chargepoint.com/,CHADEMO J1772COMBO,,,,,,False,,65303495,-122.3925074,37.7912945,80.79802526059007
ELEC,Sequoia Grove Winery,8338 Saint Helena Highway,Napa,CA,94558,,US,GPS,38.44958141,-122.4124099,2022-10-14,2024-07-09,255168.0,2024-07-09 00:11:20 UTC,,E,,Public,Mon 7:00am - 8:00pm; Tue 7:00am - 8:00pm; Wed 7:00am - 8:00pm; Thu 7:00am - 8:00pm; Fri 7:00am - 8:00pm; Sat 7:00am - 8:00pm; Sun 7:00am - 8:00pm,0.0,3.0,0.0,,Blink Network,http://www.blinkcharging.com/,J1772,,,,,,False,,55961636,-122.4147539,38.4501343,213.17921276871903
ELEC,Lake Park Garage,1850 Alice ST,Oakland,CA,94612,,US,GPS,37.8052943,-122.2639631,2015-04-30,2024-07-09,255212.0,2024-07-09 00:23:33 UTC,,E,,Public,24 hours daily,0.0,1.0,0.0,,Blink Network,http://www.blinkcharging.com/,J1772,,,,,,False,,53078087,-122.2647765,37.8051269,73.84586873775481
ELEC,RINCON CENTER STATION 1,121 Spear St,San Francisco,CA,94105,,US,GPS,37.791926,-122.393088,2023-02-28,2024-07-09,255323.0,2024-07-09 01:51:20 UTC,,E,,Public,24 hours daily,0.0,0.0,1.0,,ChargePoint Network,http://www.chargepoint.com/,CHADEMO J1772COMBO,,,,,,False,,65303495,-122.3925074,37.7912945,86.79661069765105
ELEC,CHICK-FIL-A MTC CHICK-FIL-A (L),759 E Calaveras Blvd,Milpitas,CA,95035,,US,GPS,37.433849,-121.894196,2023-03-03,2024-07-09,255506.0,2024-07-09 01:39:53 UTC,,E,,Public,24 hours daily,0.0,1.0,0.0,,ChargePoint Network,http://www.chargepoint.com/,J1772,,,,,,False,,9131940945,-121.8934957,37.4336312,66.40679577070595
ELEC,CHICK-FIL-A MTC CHICK-FIL-A (R),761 E Calaveras Blvd,Milpitas,CA,95035,,US,GPS,37.433729,-121.894141,2023-03-05,2024-07-09,255560.0,2024-07-09 01:39:52 UTC,,E,,Public,24 hours daily,0.0,1.0,0.0,,ChargePoint Network,http://www.chargepoint.com/,J1772,,,,,,False,,9131940945,-121.8934957,37.4336312,58.00547827474357
ELEC,UCSF CAMPUS 1-1,590 Illinois St,San Francisco,CA,94107,,US,GPS,37.764719,-122.388231,2023-03-09,2024-07-09,255691.0,2024-07-09 01:51:50 UTC,,E,,Public,24 hours daily,0.0,2.0,0.0,,ChargePoint Network,http://www.chargepoint.com/,J1772,,,,,,False,,65290891,-122.38792,37.764421,42.95775485569305
ELEC,UCSF CAMPUS 1-2,590 Illinois St,San Francisco,CA,94107,,US,GPS,37.764634,-122.38821,2023-03-09,2024-07-09,255692.0,2024-07-09 01:51:50 UTC,,E,,Public,24 hours daily,0.0,2.0,0.0,,ChargePoint Network,http://www.chargepoint.com/,J1772,,,,,,False,,65290891,-122.38792,37.764421,34.79657040693707
ELEC,UCSF CAMPUS 1-3,590 Illinois St.,San Francisco,CA,94107,,US,GPS,37.76466,-122.388274,2023-03-09,2024-07-09,255693.0,2024-07-09 01:51:50 UTC,,E,,Public,24 hours daily,0.0,2.0,0.0,,ChargePoint Network,http://www.chargepoint.com/,J1772,,,,,,False,,65290891,-122.38792,37.764421,40.921682083509786
ELEC,UCSF CAMPUS 1-4,590 Illinois St,San Francisco,CA,94158,,US,GPS,37.764982,-122.388242,2023-03-09,2024-07-09,255694.0,2024-07-09 01:51:51 UTC,,E,,Public,24 hours daily,0.0,2.0,0.0,,ChargePoint Network,http://www.chargepoint.com/,J1772,,,,,,False,,65290891,-122.38792,37.764421,68.50171681182313
ELEC,UCSF CAMPUS 1-S1,590 Illinois St,San Francisco,CA,94158,,US,GPS,37.764889,-122.38836,2023-03-09,2024-07-09,255695.0,2024-07-09 01:51:51 UTC,,E,,Public,24 hours daily,0.0,1.0,0.0,,ChargePoint Network,http://www.chargepoint.com/,J1772,,,,,,False,,65290891,-122.38792,37.764421,64.83854267295459
ELEC,UCSF CAMPUS 2-S1,590 Illinois St,San Francisco,CA,94107,,US,GPS,37.764761,-122.388424,2023-03-09,2024-07-09,255696.0,2024-07-09 01:51:51 UTC,,E,,Public,24 hours daily,0.0,1.0,0.0,,ChargePoint Network,http://www.chargepoint.com/,J1772,,,,,,False,,1563110139,-122.3887631,37.7643643,53.23823286799627
ELEC,UCSF CAMPUS 2-S2,590 Illinois St,San Francisco,CA,94107,,US,GPS,37.76505,-122.388478,2023-03-09,2024-07-09,255697.0,2024-07-09 01:51:51 UTC,,E,,Public,24 hours daily,0.0,1.0,0.0,,ChargePoint Network,http://www.chargepoint.com/,J1772,,,,,,False,,1563110139,-122.3887631,37.7643643,80.25951373202044
ELEC,UCSF CAMPUS 2-1,590 Illinois St,San Francisco,CA,94107,,US,GPS,37.764643,-122.388317,2023-03-09,2024-07-09,255698.0,2024-07-09 01:51:51 UTC,,E,,Public,24 hours daily,0.0,2.0,0.0,,ChargePoint Network,http://www.chargepoint.com/,J1772,,,,,,False,,65290891,-122.38792,37.764421,42.74592225811928
ELEC,UCSF CAMPUS 2-2,590 Illinois St,San Francisco,CA,94107,,US,GPS,37.764842,-122.38821,2023-03-09,2024-07-09,255699.0,2024-07-09 01:51:51 UTC,,E,,Public,24 hours daily,0.0,2.0,0.0,,ChargePoint Network,http://www.chargepoint.com/,J1772,,,,,,False,,65290891,-122.38792,37.764421,53.3039454939753
ELEC,UCSF CAMPUS 2-3,590 Illinois St,San Francisco,CA,94107,,US,GPS,37.764694,-122.388408,2023-03-09,2024-07-09,255700.0,2024-07-09 01:51:51 UTC,,E,,Public,24 hours daily,0.0,2.0,0.0,,ChargePoint Network,http://www.chargepoint.com/,J1772,,,,,,False,,1563110139,-122.3887631,37.7643643,48.14953789626328
ELEC,"Midtown Charleston Shopping Center (Palo Alto, CA)",3966 Middlefield Rd,Palo Alto,CA,94303,,US,GPS,37.41875,-122.10888,2023-03-09,2024-07-09,255707.0,2024-07-09 02:35:48 UTC,,E,,Public,24 hours daily,0.0,0.0,4.0,,Electrify America,https://www.electrifyamerica.com/,CHADEMO J1772COMBO,,,,,,False,,65423685,-122.108077,37.4199701,153.08494985224192
ELEC,Woodcreek Plaza - Tesla Supercharger,3001  Travis Boulevard,Fairfield,CA,94534,,US,GPS,38.257563,-122.065423,2023-03-09,2023-07-01,256050.0,2023-07-14 19:41:28 UTC,P,E,,Public,24 hours daily,0.0,0.0,12.0,,Tesla,https://www.tesla.com/supercharger,TESLA,SHOPPING_CENTER,,,False,LD,False,,62417244,-122.0650956,38.2582396,80.48251912844343
ELEC,Wienerschnitzel 874,2500 West A street,Dixon,CA,95620,,US,GPS,38.4461871,-121.8533875,2022-12-01,2024-07-09,256136.0,2024-07-09 00:11:24 UTC,,E,,Public,24 hours daily,0.0,2.0,0.0,,Blink Network,http://www.blinkcharging.com/,J1772,,,,,,False,,10025911999,-121.8525249,38.4458311,84.91323368109465
ELEC,101 CAL PARKING LL1-4AB,101 California St,San Francisco,CA,94111,,US,GPS,37.793265,-122.398307,2023-03-11,2024-07-09,256227.0,2024-07-09 01:51:48 UTC,,E,,Public,24 hours daily,0.0,2.0,0.0,,ChargePoint Network,http://www.chargepoint.com/,J1772,,,,,,False,,65295278,-122.3988009,37.7933647,44.792247940105604
ELEC,101 CAL PARKING LL1-6AB,101 California St,San Francisco,CA,94111,,US,GPS,37.793282,-122.398307,2023-03-11,2024-07-09,256229.0,2024-07-09 01:51:52 UTC,,E,,Public,24 hours daily,0.0,2.0,0.0,,ChargePoint Network,http://www.chargepoint.com/,J1772,,,,,,False,,65295278,-122.3988009,37.7933647,44.362210000076146
ELEC,CHARGEPOINT 242-05-AC-M ADA,242 E Hacienda Ave,Campbell,CA,95008,,US,GPS,37.266677,-121.956596,2023-03-14,2024-07-09,256273.0,2024-07-09 01:39:05 UTC,,E,,Public,24 hours daily,0.0,2.0,0.0,,ChargePoint Network,http://www.chargepoint.com/,J1772,,,,,,False,,65613603,-121.9570661,37.2654181,146.0341424199617
ELEC,CHARGEPOINT 242-04-AC-CT4KM,242 E Hacienda Ave,Campbell,CA,95008,,US,GPS,37.266698,-121.956649,2023-03-14,2024-07-09,256276.0,2024-07-09 01:48:26 UTC,,E,,Public,24 hours daily,0.0,2.0,0.0,,ChargePoint Network,http://www.chargepoint.com/,J1772,,,,,,False,,65613603,-121.9570661,37.2654181,147.0270357638645
ELEC,BFF FRONT LOT,2399 Auto Mall Pkwy,Fairfield,CA,94533,,US,GPS,38.246158,-122.076269,2023-03-14,2024-07-09,256279.0,2024-07-09 01:51:35 UTC,,E,,Public,24 hours daily,0.0,2.0,0.0,,ChargePoint Network,http://www.chargepoint.com/,J1772,,,,,,False,,62467863,-122.0761426,38.2462471,14.832437745499924
ELEC,RH3C+J3 Marina District (US-7MK-ZS3-3),RH3C+J3 Marina District,San Francisco,CA,94109,,US,GPS,37.804152,-122.42974,2022-09-20,2024-07-09,256304.0,2024-07-09 02:58:33 UTC,,E,,Public,24 hours daily,0.0,1.0,0.0,,RIVIAN_WAYPOINTS,https://rivian.com/experience/charging,J1772,PUBLIC,,,,,False,,65296848,-122.4300655,37.8035283,75.01707859028373
ELEC,RH3C+J3 Marina District (US-7MK-ZS3-4),RH3C+J3 Marina District,San Francisco,CA,94109,,US,GPS,37.804152,-122.42974,2022-09-20,2024-07-09,256305.0,2024-07-09 02:58:33 UTC,,E,,Public,24 hours daily,0.0,1.0,0.0,,RIVIAN_WAYPOINTS,https://rivian.com/experience/charging,J1772,PUBLIC,,,,,False,,65296848,-122.4300655,37.8035283,75.01707859028373
ELEC,RH3C+J3 Marina District (US-7MK-ZS3-1),RH3C+J3 Marina District,San Francisco,CA,94109,,US,GPS,37.804146,-122.429803,2022-09-20,2024-07-09,256306.0,2024-07-09 02:58:34 UTC,,E,,Public,24 hours daily,0.0,1.0,0.0,,RIVIAN_WAYPOINTS,https://rivian.com/experience/charging,J1772,PUBLIC,,,,,False,,65296848,-122.4300655,37.8035283,72.45365245978081
ELEC,Chevron Mountain View,45 West El Camino Real,Mountain View,CA,94040,,US,GPS,37.380061,-122.073571,2023-03-15,2024-07-09,256361.0,2024-07-09 02:51:20 UTC,,E,,Public,24 hours daily,0.0,0.0,2.0,,EV Connect,http://evconnect.com/,CHADEMO J1772COMBO,,,,,,False,,5367061263,-122.0738693,37.3797139,46.73702395129862
ELEC,SAN MATEO CNTY PS1 PUBLIC #1B,440 Middlefield Rd CC PS1,Redwood City,CA,94063,,US,GPS,37.489505,-122.230096,2023-03-16,2024-07-09,256379.0,2024-07-09 01:33:39 UTC,,E,,Public,24 hours daily,0.0,1.0,0.0,,ChargePoint Network,http://www.chargepoint.com/,J1772,,,,,,False,,9548673900,-122.2313635,37.4894584,111.9507678919078
ELEC,GOLD STREET-SJ 08AD,2130 Gold St,San Jose,CA,95002,,US,GPS,37.42001,-121.97501,2023-03-17,2024-07-09,256434.0,2024-07-09 00:29:22 UTC,,E,,Public,24 hours daily,0.0,2.0,0.0,,ChargePoint Network,http://www.chargepoint.com/,J1772,,,,,,False,,1071884420,-121.9760383,37.4215728,196.0723913387273
ELEC,GOLD STREET-SJ 0C5E,2130 Gold St,San Jose,CA,95002,,US,GPS,37.419953,-121.974951,2023-03-17,2024-07-09,256435.0,2024-07-09 00:29:34 UTC,,E,,Public,24 hours daily,0.0,2.0,0.0,,ChargePoint Network,http://www.chargepoint.com/,J1772,,,,,,False,,1071884420,-121.9760383,37.4215728,204.10983718075175
ELEC,GOLD STREET-SJ 053E,2130 Gold St,San Jose,CA,95002,,US,GPS,37.419966,-121.974973,2023-03-17,2024-07-09,256436.0,2024-07-09 00:29:34 UTC,,E,,Public,24 hours daily,0.0,2.0,0.0,,ChargePoint Network,http://www.chargepoint.com/,J1772,,,,,,False,,1071884420,-121.9760383,37.4215728,201.92291800966916
ELEC,VIERRAMOORE REDWOODS,2370 Toledo Terrace,Mountain View,CA,94043,,US,GPS,37.413401,-122.096607,2023-03-23,2024-07-09,256846.0,2024-07-09 01:39:17 UTC,,E,,Public,24 hours daily,0.0,2.0,0.0,,ChargePoint Network,http://www.chargepoint.com/,J1772,,,,,,False,,65465782,-122.0975847,37.4128281,107.30555235185982
ELEC,VIERRAMOORE MARVAVILLA 1,301 Scarlett Terrace,Mountain View,CA,94043,,US,GPS,37.406113,-122.092245,2023-03-23,2024-07-09,256866.0,2024-07-09 01:44:12 UTC,,E,,Public,24 hours daily,0.0,2.0,0.0,,ChargePoint Network,http://www.chargepoint.com/,J1772,,,,,,False,,65501816,-122.0933193,37.4061495,94.97728325184553
ELEC,SHC PVG 2 & 3,200 Pasteur Dr,Palo Alto,CA,94304,,US,GPS,37.433622,-122.177596,2023-03-23,2024-07-09,256879.0,2024-07-09 01:51:24 UTC,,E,,Public,24 hours daily,0.0,2.0,0.0,,ChargePoint Network,http://www.chargepoint.com/,J1772,,,,,,False,,2733190240,-122.1770543,37.4332338,64.42809525481259
ELEC,SHC PVG 10 & 11,200 Pasteur Dr,Palo Alto,CA,94304,,US,GPS,37.43362,-122.177611,2023-03-23,2024-07-09,256880.0,2024-07-09 01:51:24 UTC,,E,,Public,24 hours daily,0.0,2.0,0.0,,ChargePoint Network,http://www.chargepoint.com/,J1772,,,,,,False,,2733190240,-122.1770543,37.4332338,65.27080762722628
ELEC,SHC PVG 14 & 15,200 Pasteur Dr,Palo Alto,CA,94304,,US,GPS,37.433611,-122.177602,2023-03-23,2024-07-09,256881.0,2024-07-09 01:51:24 UTC,,E,,Public,24 hours daily,0.0,2.0,0.0,,ChargePoint Network,http://www.chargepoint.com/,J1772,,,,,,False,,2733190240,-122.1770543,37.4332338,64.0143570925024
ELEC,SHC PVG 16,200 Pasteur Dr,Palo Alto,CA,94304,,US,GPS,37.433636,-122.177599,2023-03-23,2024-07-09,256882.0,2024-07-09 01:51:25 UTC,,E,,Public,24 hours daily,0.0,1.0,0.0,,ChargePoint Network,http://www.chargepoint.com/,J1772,,,,,,False,,2733190240,-122.1770543,37.4332338,65.67501062805106
ELEC,SHC PVG 12 & 13,200 Pasteur Dr,Palo Alto,CA,94304,,US,GPS,37.433621,-122.177581,2023-03-23,2024-07-09,256883.0,2024-07-09 01:51:25 UTC,,E,,Public,24 hours daily,0.0,2.0,0.0,,ChargePoint Network,http://www.chargepoint.com/,J1772,,,,,,False,,2733190240,-122.1770543,37.4332338,63.37548198353934
ELEC,SHC PVG 6 & 7,200 Pasteur Dr,Palo Alto,CA,94304,,US,GPS,37.433646,-122.177604,2023-03-23,2024-07-09,256884.0,2024-07-09 01:51:25 UTC,,E,,Public,24 hours daily,0.0,2.0,0.0,,ChargePoint Network,http://www.chargepoint.com/,J1772,,,,,,False,,2733190240,-122.1770543,37.4332338,66.75748834645529
ELEC,SHC PVG 4 & 5,200 Pasteur Dr,Palo Alto,CA,94304,,US,GPS,37.43364,-122.177591,2023-03-23,2024-07-09,256885.0,2024-07-09 01:51:25 UTC,,E,,Public,24 hours daily,0.0,2.0,0.0,,ChargePoint Network,http://www.chargepoint.com/,J1772,,,,,,False,,2733190240,-122.1770543,37.4332338,65.46558301455002
ELEC,SHC PVG 1,200 Pasteur Dr,Palo Alto,CA,94304,,US,GPS,37.433631,-122.177609,2023-03-23,2024-07-09,256886.0,2024-07-09 01:51:26 UTC,,E,,Public,24 hours daily,0.0,1.0,0.0,,ChargePoint Network,http://www.chargepoint.com/,J1772,,,,,,False,,2733190240,-122.1770543,37.4332338,65.95071874567473
ELEC,SHC PVG 8 & 9,200 Pasteur Dr,Palo Alto,CA,94304,,US,GPS,37.433632,-122.177585,2023-03-23,2024-07-09,256903.0,2024-07-09 01:52:17 UTC,,E,,Public,24 hours daily,0.0,2.0,0.0,,ChargePoint Network,http://www.chargepoint.com/,J1772,,,,,,False,,2733190240,-122.1770543,37.4332338,64.4689565361592
ELEC,ORACLE SCA SCA12-002,4140 Network Cir,Santa Clara,CA,95054,,US,GPS,37.395495,-121.954533,2023-03-24,2024-07-09,256947.0,2024-07-09 00:29:10 UTC,,E,,Public,Sat 12:00am - 12:00am; Sun 12:00am - 12:00am,0.0,2.0,0.0,,ChargePoint Network,http://www.chargepoint.com/,J1772,,,,,,False,,65533669,-121.9527767,37.3963519,182.07349544772194
ELEC,Raley's Fairfield Travis,3001 Travis Blvd,Fairfield,CA,94534,,US,GPS,38.257326,-122.065411,2023-03-30,2024-07-08,257386.0,2024-07-09 00:00:08 UTC,,E,,Public,24 hours daily,0.0,0.0,6.0,,eVgo Network,https://www.evgo.com/,J1772COMBO,,,,,,False,,62417244,-122.0650956,38.2582396,105.25433429140392
ELEC,1200 California Corporation,1200 California Street,San Francisco,CA,94109,,US,GPS,37.791743,-122.414455,2023-03-20,2024-07-09,257424.0,2024-07-09 00:19:40 UTC,,E,,Public,24 hours daily,0.0,2.0,0.0,,Blink Network,http://www.blinkcharging.com/,J1772,,,,,,False,,65295328,-122.4141223,37.7914195,46.353321618549074
ELEC,Page Street,333 Page Street,San Jose,CA,95126,,US,GPS,37.3225718,-121.9156718,2022-10-25,2024-07-09,257480.0,2024-07-09 00:04:09 UTC,,E,,Public,24 hours daily,0.0,2.0,0.0,,Blink Network,http://www.blinkcharging.com/,J1772,,,,,,False,,65585666,-121.9154883,37.3234136,94.99999806007077
ELEC,AMYS DRIVE THRU PARADISE DRIVE,5839 Paradise Dr,Corte Madera,CA,94925,,US,GPS,37.924384,-122.513035,2023-04-04,2024-07-09,257838.0,2024-07-09 01:15:42 UTC,,E,,Public,24 hours daily,0.0,2.0,0.0,,ChargePoint Network,http://www.chargepoint.com/,J1772,,,,,,False,,257876193,-122.5131758,37.9234551,104.02483252898597
ELEC,Hamilton Marketplace 01,5800 Nave Drive,Novato,CA,94947,,US,GPS,38.063409,-122.533784,2023-04-04,2024-06-23,257872.0,2024-06-23 03:15:33 UTC,,E,,Public,Mon 5:00am - 10:59pm; Tue 5:00am - 10:59pm; Wed 5:00am - 10:59pm; Thu 5:00am - 10:59pm; Fri 5:00am - 10:59pm; Sat 5:00am - 10:59pm; Sun 5:00am - 10:59pm,0.0,1.0,0.0,,Volta,https://voltacharging.com/,J1772,,,,,,False,,30033788,-122.535034,38.0633798,109.48206047638337
ELEC,ROLLING 1 ROLLING 1,3700 Lyon Rd,Fairfield,CA,94534,,US,GPS,38.29831,-122.03619,2023-04-05,2024-07-09,257897.0,2024-07-09 01:51:01 UTC,,E,,Public,24 hours daily,0.0,2.0,0.0,,ChargePoint Network,http://www.chargepoint.com/,J1772,,,,,,False,,62412840,-122.0372804,38.2989823,121.00720891137924
ELEC,ETM ETM L2 3,35463 Dumbarton Ct,Newark,CA,94560,,US,GPS,37.548005,-122.054335,2023-04-11,2024-07-09,258946.0,2024-07-09 01:50:16 UTC,,E,,Public,24 hours daily,0.0,2.0,0.0,,ChargePoint Network,http://www.chargepoint.com/,J1772,,,,,,False,,53128246,-122.0530819,37.5485631,126.71037086933842
ELEC,AWS SFO 061,25800 Clawiter Rd,Hayward,CA,94545,,US,GPS,37.6319742,-122.1165172,2022-12-27,2024-07-09,259043.0,2024-07-09 00:13:06 UTC,,E,,Public,24 hours daily,0.0,1.0,0.0,,Blink Network,http://www.blinkcharging.com/,J1772,,,,,,False,,1683572071,-122.1157439,37.6301044,218.78074548278468
ELEC,101 LOMBARD ST LEVIS RAPID 2,101 Lombard St,San Francisco,CA,94111,,US,GPS,37.803712,-122.404534,2023-04-13,2024-07-09,259246.0,2024-07-09 01:52:39 UTC,,E,,Public,24 hours daily,0.0,0.0,1.0,,ChargePoint Network,http://www.chargepoint.com/,CHADEMO J1772COMBO,,,,,,False,,612025486,-122.4049227,37.8029034,96.17933466574495
ELEC,101 LOMBARD ST LEVIS RAPID 1,101 Lombard St,San Francisco,CA,94111,,US,GPS,37.803712,-122.404469,2023-04-13,2024-07-09,259247.0,2024-07-09 01:52:39 UTC,,E,,Public,24 hours daily,0.0,0.0,1.0,,ChargePoint Network,http://www.chargepoint.com/,CHADEMO J1772COMBO,,,,,,False,,612025486,-122.4049227,37.8029034,98.35203060818081
ELEC,NVTA TRANCAS PNR 1,2000 Redwood Rd Solano ave,Napa,CA,94558,,US,GPS,38.321655,-122.31029,2023-04-14,2024-07-09,259309.0,2024-07-09 01:22:36 UTC,,E,,Public,24 hours daily,0.0,2.0,0.0,,ChargePoint Network,http://www.chargepoint.com/,J1772,,,,,,False,,272155439,-122.3103245,38.3210693,65.19646662629249
ELEC,5515 Automall Pkwy,5515 Automall Pkwy,Fremont,CA,94538,,US,GPS,37.505678,-121.972424,2023-04-15,2024-07-09,259501.0,2024-07-09 02:51:39 UTC,,E,,Public,24 hours daily,0.0,0.0,4.0,,EV Connect,http://evconnect.com/,CHADEMO J1772COMBO,,,,,,False,,5847849644,-121.9720674,37.5055371,35.141647814194265
ELEC,NICKEL & NICKEL NICKEL 2,8164 Saint Helena highway,Oakville,CA,94558,,US,GPS,38.443258,-122.407293,2023-04-20,2024-07-09,259637.0,2024-07-09 01:53:50 UTC,,E,,Public,24 hours daily,0.0,2.0,0.0,,ChargePoint Network,http://www.chargepoint.com/,J1772,,,,,,False,,55953303,-122.4027215,38.436744,826.5423332240057
ELEC,CHARGEPOINT ZNKR DC 1,2191 Zanker Road,San Jose,CA,95131,,US,GPS,37.37999,-121.916579,2023-04-20,2024-07-09,259638.0,2024-07-09 01:53:50 UTC,,E,,Public,24 hours daily,0.0,0.0,1.0,,ChargePoint Network,http://www.chargepoint.com/,J1772COMBO TESLA,,,,,,False,,759791396,-121.9167327,37.3807948,90.51441168221936
ELEC,"7097 - Morgan Hill, CA (18605 Monterey Road)",18605 Monterey Road,Morgan Hill,CA,95037,,US,GPS,37.144569,-121.665071,2023-04-21,2024-07-08,259711.0,2024-07-08 03:11:31 UTC,,E,,Public,24 hours daily,0.0,0.0,2.0,,BP_PULSE,https://www.bp.com/en_us/united-states/home/what-we-do/customers-and-products/bp-pulse/bp-pulse-products.html,CHADEMO J1772COMBO,,,,,,False,,3631952818,-121.6650695,37.1448956,36.3165577100864
ELEC,"BOA San Leandro Main CA4-111 (San Leandro, CA)",1400 E 14TH ST,San Leandro,CA,94577,,US,GPS,37.72408,-122.15392,2023-04-25,2024-07-09,259858.0,2024-07-09 02:36:46 UTC,,E,,Public,24 hours daily,0.0,0.0,4.0,,Electrify America,https://www.electrifyamerica.com/,CHADEMO J1772COMBO,,,,,,False,,53087542,-122.1538699,37.7235453,59.61907035263716
ELEC,FREEMAN TOYOTA CARPORT 1,2875 Corby Ave,Santa Rosa,CA,95407,,US,GPS,38.407754,-122.718421,2023-04-27,2024-07-09,259951.0,2024-07-09 01:54:11 UTC,,E,,Public,24 hours daily,0.0,2.0,0.0,,ChargePoint Network,http://www.chargepoint.com/,J1772,,,,,,False,,56036440,-122.7193317,38.406738,138.05823785492782
ELEC,FREEMAN TOYOTA MONUMENT,2875 Corby Ave,Santa Rosa,CA,95407,,US,GPS,38.407939,-122.718211,2023-04-27,2024-07-09,259952.0,2024-07-09 01:54:13 UTC,,E,,Public,24 hours daily,0.0,2.0,0.0,,ChargePoint Network,http://www.chargepoint.com/,J1772,,,,,,False,,56036440,-122.7193317,38.406738,165.4390549928542
ELEC,Alamo Plaza - Tesla Supercharger,870 Alamo Drive,Vacaville,CA,95688,,US,GPS,38.347242,-121.999146,2023-04-27,2023-07-01,259985.0,2023-07-14 19:41:28 UTC,P,E,,Public,24 hours daily,0.0,0.0,12.0,,Tesla,https://www.tesla.com/supercharger,TESLA,SHOPPING_CENTER,,,False,LD,False,,62240564,-121.9986588,38.3467168,72.21963458483097
ELEC,LANDSBY SOUTH B2-CHARGE-4,100 Aspen Way,Mountain View,CA,94040,,US,GPS,37.405717,-122.108733,2023-05-03,2024-07-09,260219.0,2024-07-09 01:39:12 UTC,,E,,Public,24 hours daily,0.0,1.0,0.0,,ChargePoint Network,http://www.chargepoint.com/,J1772,,,,,,False,,290554881,-122.1079025,37.4055407,75.93096371016763
ELEC,LANDSBY SOUTH B2-CHARGE-6,100 Aspen Way,Mountain View,CA,94040,,US,GPS,37.405714,-122.108756,2023-05-03,2024-07-09,260220.0,2024-07-09 01:40:19 UTC,,E,,Public,24 hours daily,0.0,2.0,0.0,,ChargePoint Network,http://www.chargepoint.com/,J1772,,,,,,False,,290554881,-122.1079025,37.4055407,77.81212593615112
ELEC,LANDSBY SOUTH B2-CHARGE 2,100 Aspen Way,Mountain View,CA,94040,,US,GPS,37.405683,-122.108664,2023-05-03,2024-07-09,260221.0,2024-07-09 01:40:20 UTC,,E,,Public,24 hours daily,0.0,2.0,0.0,,ChargePoint Network,http://www.chargepoint.com/,J1772,,,,,,False,,290554881,-122.1079025,37.4055407,69.09815221354536
ELEC,FOSTER SQUARE FOSTER SQUARE,780 Alma Lane,Foster City,CA,94404,,US,GPS,37.55977,-122.267282,2023-05-06,2024-07-09,260363.0,2024-07-09 00:41:21 UTC,,E,,Public,24 hours daily,0.0,2.0,0.0,,ChargePoint Network,http://www.chargepoint.com/,J1772,,,,,,False,,65482120,-122.2669905,37.5602577,60.009055683069285
ELEC,SSA 909 2,909 Shorepoint Ct,Alameda,CA,94501,,US,GPS,37.76427,-122.27099,2023-05-09,2024-07-09,260489.0,2024-07-09 01:51:47 UTC,,E,,Public,24 hours daily,0.0,2.0,0.0,,ChargePoint Network,http://www.chargepoint.com/,J1772,,,,,,False,,53017846,-122.2715211,37.7639686,57.46970933089016
ELEC,WinCo Foods - Vacaville #60,855 Davis St,Vacaville,CA,95687,,US,GPS,38.347194,-121.9844788,2023-05-09,2024-07-08,260519.0,2024-07-09 00:00:42 UTC,,E,,Public,24 hours daily,0.0,0.0,4.0,,eVgo Network,https://www.evgo.com/,CHADEMO J1772COMBO,,,,,,False,,62330422,-121.9863895,38.3483055,207.4582290683652
ELEC,TARGET T2771 STATION 1,2800 Dublin Blvd,Dublin,CA,94568,,US,GPS,37.702711,-121.852876,2023-05-10,2024-07-09,260526.0,2024-07-09 01:32:10 UTC,,E,,Public,Mon 7:00am - 12:00am; Tue 7:00am - 12:00am; Wed 7:00am - 12:00am; Thu 7:00am - 12:00am; Fri 7:00am - 12:00am; Sat 7:00am - 12:00am; Sun 7:00am - 12:00am,0.0,2.0,0.0,,ChargePoint Network,http://www.chargepoint.com/,J1772,,,,,,False,,263015960,-121.85395,37.7011387,198.7316466029841
ELEC,TARGET T2771 STATION 3,2800 Dublin Blvd,Dublin,CA,94568,,US,GPS,37.702907,-121.852702,2023-05-10,2024-07-09,260527.0,2024-07-09 01:32:11 UTC,,E,,Public,Mon 7:00am - 12:00am; Tue 7:00am - 12:00am; Wed 7:00am - 12:00am; Thu 7:00am - 12:00am; Fri 7:00am - 12:00am; Sat 7:00am - 12:00am; Sun 7:00am - 12:00am,0.0,1.0,0.0,,ChargePoint Network,http://www.chargepoint.com/,J1772,,,,,,False,,659019177,-121.8505405,37.702577,193.67008129823887
ELEC,TARGET T2771 STATION 2,2800 Dublin Blvd,Dublin,CA,94568,,US,GPS,37.702848,-121.85282,2023-05-10,2024-07-09,260528.0,2024-07-09 01:32:24 UTC,,E,,Public,Mon 7:00am - 12:00am; Tue 7:00am - 12:00am; Wed 7:00am - 12:00am; Thu 7:00am - 12:00am; Fri 7:00am - 12:00am; Sat 7:00am - 12:00am; Sun 7:00am - 12:00am,0.0,1.0,0.0,,ChargePoint Network,http://www.chargepoint.com/,J1772,,,,,,False,,659019177,-121.8505405,37.702577,202.79478845781117
ELEC,STANFORD – 3215 SRP HUB 4,3215 Porter Dr,Palo Alto,CA,94304,,US,GPS,37.408982,-122.147689,2023-05-10,2024-07-09,260533.0,2024-07-09 01:36:15 UTC,,E,,Public,Mon 7:00am - 6:00pm; Tue 7:00am - 6:00pm; Wed 7:00am - 6:00pm; Thu 7:00am - 6:00pm; Fri 7:00am - 6:00pm,0.0,2.0,0.0,,ChargePoint Network,http://www.chargepoint.com/,J1772,,,,,,False,,65447909,-122.1472192,37.4090275,41.802097833470405
ELEC,OLLV-EV1 STATION 1,389 East Santa Clara Street,San Jose,CA,95113,,US,GPS,37.34016,-121.88275,2023-05-10,2024-07-09,260577.0,2024-07-09 01:54:34 UTC,,E,,Public,24 hours daily,0.0,1.0,0.0,,ChargePoint Network,http://www.chargepoint.com/,J1772,,,,,,False,,65476775,-121.8821018,37.3402002,57.47850099420182
ELEC,OLLV-EV1 STATION 2,389 East Santa Clara Street,San Jose,CA,95113,,US,GPS,37.340126,-121.88275,2023-05-10,2024-07-09,260578.0,2024-07-09 01:54:34 UTC,,E,,Public,24 hours daily,0.0,2.0,0.0,,ChargePoint Network,http://www.chargepoint.com/,J1772,,,,,,False,,65476775,-121.8821018,37.3402002,57.89535323208908
ELEC,101 CAL PARKING LL1-3,101 California St,San Francisco,CA,94111,,US,GPS,37.793172,-122.398296,2023-05-17,2024-07-09,260911.0,2024-07-09 01:51:52 UTC,,E,,Public,24 hours daily,0.0,1.0,0.0,,ChargePoint Network,http://www.chargepoint.com/,J1772,,,,,,False,,65295278,-122.3988009,37.7933647,49.26868526020608
ELEC,YMCA- Ace Parking Garage,2353 Webster St,Oakland,CA,94612,,US,GPS,37.81267929,-122.2650681,2023-05-16,2024-07-09,260949.0,2024-07-09 00:14:46 UTC,,E,,Public,24 hours daily,0.0,1.0,0.0,,Blink Network,http://www.blinkcharging.com/,J1772,,,,,,False,,53032648,-122.264919,37.8132898,69.1377082795295
ELEC,"7126 - Oakley, CA (5540 Bridgehead Road)",5540 Bridgehead Road,Oakley,CA,94561,,US,GPS,38.005532,-121.750414,2023-05-19,2024-07-08,261092.0,2024-07-08 03:11:31 UTC,,E,,Public,24 hours daily,0.0,0.0,2.0,,BP_PULSE,https://www.bp.com/en_us/united-states/home/what-we-do/customers-and-products/bp-pulse/bp-pulse-products.html,J1772COMBO,,,,,,False,,57829995,-121.7508231,38.0051506,55.52817847751544
ELEC,3333 Fruitvale Ave,3333 Fruitvale Ave,Oakland,CA,94602,,US,GPS,37.799268,-122.216992,2023-05-19,2024-07-08,261101.0,2024-07-09 00:00:40 UTC,,E,,Public,24 hours daily,0.0,0.0,8.0,,eVgo Network,https://www.evgo.com/,J1772COMBO,,,,,,False,,53041339,-122.216617,37.7992362,33.1375389686831
ELEC,ZO STATION 3,330 17th St,Oakland,CA,94612,,US,GPS,37.805801,-122.26676,2023-05-20,2024-07-09,261106.0,2024-07-09 01:00:22 UTC,,E,,Public,24 hours daily,0.0,2.0,0.0,,ChargePoint Network,http://www.chargepoint.com/,J1772,,,,,,False,,246806704,-122.2673498,37.8057097,52.80174373628829
ELEC,ZO STATION 01,330 17th St,Oakland,CA,94612,,US,GPS,37.805733,-122.266824,2023-05-20,2024-07-09,261107.0,2024-07-09 01:00:22 UTC,,E,,Public,24 hours daily,0.0,2.0,0.0,,ChargePoint Network,http://www.chargepoint.com/,J1772,,,,,,False,,246806704,-122.2673498,37.8057097,46.26651915085323
ELEC,ZO STATION 2,1710 Webster St,Oakland,CA,94612,,US,GPS,37.805843,-122.266803,2023-05-20,2024-07-09,261108.0,2024-07-09 01:00:22 UTC,,E,,Public,24 hours daily,0.0,2.0,0.0,,ChargePoint Network,http://www.chargepoint.com/,J1772,,,,,,False,,246806704,-122.2673498,37.8057097,50.27355116894178
ELEC,Orion Alternative School,555 Ave Del Ora,Redwood City,CA,94062,,US,GPS,37.474674,-122.240759,2023-05-26,2024-07-09,261415.0,2024-07-09 02:31:24 UTC,,E,,Public,24 hours daily,0.0,4.0,0.0,,SHELL_RECHARGE,https://www.shell.us/motorist/electric-vehicle-charging.html,J1772,,,,,,False,,65419760,-122.2418636,37.4749665,102.76029742532143
ELEC,ANTON NOMA STATION 3&4,1910 N Main St,Walnut Creek,CA,94596,,US,GPS,37.905184,-122.063455,2023-05-27,2024-07-09,261498.0,2024-07-09 01:45:11 UTC,,E,,Public,24 hours daily,0.0,2.0,0.0,,ChargePoint Network,http://www.chargepoint.com/,J1772,,,,,,False,,57851933,-122.0636916,37.9050452,25.867254567448683
ELEC,SSA SOUTHSHORE APT1,934 Shorepoint Ct,Alameda,CA,94501,,US,GPS,37.7635,-122.270676,2023-05-28,2024-07-09,261579.0,2024-07-09 01:51:23 UTC,,E,,Public,24 hours daily,0.0,2.0,0.0,,ChargePoint Network,http://www.chargepoint.com/,J1772,,,,,,False,,53017846,-122.2715211,37.7639686,90.74003654083161
ELEC,SSA SOUTHSHORE APT3,934 Shorepoint Ct,Alameda,CA,94501,,US,GPS,37.763596,-122.27061,2023-05-28,2024-07-09,261580.0,2024-07-09 01:51:23 UTC,,E,,Public,24 hours daily,0.0,2.0,0.0,,ChargePoint Network,http://www.chargepoint.com/,J1772,,,,,,False,,53017846,-122.2715211,37.7639686,90.17157955754284
ELEC,SSA SOUTHSHORE APT4,934 Shorepoint,"Alameda, CA",CA,94501,,US,GPS,37.76377,-122.27062,2023-05-28,2024-07-09,261581.0,2024-07-09 01:51:23 UTC,,E,,Public,24 hours daily,0.0,2.0,0.0,,ChargePoint Network,http://www.chargepoint.com/,J1772,,,,,,False,,53017846,-122.2715211,37.7639686,82.23131614014306
ELEC,SSA SOUTHSHORE APT2,934 Shorepoint Ct,Alameda,CA,94501,,US,GPS,37.76352,-122.27077,2023-05-28,2024-07-09,261582.0,2024-07-09 01:51:23 UTC,,E,,Public,24 hours daily,0.0,2.0,0.0,,ChargePoint Network,http://www.chargepoint.com/,J1772,,,,,,False,,53017846,-122.2715211,37.7639686,82.7498115442048
ELEC,SSA SOUTHSHORE APT6,909 Shorepoint Ct,Alameda,CA,94501,,US,GPS,37.764175,-122.270996,2023-05-28,2024-07-09,261583.0,2024-07-09 01:51:27 UTC,,E,,Public,24 hours daily,0.0,2.0,0.0,,ChargePoint Network,http://www.chargepoint.com/,J1772,,,,,,False,,53017846,-122.2715211,37.7639686,51.54933076415286
ELEC,SSA SOUTHSHORE APT,909 Shorepoint Ct,Alameda,CA,94501,,US,GPS,37.764297,-122.27099,2023-05-28,2024-07-09,261584.0,2024-07-09 01:51:27 UTC,,E,,Public,24 hours daily,0.0,2.0,0.0,,ChargePoint Network,http://www.chargepoint.com/,J1772,,,,,,False,,53017846,-122.2715211,37.7639686,59.27071337344153
ELEC,SSA SOUTHSHORE APT5,909 Shorepoint Ct,Alameda,CA,94501,,US,GPS,37.76414,-122.27101,2023-05-28,2024-07-09,261585.0,2024-07-09 01:51:27 UTC,,E,,Public,24 hours daily,0.0,2.0,0.0,,ChargePoint Network,http://www.chargepoint.com/,J1772,,,,,,False,,53017846,-122.2715211,37.7639686,48.8031231954864
ELEC,SAN JOSE 37 FIRE ST 1,2191 Lincoln Ave,San Jose,CA,95125,,US,GPS,37.29059,-121.888892,2023-05-31,2024-07-09,261625.0,2024-07-09 01:37:12 UTC,,E,,Public,24 hours daily,0.0,1.0,0.0,,ChargePoint Network,http://www.chargepoint.com/,J1772,,,,,,False,,65542548,-121.8882885,37.2907203,55.31895375769655
ELEC,SAN JOSE 37 FIRE ST 2,2191 Lincoln Ave,San Jose,CA,95125,,US,GPS,37.290077,-121.889362,2023-05-31,2024-07-09,261626.0,2024-07-09 01:37:12 UTC,,E,,Public,24 hours daily,0.0,2.0,0.0,,ChargePoint Network,http://www.chargepoint.com/,J1772,,,,,,False,,288063794,-121.8895115,37.2891957,98.88465293886112
ELEC,Oakland International Airport - Premier Lot,1 Airport Dr,Oakland,CA,94621,,US,GPS,37.71304070622014,-122.2116330601883,2023-05-30,2023-06-12,261669.0,2024-01-31 22:07:01 UTC,LG,E,,Public,24 hours daily; pay lot,0.0,16.0,0.0,,Non-Networked,,J1772,AIRPORT,Free,,False,LD,False,,53155127,-122.2137133,37.7145202,246.06533918713617
ELEC,SUTTER HEALTH SMP VALLEJO 1,100 Hospital Dr,Vallejo,CA,94589,,US,GPS,38.13146,-122.240549,2023-06-01,2024-07-09,261708.0,2024-07-09 01:54:24 UTC,,E,,Public,24 hours daily,0.0,2.0,0.0,,ChargePoint Network,http://www.chargepoint.com/,J1772,,,,,,False,,62403371,-122.240603,38.130839,69.21349057784036
ELEC,SUTTER HEALTH SMP VALLEJO 2,100 Hospital Dr,Vallejo,CA,94589,,US,GPS,38.131426,-122.240474,2023-06-01,2024-07-09,261709.0,2024-07-09 01:54:24 UTC,,E,,Public,24 hours daily,0.0,2.0,0.0,,ChargePoint Network,http://www.chargepoint.com/,J1772,,,,,,False,,62403371,-122.240603,38.130839,66.23955958919136
ELEC,SUTTER HEALTH SMP VALLEJO 3,100 Hospital Dr,Vallejo,CA,94589,,US,GPS,38.131375,-122.240517,2023-06-01,2024-07-09,261710.0,2024-07-09 01:54:24 UTC,,E,,Public,24 hours daily,0.0,2.0,0.0,,ChargePoint Network,http://www.chargepoint.com/,J1772,,,,,,False,,62403371,-122.240603,38.130839,60.073363611420746
ELEC,LPCH MAIN EV 8,725 Welch Rd,Palo Alto,CA,94304,,US,GPS,37.436317,-122.173087,2023-06-02,2024-07-09,261756.0,2024-07-09 00:44:09 UTC,,E,,Public,24 hours daily,0.0,1.0,0.0,,ChargePoint Network,http://www.chargepoint.com/,J1772,,,,,,False,,2393501814,-122.1724854,37.4367382,70.81600201317609
ELEC,LPCH MAIN EV 5,725 Welch Rd,Palo Alto,CA,94304,,US,GPS,37.436343,-122.173091,2023-06-02,2024-07-09,261757.0,2024-07-09 00:44:09 UTC,,E,,Public,24 hours daily,0.0,1.0,0.0,,ChargePoint Network,http://www.chargepoint.com/,J1772,,,,,,False,,2393501814,-122.1724854,37.4367382,69.21052894862464
ELEC,LPCH MAIN EV 6 & 7,725 Welch Rd,Palo Alto,CA,94304,,US,GPS,37.436331,-122.173088,2023-06-02,2024-07-09,261758.0,2024-07-09 00:44:11 UTC,,E,,Public,24 hours daily,0.0,2.0,0.0,,ChargePoint Network,http://www.chargepoint.com/,J1772,,,,,,False,,2393501814,-122.1724854,37.4367382,69.86341075911804
ELEC,LPCH MAIN EV 11,725 Welch Rd,Palo Alto,CA,94304,,US,GPS,37.436289,-122.173089,2023-06-02,2024-07-09,261759.0,2024-07-09 00:44:44 UTC,,E,,Public,24 hours daily,0.0,1.0,0.0,,ChargePoint Network,http://www.chargepoint.com/,J1772,,,,,,False,,2393501814,-122.1724854,37.4367382,73.04129897143623
ELEC,LPCH MAIN EV 1 & 2,725 Welch Rd,Palo Alto,CA,94304,,US,GPS,37.436328,-122.173066,2023-06-02,2024-07-09,261760.0,2024-07-09 00:44:47 UTC,,E,,Public,24 hours daily,0.0,2.0,0.0,,ChargePoint Network,http://www.chargepoint.com/,J1772,,,,,,False,,2393501814,-122.1724854,37.4367382,68.61703220189231
ELEC,LPCH MAIN EV 9 & 10,725 Welch Rd,Palo Alto,CA,94304,,US,GPS,37.436302,-122.173088,2023-06-02,2024-07-09,261761.0,2024-07-09 00:44:48 UTC,,E,,Public,24 hours daily,0.0,2.0,0.0,,ChargePoint Network,http://www.chargepoint.com/,J1772,,,,,,False,,2393501814,-122.1724854,37.4367382,71.99522115170498
ELEC,LPCH MAIN EV 3 & 4,725 Welch Rd,Palo Alto,CA,94304,,US,GPS,37.436392,-122.173091,2023-06-02,2024-07-09,261762.0,2024-07-09 00:44:48 UTC,,E,,Public,24 hours daily,0.0,2.0,0.0,,ChargePoint Network,http://www.chargepoint.com/,J1772,,,,,,False,,2393501814,-122.1724854,37.4367382,65.88562849336999
ELEC,SHC HPG STF 12&13,217 Quarry Rd,Palo Alto,CA,94304,,US,GPS,37.44106,-122.169544,2023-06-02,2024-07-09,261769.0,2024-07-09 01:46:42 UTC,,E,,Public,24 hours daily,0.0,2.0,0.0,,ChargePoint Network,http://www.chargepoint.com/,J1772,,,,,,False,,65476293,-122.1688169,37.4424292,165.22782842939066
ELEC,SHC HPG STF 11,217 Quarry Rd,Palo Alto,CA,94304,,US,GPS,37.441002,-122.169375,2023-06-02,2024-07-09,261770.0,2024-07-09 01:46:43 UTC,,E,,Public,24 hours daily,0.0,1.0,0.0,,ChargePoint Network,http://www.chargepoint.com/,J1772,,,,,,False,,65476293,-122.1688169,37.4424292,166.17068333106147
ELEC,SHC HPG STF 7&8,217 Quarry Rd,Palo Alto,CA,94304,,US,GPS,37.440873,-122.168953,2023-06-02,2024-07-09,261771.0,2024-07-09 01:46:43 UTC,,E,,Public,24 hours daily,0.0,2.0,0.0,,ChargePoint Network,http://www.chargepoint.com/,J1772,,,,,,False,,65476293,-122.1688169,37.4424292,173.45846214291637
ELEC,SHC HPG STF 9&10,217 Quarry Rd,Palo Alto,CA,94304,,US,GPS,37.441084,-122.169527,2023-06-02,2024-07-09,261772.0,2024-07-09 01:46:43 UTC,,E,,Public,24 hours daily,0.0,2.0,0.0,,ChargePoint Network,http://www.chargepoint.com/,J1772,,,,,,False,,65476293,-122.1688169,37.4424292,162.18605335465497
ELEC,SHC HPG STF 14&15,217 Quarry Rd,Palo Alto,CA,94304,,US,GPS,37.44101,-122.169418,2023-06-02,2024-07-09,261773.0,2024-07-09 01:46:44 UTC,,E,,Public,24 hours daily,0.0,2.0,0.0,,ChargePoint Network,http://www.chargepoint.com/,J1772,,,,,,False,,65476293,-122.1688169,37.4424292,166.49222324203785
ELEC,50 Park Place,50 Park Pl,Brisbane,CA,94005,,US,GPS,37.68682,-122.40301,2023-03-19,2023-06-12,261819.0,2024-07-08 17:47:29 UTC,LG,E,,Public,24 hours daily,0.0,7.0,0.0,,CHARGIE,https://chargie.com/,J1772,MUNI_GOV,,,False,LD,False,,5433392625,-122.402755,37.6873244,60.40886811981404
ELEC,475 Mission Blue Drive,475 Mission Blue Dr,Brisbane,CA,94005,,US,GPS,37.69283,-122.41463,2023-03-19,2023-06-12,261821.0,2024-01-31 22:07:01 UTC,LG,E,,Public,24 hours daily,0.0,10.0,0.0,,CHARGIE,https://chargie.com/,J1772,MUNI_GOV,,,False,LD,False,,65424500,-122.4122733,37.6921807,219.5733242941113
ELEC,Quality Inn Petaluma Station,5100 Montero Way,Petaluma,CA,94954,,US,200-8,38.27494,-122.67035,2023-03-23,2023-06-12,261823.0,2024-01-31 22:07:01 UTC,P,E,,Public - Credit card at all times,24 hours daily; for hotel guest use only,0.0,8.0,0.0,,EV Connect,http://evconnect.com/,J1772,HOTEL,,,True,LD,False,,413308930,-122.6711527,38.2745457,82.65715963443284
ELEC,CHARGEPOINT 240-02-AC-6KADA,240 E Hacienda Ave,Campbell,CA,95008,,US,GPS,37.266786,-121.956809,2023-06-03,2024-07-09,261858.0,2024-07-09 01:55:33 UTC,,E,,Public,24 hours daily,0.0,2.0,0.0,,ChargePoint Network,http://www.chargepoint.com/,J1772,,,,,,False,,65433443,-121.9583942,37.2663477,148.50278822153314
ELEC,CHARGEPOINT 240-01-AC-CP6K,240 East Hacienda Avenue,Campbell,CA,95008,,US,GPS,37.266756,-121.95675,2023-06-03,2024-07-09,261859.0,2024-07-09 01:55:34 UTC,,E,,Public,24 hours daily,0.0,2.0,0.0,,ChargePoint Network,http://www.chargepoint.com/,J1772,,,,,,False,,65613603,-121.9570661,37.2654181,151.37486689847796
ELEC,Intelsat - Napa,961 Anselmo Ct,Napa,CA,94558,,US,GPS,38.2461971,-122.2783352,2023-03-31,2023-06-12,262084.0,2024-01-31 22:07:01 UTC,P,E,,Public - Credit card at all times,Contact station for hours of availability,0.0,4.0,0.0,,AMPUP,https://ampup.io/,J1772,OTHER,,,False,LD,False,,385276601,-122.2794175,38.2461723,94.55527814222049
ELEC,Wine Country Inn & Cottages - Napa Valley,1152 Lodi Ln,St Helena,CA,94574,,US,GPS,38.5260704,-122.4948827,2023-04-13,2023-06-12,262087.0,2024-01-31 22:07:01 UTC,P,E,,Public - Credit card at all times,Contact station for hours of availability,0.0,2.0,0.0,,AMPUP,https://ampup.io/,J1772,HOTEL,,,True,LD,False,,623727864,-122.4981722,38.5259362,286.5449091785503
ELEC,CITY HALL COSP 03,1000 Gateway Ave,San Pablo,CA,94806,,US,GPS,37.955616,-122.339756,2023-06-06,2024-07-09,262245.0,2024-07-09 01:10:24 UTC,,E,,Public,Mon 6:00pm - 12:00am; Tue 6:00pm - 12:00am; Wed 6:00pm - 12:00am; Thu 6:00pm - 12:00am; Fri 6:00pm - 12:00am; Sat 6:00pm - 12:00am; Sun 6:00pm - 12:00am,0.0,2.0,0.0,,ChargePoint Network,http://www.chargepoint.com/,J1772,,,,,,False,,10732183341,-122.3391914,37.9552765,62.25399588204502
ELEC,CITY HALL CH NORTH 4,485 Grove St,Healdsburg,CA,95448,,US,GPS,38.613021,-122.873792,2023-06-07,2024-07-09,262261.0,2024-07-09 00:52:15 UTC,,E,,Public,24 hours daily,0.0,2.0,0.0,,ChargePoint Network,http://www.chargepoint.com/,J1772,,,,,,False,,56125542,-122.8720842,38.6132675,150.8930896985875
ELEC,Citrus Marketplace - Tesla Supercharger,2290 Oak Grove Rd,Walnut Creek,CA,94598,,US,GPS,37.930066,-122.014754,2023-06-08,2023-07-01,262474.0,2023-07-14 19:41:28 UTC,P,E,,Public,24 hours daily,0.0,0.0,12.0,,Tesla,https://www.tesla.com/supercharger,TESLA,SHOPPING_CENTER,,,False,LD,False,,57806467,-122.0143055,37.9301008,39.52618920862892
ELEC,Front Parking lot HC Stall,2585 E. Bayshore Road,Palo Alto,CA,94303,,US,GPS,37.4465088,-122.1179149,2022-12-22,2024-07-09,262512.0,2024-07-09 00:13:13 UTC,,E,,Public,24 hours daily,0.0,1.0,0.0,,Blink Network,http://www.blinkcharging.com/,J1772,,,,,,False,,323497485,-122.1188816,37.4453295,156.45701814942683
ELEC,Front Parking Lot South,2585 E. Bayshore Road,Palo Alto,CA,94303,,US,GPS,37.4465088,-122.1179149,2022-12-22,2024-07-09,262513.0,2024-07-09 00:13:13 UTC,,E,,Public,24 hours daily,0.0,1.0,0.0,,Blink Network,http://www.blinkcharging.com/,J1772,,,,,,False,,323497485,-122.1188816,37.4453295,156.45701814942683
ELEC,1900 ADLP 1 ADA STALL,1900 Alameda de las Pulgas,San Mateo,CA,94403,,US,GPS,37.545743,-122.32274,2023-06-10,2024-07-09,262529.0,2024-07-09 01:56:38 UTC,,E,,Public,24 hours daily,0.0,2.0,0.0,,ChargePoint Network,http://www.chargepoint.com/,J1772,,,,,,False,,771143526,-122.3223465,37.5465839,99.7322253191376
ELEC,PINOLE SFTY BLD CITY OF PINOLE,836 Tennent Ave.,Pinole,CA,94564,,US,GPS,38.004442,-122.290582,2023-06-14,2024-07-09,262654.0,2024-07-09 01:56:06 UTC,,E,,Public,24 hours daily,0.0,2.0,0.0,,ChargePoint Network,http://www.chargepoint.com/,J1772,,,,,,False,,57815765,-122.290449,38.0049039,52.66638531204041
ELEC,NORTHPARK EQ 750 FRONT S-1,16 Front St,San Francisco,CA,94111,,US,GPS,37.798193,-122.399652,2023-06-14,2024-07-09,262677.0,2024-07-09 01:56:56 UTC,,E,,Public,24 hours daily,0.0,0.0,1.0,,ChargePoint Network,http://www.chargepoint.com/,CHADEMO J1772COMBO,,,,,,False,,65327384,-122.3996863,37.797807,43.02697685169075
ELEC,NORTHPARK EQ 750 FRONT S-2,750 Front St,San Francisco,CA,94111,,US,GPS,37.798203,-122.399641,2023-06-14,2024-07-09,262686.0,2024-07-09 01:57:04 UTC,,E,,Public,24 hours daily,0.0,0.0,1.0,,ChargePoint Network,http://www.chargepoint.com/,CHADEMO J1772COMBO,,,,,,False,,65327384,-122.3996863,37.797807,44.212776304797096
ELEC,HUDSON PACIFIC 1455 DOCK 1,1455 Market St,San Francisco,CA,94103,,US,GPS,37.775497,-122.41808,2023-06-15,2024-07-09,262721.0,2024-07-09 01:18:01 UTC,,E,,Public,24 hours daily,0.0,1.0,0.0,,ChargePoint Network,http://www.chargepoint.com/,J1772,,,,,,False,,1723738832,-122.4186749,37.7755496,52.61215217639831
ELEC,233 E GRAND NEXUS PG-L3.2,328 Roebling Rd,South San Francisco,CA,94080,,US,GPS,37.65527,-122.39667,2023-06-16,2024-07-09,262784.0,2024-07-09 01:53:49 UTC,,E,,Public,24 hours daily,0.0,2.0,0.0,,ChargePoint Network,http://www.chargepoint.com/,J1772,,,,,,False,,361134980,-122.3967637,37.655919,72.6354999068119
ELEC,233 E GRAND NEXUS PG-L1.4,328 Roebling Rd,South San Francisco,CA,94080,,US,GPS,37.655669,-122.396391,2023-06-17,2024-07-09,262831.0,2024-07-09 01:53:49 UTC,,E,,Public,24 hours daily,0.0,1.0,0.0,,ChargePoint Network,http://www.chargepoint.com/,J1772,,,,,,False,,361134980,-122.3967637,37.655919,43.00292402231776
ELEC,MINETA SJC A3,2075 Airport Blvd,San Jose,CA,95110,,US,GPS,37.369491,-121.92826,2023-06-22,2024-07-09,264589.0,2024-07-09 00:32:28 UTC,,E,,Public,24 hours daily,0.0,2.0,0.0,,ChargePoint Network,http://www.chargepoint.com/,J1772,,,,,,False,,1102406257,-121.9276753,37.3682898,143.21371806389672
ELEC,SAN JOSE CSY STATION 3,1661 Senter Rd,San Jose,CA,95112,,US,GPS,37.318596,-121.860008,2023-06-22,2024-07-09,265262.0,2024-07-09 00:36:01 UTC,,E,,Public,24 hours daily,0.0,2.0,0.0,,ChargePoint Network,http://www.chargepoint.com/,J1772,,,,,,False,,65500764,-121.8586738,37.3182385,124.50156643508993
ELEC,MINETA SJC B5,1661 Airport Blvd,San Jose,CA,95110,,US,GPS,37.363164,-121.922069,2023-06-22,2024-07-09,265305.0,2024-07-09 00:36:15 UTC,,E,,Public,24 hours daily,0.0,2.0,0.0,,ChargePoint Network,http://www.chargepoint.com/,J1772,,,,,,False,,5662526867,-121.9209371,37.3641642,149.58697625310882
ELEC,HARBOR BAY 1420 #1,1420 Harbor Bay Pkwy,Alameda,CA,94502,,US,GPS,37.723941,-122.238151,2023-06-22,2024-07-09,266033.0,2024-07-09 00:38:28 UTC,,E,,Public,Sat 12:00am - 12:00am; Sun 12:00am - 12:00am,0.0,2.0,0.0,,ChargePoint Network,http://www.chargepoint.com/,J1772,,,,,,False,,53084632,-122.2385879,37.7253589,162.2785272427207
ELEC,PANWEV P1 4 39,2910 Tannery Way,Santa Clara,CA,95054,,US,GPS,37.383887,-121.98139,2023-06-22,2024-07-09,266764.0,2024-07-09 00:41:11 UTC,,E,,Public,24 hours daily,0.0,2.0,0.0,,ChargePoint Network,http://www.chargepoint.com/,J1772,,,,,,False,,65475980,-121.9795435,37.3842866,169.08784586332814
ELEC,HARBOR BAY 1420 #2,1420 Harbor Bay Pkwy,Alameda,CA,94502,,US,GPS,37.723899,-122.238151,2023-06-22,2024-07-09,267825.0,2024-07-09 00:43:23 UTC,,E,,Public,Sat 12:00am - 12:00am; Sun 12:00am - 12:00am,0.0,2.0,0.0,,ChargePoint Network,http://www.chargepoint.com/,J1772,,,,,,False,,53084632,-122.2385879,37.7253589,166.81957362924507
ELEC,SAN JOSE CSY STATION 1,1661 Senter Rd,San Jose,CA,95112,,US,GPS,37.318857,-121.860486,2023-06-22,2024-07-09,268938.0,2024-07-09 00:45:27 UTC,,E,,Public,24 hours daily,0.0,2.0,0.0,,ChargePoint Network,http://www.chargepoint.com/,J1772,,,,,,False,,65500764,-121.8586738,37.3182385,174.3886333801731
ELEC,SAN JOSE CSY STATION 2,1661 Senter Rd,San Jose,CA,95112,,US,GPS,37.318596,-121.860105,2023-06-22,2024-07-09,268997.0,2024-07-09 00:45:31 UTC,,E,,Public,24 hours daily,0.0,2.0,0.0,,ChargePoint Network,http://www.chargepoint.com/,J1772,,,,,,False,,65500764,-121.8586738,37.3182385,132.6586648944441
ELEC,BLVD MASTER DOWNING 2,5711 Greige Cir,Dublin,CA,94568,,US,GPS,37.709593,-121.894116,2023-06-22,2024-07-09,269849.0,2024-07-09 00:47:53 UTC,,E,,Public,24 hours daily,0.0,2.0,0.0,,ChargePoint Network,http://www.chargepoint.com/,J1772,,,,,,False,,7472395484,-121.8939178,37.7098734,35.722945319152934
ELEC,"Albertsons-Safeway 0998 (Healdsburg, CA)",1115 Vine St,Healdsburg,CA,95448,,US,GPS,38.60976,-122.87287,2023-06-22,2024-07-09,279332.0,2024-07-09 02:36:24 UTC,,E,,Public,24 hours daily,0.0,0.0,4.0,,Electrify America,https://www.electrifyamerica.com/,CHADEMO J1772COMBO,,,,,,False,,56035124,-122.8725521,38.6099837,37.17140480719812
ELEC,"Citivest Rossmoor SC (Walnut Creek, CA)",1908 Tice Valley Blvd,Walnut Creek,CA,94595,,US,GPS,37.87853,-122.0731,2023-06-22,2024-07-09,279339.0,2024-07-09 02:36:40 UTC,,E,,Public,24 hours daily,0.0,0.0,4.0,,Electrify America,https://www.electrifyamerica.com/,CHADEMO J1772COMBO,,,,,,False,,4584389210,-122.0738291,37.8776829,113.87428761583672
ELEC,Harrison Street Flagship,928 Harrison Street,San Francisco,CA,94107,,US,GPS,37.77856,-122.40272,2023-06-22,2024-07-09,279342.0,2024-07-09 02:35:22 UTC,,E,,Public,24 hours daily,0.0,0.0,20.0,,Electrify America,https://www.electrifyamerica.com/,CHADEMO J1772COMBO,,,,,,False,,65317717,-122.4023944,37.7786114,29.181134241445065
ELEC,"Albertsons Safeway 0955 (Concord, CA)",2600 Willow Pass Rd,Concord,CA,94519,,US,GPS,37.97854,-122.02904,2023-06-22,2024-07-09,279343.0,2024-07-09 02:36:18 UTC,,E,,Public,24 hours daily,0.0,0.0,4.0,,Electrify America,https://www.electrifyamerica.com/,J1772COMBO,,,,,,False,,5342209264,-122.0295529,37.9785103,45.07609492591203
ELEC,"BOA CA4-107 (Pittsburg, CA)",2501 Railroad Ave,Pittsburg,CA,94565,,US,GPS,38.01162,-121.89038,2023-06-22,2024-07-09,279353.0,2024-07-09 02:37:23 UTC,,E,,Public,24 hours daily,0.0,0.0,4.0,,Electrify America,https://www.electrifyamerica.com/,J1772COMBO,,,,,,False,,2565663257,-121.8911552,38.0121385,89.08652432848179
ELEC,"Almaden Ranch Marketplace (San Jose, CA)",5185 Cherry Ave,San Jose,CA,95118,,US,GPS,37.25914,-121.87151,2023-06-22,2024-07-09,279408.0,2024-07-09 02:37:09 UTC,,E,,Public,24 hours daily,0.0,0.0,6.0,,Electrify America,https://www.electrifyamerica.com/,J1772COMBO,,,,,,False,,65565250,-121.8718897,37.2616419,280.22106716729456
ELEC,17TH & BROADWAY STATION L2,447 17th St,Oakland,CA,94612,,US,GPS,37.806194,-122.269435,2023-06-23,2024-07-09,279888.0,2024-07-09 01:03:00 UTC,,E,,Public,24 hours daily,0.0,2.0,0.0,,ChargePoint Network,http://www.chargepoint.com/,J1772,,,,,,False,,2389008475,-122.2699674,37.8062822,47.79057750425908
ELEC,17TH & BROADWAY STATION L3 - 2,447 17th St,Oakland,CA,94612,,US,GPS,37.806171,-122.269445,2023-06-23,2024-07-09,279902.0,2024-07-09 01:03:01 UTC,,E,,Public,24 hours daily,0.0,2.0,0.0,,ChargePoint Network,http://www.chargepoint.com/,J1772,,,,,,False,,2389008475,-122.2699674,37.8062822,47.53138490742247
ELEC,17TH & BROADWAY STATION L3 - 4,447 17th St,Oakland,CA,94612,,US,GPS,37.806213,-122.269427,2023-06-23,2024-07-09,280728.0,2024-07-09 01:03:52 UTC,,E,,Public,24 hours daily,0.0,2.0,0.0,,ChargePoint Network,http://www.chargepoint.com/,J1772,,,,,,False,,2389008475,-122.2699674,37.8062822,48.09577482576521
ELEC,8X8 EV STATIONS STATION 4,675 Creekside Way,Campbell,CA,95008,,US,GPS,37.292397,-121.936278,2023-06-23,2024-07-09,283649.0,2024-07-09 01:09:02 UTC,,E,,Public,Mon 12:00am - 12:00am; Tue 12:00am - 12:00am; Wed 12:00am - 12:00am; Thu 12:00am - 12:00am; Fri 12:00am - 12:00am; Sat 12:00am - 12:00am; Sun 12:00am - 12:00am,0.0,2.0,0.0,,ChargePoint Network,http://www.chargepoint.com/,J1772,,,,,,False,,52153048,-121.9369225,37.2917195,94.47691218420778
ELEC,8X8 EV STATIONS STATION 6,681 Creekside Way,Campbell,CA,95008,,US,GPS,37.292623,-121.936029,2023-06-23,2024-07-09,283652.0,2024-07-09 01:09:02 UTC,,E,,Public,Mon 12:00am - 12:00am; Tue 12:00am - 12:00am; Wed 12:00am - 12:00am; Thu 12:00am - 12:00am; Fri 12:00am - 12:00am; Sat 12:00am - 12:00am; Sun 12:00am - 12:00am,0.0,2.0,0.0,,ChargePoint Network,http://www.chargepoint.com/,J1772,,,,,,False,,1921965111,-121.9354368,37.2929948,66.73497532655448
ELEC,8X8 EV STATIONS STATION 5,681 Creekside Way,Campbell,CA,95008,,US,GPS,37.292379,-121.936235,2023-06-23,2024-07-09,283653.0,2024-07-09 01:09:02 UTC,,E,,Public,Mon 12:00am - 12:00am; Tue 12:00am - 12:00am; Wed 12:00am - 12:00am; Thu 12:00am - 12:00am; Fri 12:00am - 12:00am; Sat 12:00am - 12:00am; Sun 12:00am - 12:00am,0.0,2.0,0.0,,ChargePoint Network,http://www.chargepoint.com/,J1772,,,,,,False,,52153048,-121.9369225,37.2917195,95.2708930065331
ELEC,ARE 283 E GRAND STATION 2,279 E Grand Ave,South San Francisco,CA,94080,,US,GPS,37.654716,-122.394325,2023-06-23,2024-07-09,284577.0,2024-07-09 01:11:18 UTC,,E,,Public,24 hours daily,0.0,2.0,0.0,,ChargePoint Network,http://www.chargepoint.com/,J1772,,,,,,False,,65467391,-122.3930461,37.6545749,113.67460480803463
ELEC,ALPHAZSJAPT1LLC SANATANA TER1,190 N Winchester Blvd,Santa Clara,CA,95050,,US,GPS,37.32867,-121.950759,2023-06-23,2024-07-09,286131.0,2024-07-09 01:14:12 UTC,,E,,Public,24 hours daily,0.0,1.0,0.0,,ChargePoint Network,http://www.chargepoint.com/,J1772,,,,,,False,,65560011,-121.9502295,37.3286281,47.0491321701364
ELEC,GENESIS EV PG&E EV 10,3 Tower Pl,South San Francisco,CA,94080,,US,GPS,37.666516,-122.39884,2023-06-23,2024-07-09,287383.0,2024-07-09 01:17:13 UTC,,E,,Public,24 hours daily,0.0,2.0,0.0,,ChargePoint Network,http://www.chargepoint.com/,J1772,,,,,,False,,266880514,-122.4004924,37.6654416,188.22031126224323
ELEC,50 JONES EV 50 JONES EV 1,50 Jones St,San Francisco,CA,94102,,US,GPS,37.781541,-122.411966,2023-06-23,2024-07-09,287741.0,2024-07-09 01:17:51 UTC,,E,,Public,24 hours daily,0.0,2.0,0.0,,ChargePoint Network,http://www.chargepoint.com/,J1772,,,,,,False,,65352321,-122.4120562,37.7811625,42.82736211243535
ELEC,50 JONES EV 50 JONES EV 2,50 Jones St,San Francisco,CA,94102,,US,GPS,37.781493,-122.411955,2023-06-23,2024-07-09,287752.0,2024-07-09 01:17:51 UTC,,E,,Public,24 hours daily,0.0,2.0,0.0,,ChargePoint Network,http://www.chargepoint.com/,J1772,,,,,,False,,65352321,-122.4120562,37.7811625,37.81085346792422
ELEC,50 JONES EV 50 JONES EV 3,50 Jones St Golden gate ave,San Francisco,CA,94102,,US,GPS,37.78165,-122.412153,2023-06-23,2024-07-09,290503.0,2024-07-09 01:22:58 UTC,,E,,Public,24 hours daily,0.0,1.0,0.0,,ChargePoint Network,http://www.chargepoint.com/,J1772,,,,,,False,,65308264,-122.4122382,37.7820804,48.44055668733821
ELEC,JULIAN BASSETT EV 8A8F,171 W Julian St,San Jose,CA,95110,,US,GPS,37.339614,-121.896874,2023-06-23,2024-07-09,291439.0,2024-07-09 01:25:49 UTC,,E,,Public,24 hours daily,0.0,2.0,0.0,,ChargePoint Network,http://www.chargepoint.com/,J1772,,,,,,False,,65616166,-121.8961246,37.3394689,68.18794642296322
ELEC,SFBENZ SSF MBSF STATION 1,2227 Gellert Blvd,South San Francisco,CA,94080,,US,GPS,37.649033,-122.452995,2023-06-23,2024-07-09,293148.0,2024-07-09 01:32:42 UTC,,E,,Public,24 hours daily,0.0,1.0,0.0,,ChargePoint Network,http://www.chargepoint.com/,J1772,,,,,,False,,65511532,-122.4524159,37.649678,87.9957722359674
ELEC,SFBENZ SSF MBSF STATION 2,2233 Gellert Blvd,South San Francisco,CA,94080,,US,GPS,37.648785,-122.452864,2023-06-23,2024-07-09,293149.0,2024-07-09 01:32:42 UTC,,E,,Public,24 hours daily,0.0,2.0,0.0,,ChargePoint Network,http://www.chargepoint.com/,J1772,,,,,,False,,65511532,-122.4524159,37.649678,106.84712954143698
ELEC,SFBENZ SSF MBSF STATION 3,2233 Gellert Blvd,South San Francisco,CA,94080,,US,GPS,37.648776,-122.452856,2023-06-23,2024-07-09,293150.0,2024-07-09 01:32:42 UTC,,E,,Public,24 hours daily,0.0,1.0,0.0,,ChargePoint Network,http://www.chargepoint.com/,J1772,,,,,,False,,65511532,-122.4524159,37.649678,107.52199314787151
ELEC,SFBENZ SSF MBSF STATION 4,2233 Gellert Blvd,South San Francisco,CA,94080,,US,GPS,37.648762,-122.4531,2023-06-23,2024-07-09,293151.0,2024-07-09 01:32:43 UTC,,E,,Public,24 hours daily,0.0,2.0,0.0,,ChargePoint Network,http://www.chargepoint.com/,J1772,,,,,,False,,65511532,-122.4524159,37.649678,118.32938687143103
ELEC,SFBENZ SSF MBSF STATION 5,2233 Gellert Blvd,South San Francisco,CA,94080,,US,GPS,37.648906,-122.452915,2023-06-23,2024-07-09,293152.0,2024-07-09 01:32:43 UTC,,E,,Public,24 hours daily,0.0,2.0,0.0,,ChargePoint Network,http://www.chargepoint.com/,J1772,,,,,,False,,65511532,-122.4524159,37.649678,96.43524893603747
ELEC,SFBENZ SSF MBSF STATION 6,2233 Gellert Blvd,South San Francisco,CA,94080,,US,GPS,37.649006,-122.452975,2023-06-23,2024-07-09,293153.0,2024-07-09 01:32:43 UTC,,E,,Public,24 hours daily,0.0,0.0,1.0,,ChargePoint Network,http://www.chargepoint.com/,CHADEMO J1772COMBO,,,,,,False,,65511532,-122.4524159,37.649678,89.47890785579916
ELEC,SFBENZ SSF MBSF STATION 7,2233 Gellert Blvd,South San Francisco,CA,94080,,US,GPS,37.648838,-122.452872,2023-06-23,2024-07-09,293154.0,2024-07-09 01:32:43 UTC,,E,,Public,24 hours daily,0.0,0.0,1.0,,ChargePoint Network,http://www.chargepoint.com/,CHADEMO J1772COMBO,,,,,,False,,65511532,-122.4524159,37.649678,101.66967832116707
ELEC,SFBENZ SSF MBSF STATION 8,2233 Gellert Blvd,South San Francisco,CA,94080,,US,GPS,37.648745,-122.452754,2023-06-23,2024-07-09,293155.0,2024-07-09 01:32:43 UTC,,E,,Public,24 hours daily,0.0,0.0,1.0,,ChargePoint Network,http://www.chargepoint.com/,CHADEMO J1772COMBO,,,,,,False,,65511532,-122.4524159,37.649678,107.93085754389344
ELEC,RUBRIK EV7,3495 Deer Creek Rd,Palo Alto,CA,94304,,US,GPS,37.394635,-122.147711,2023-06-23,2024-07-09,293352.0,2024-07-09 01:33:41 UTC,,E,,Public,24 hours daily,0.0,2.0,0.0,,ChargePoint Network,http://www.chargepoint.com/,J1772,,,,,,False,,706921504,-122.1471693,37.3930799,179.419187785165
ELEC,VESPR RG - VESPR 18,312 24th St,Oakland,CA,94612,,US,GPS,37.813056,-122.262262,2023-06-23,2024-07-09,294933.0,2024-07-09 01:40:00 UTC,,E,,Public,24 hours daily,0.0,2.0,0.0,,ChargePoint Network,http://www.chargepoint.com/,J1772,,,,,,False,,305468717,-122.261902,37.8133223,43.32356491408928
ELEC,CHARGEPOINT 254-16-AC-CP6K,254 E Hacienda Ave,Campbell,CA,95008,,US,GPS,37.266973,-121.956356,2023-06-23,2024-07-09,295080.0,2024-07-09 01:40:26 UTC,,E,,Public,24 hours daily,0.0,2.0,0.0,,ChargePoint Network,http://www.chargepoint.com/,J1772,,,,,,False,,65613603,-121.9570661,37.2654181,183.96231276937317
ELEC,CHARGEPOINT 254-17-AC-CP6K,254 E Hacienda Ave,Campbell,CA,95008,,US,GPS,37.266996,-121.956409,2023-06-23,2024-07-09,295163.0,2024-07-09 01:40:37 UTC,,E,,Public,24 hours daily,0.0,2.0,0.0,,ChargePoint Network,http://www.chargepoint.com/,J1772,,,,,,False,,65613603,-121.9570661,37.2654181,184.83937928494848
ELEC,VESPR RG - VESPR 16,312 24th St,Oakland,CA,94612,,US,GPS,37.813045,-122.262257,2023-06-23,2024-07-09,295224.0,2024-07-09 01:40:49 UTC,,E,,Public,24 hours daily,0.0,2.0,0.0,,ChargePoint Network,http://www.chargepoint.com/,J1772,,,,,,False,,305468717,-122.261902,37.8133223,43.85518775562
ELEC,VESPR RG - VESPR 14,312 24th St,Oakland,CA,94612,,US,GPS,37.813048,-122.262276,2023-06-23,2024-07-09,295229.0,2024-07-09 01:40:51 UTC,,E,,Public,24 hours daily,0.0,2.0,0.0,,ChargePoint Network,http://www.chargepoint.com/,J1772,,,,,,False,,305468717,-122.261902,37.8133223,44.82971310608019
ELEC,VESPR RG - VESPR 13,312 24th St,Oakland,CA,94612,,US,GPS,37.813032,-122.262285,2023-06-23,2024-07-09,295230.0,2024-07-09 01:40:52 UTC,,E,,Public,24 hours daily,0.0,2.0,0.0,,ChargePoint Network,http://www.chargepoint.com/,J1772,,,,,,False,,53032645,-122.262783,37.8129277,45.25846340583014
ELEC,CHARGEPOINT 254-15-AC-CT4KM,254 E Hacienda Ave,Campbell,CA,95008,,US,GPS,37.266942,-121.956305,2023-06-23,2024-07-09,295290.0,2024-07-09 01:41:08 UTC,,E,,Public,24 hours daily,0.0,2.0,0.0,,ChargePoint Network,http://www.chargepoint.com/,J1772,,,,,,False,,65613603,-121.9570661,37.2654181,182.3447552957973
ELEC,VESPR RG - VESPR 17,312 24th St,Oakland,CA,94612,,US,GPS,37.813043,-122.262266,2023-06-23,2024-07-09,295359.0,2024-07-09 01:41:20 UTC,,E,,Public,24 hours daily,0.0,2.0,0.0,,ChargePoint Network,http://www.chargepoint.com/,J1772,,,,,,False,,305468717,-122.261902,37.8133223,44.5755238038164
ELEC,"Milpitas, CA - South Abbott Avenue - Tesla Supercharger",333 S Abbott Ave,Milpitas,CA,95035,,US,GPS,37.425363,-121.914536,2023-06-15,2023-07-01,296726.0,2023-07-14 19:41:28 UTC,P,E,,Public,24 hours daily,0.0,0.0,12.0,,Tesla,https://www.tesla.com/supercharger,TESLA,RESTAURANT,,,False,LD,False,,655288647,-121.9149627,37.4259748,77.76708864905237
ELEC,City of Millbrae - Library,1 Library Ave,Millbrae,CA,94030,,US,GPS,37.6026422,-122.3970541,2023-06-24,2024-07-08,296795.0,2024-07-08 23:58:23 UTC,,E,,Public,24 hours daily,0.0,0.0,6.0,,eVgo Network,https://www.evgo.com/,CHADEMO J1772COMBO,,,,,,False,,65446968,-122.397879,37.6022932,82.38294957044265
ELEC,El Mercado Plaza Shopping Center,34300 Alvarado Niles Rd,Union City,CA,94587,,US,GPS,37.5889939,-122.02116,2023-06-24,2024-07-08,296797.0,2024-07-08 23:59:53 UTC,,E,,Public,24 hours daily,0.0,0.0,6.0,,eVgo Network,https://www.evgo.com/,CHADEMO J1772COMBO,,,,,,False,,969617668,-122.0211109,37.588791,22.97253358063771
ELEC,Garfield Community School,3600 Middlefield Rd,Menlo Park,CA,94025,,US,GPS,37.468953,-122.202512,2023-06-25,2024-07-09,297167.0,2024-07-09 02:31:26 UTC,,E,,Public,24 hours daily,0.0,3.0,0.0,,SHELL_RECHARGE,https://www.shell.us/motorist/electric-vehicle-charging.html,J1772,,,,,,False,,65391592,-122.202102,37.4704865,174.31445052524566
ELEC,"University Village - Albany, CA",1080 Monroe Street,Albany,CA,94706,,US,GPS,37.884714004,-122.297712764,2023-06-27,2024-06-23,297325.0,2024-06-23 03:16:34 UTC,,E,,Public,Mon 5:00am - 10:59pm; Tue 5:00am - 10:59pm; Wed 5:00am - 10:59pm; Thu 5:00am - 10:59pm; Fri 5:00am - 10:59pm; Sat 5:00am - 10:59pm; Sun 5:00am - 10:59pm,0.0,1.0,1.0,,Volta,https://voltacharging.com/,J1772 J1772COMBO,,,,,,False,,53112224,-122.2971497,37.8846228,50.44473768579215
ELEC,Manzanita,457 Acalanes Dr,Sunnyvale,CA,94086,,US,GPS,37.3770249,-122.0591331,2023-05-28,2024-03-14,297327.0,2024-03-14 18:02:10 UTC,P,E,,Public,9am-6pm daily; Also accepts EVMatch App,0.0,6.0,0.0,,EVMATCH,https://www.evmatch.com,J1772,MULTI_UNIT_DWELLING,$0.49 per kWh,,True,LD,False,,276838006,-122.0594181,37.3751766,207.05904746894825
ELEC,Safeway San Jose #1483,1530 Hamilton Ave,San Jose,CA,95125,,US,GPS,37.2935568,-121.9103422,2023-06-28,2024-07-08,298653.0,2024-07-08 23:57:31 UTC,,E,,Public,24 hours daily,0.0,0.0,8.0,,eVgo Network,https://www.evgo.com/,CHADEMO J1772COMBO,,,,,,False,,11268394429,-121.9096977,37.2943466,104.70478990787466
ELEC,CZ STATION 4,1180 Main St,Redwood City,CA,94063,,US,GPS,37.482056,-122.226062,2023-06-29,2024-07-09,299060.0,2024-07-09 01:50:31 UTC,,E,,Public,24 hours daily,0.0,2.0,0.0,,ChargePoint Network,http://www.chargepoint.com/,J1772,,,,,,False,,65448631,-122.2264757,37.4817399,50.67537328977336
ELEC,SKYDIO MFG EV CHARGER #2,27279 Industrial Blvd,Hayward,CA,94545,,US,GPS,37.62694,-122.107438,2023-06-29,2024-07-09,300184.0,2024-07-09 01:55:16 UTC,,E,,Public,24 hours daily,0.0,2.0,0.0,,ChargePoint Network,http://www.chargepoint.com/,J1772,,,,,,False,,1676696061,-122.1058953,37.6264296,147.23877944240127
ELEC,SKYDIO MFG EV CHARGER #1,27279 Industrial Blvd,Hayward,CA,94545,,US,GPS,37.62688,-122.10762,2023-06-29,2024-07-09,300185.0,2024-07-09 01:55:16 UTC,,E,,Public,24 hours daily,0.0,2.0,0.0,,ChargePoint Network,http://www.chargepoint.com/,J1772,,,,,,False,,1676696061,-122.1058953,37.6264296,159.9331819317922
ELEC,SKYDIO MFG EV CHARGER #3,27279 Industrial Blvd,Hayward,CA,94545,,US,GPS,37.626872,-122.107685,2023-06-29,2024-07-09,300192.0,2024-07-09 01:55:16 UTC,,E,,Public,24 hours daily,0.0,2.0,0.0,,ChargePoint Network,http://www.chargepoint.com/,J1772,,,,,,False,,1676696061,-122.1058953,37.6264296,165.11215295781128
ELEC,1900 ADLP 2 NON ADA STALL,1900 Alameda de las Pulgas,San Mateo,CA,94403,,US,GPS,37.545844,-122.322677,2023-06-29,2024-07-09,300432.0,2024-07-09 01:56:37 UTC,,E,,Public,24 hours daily,0.0,2.0,0.0,,ChargePoint Network,http://www.chargepoint.com/,J1772,,,,,,False,,771143526,-122.3223465,37.5465839,87.28052314923191
ELEC,SERENITY EV-04,1400 Lincoln Village Circle,Larkspur,CA,94939,,US,GPS,37.949193,-122.505596,2023-06-29,2024-07-09,300639.0,2024-07-09 01:57:57 UTC,,E,,Public,24 hours daily,0.0,1.0,0.0,,ChargePoint Network,http://www.chargepoint.com/,J1772,,,,,,False,,110380810,-122.5060967,37.9494227,50.7922387084085
ELEC,SERENITY EV-05,1400 Lincoln Village Circle,Larkspur,CA,94939,,US,GPS,37.94922,-122.5055,2023-06-29,2024-07-09,300640.0,2024-07-09 01:57:58 UTC,,E,,Public,24 hours daily,0.0,1.0,0.0,,ChargePoint Network,http://www.chargepoint.com/,J1772,,,,,,False,,110380810,-122.5060967,37.9494227,56.96906202041516
ELEC,SERENITY EV-06,1400 Lincoln Village Circle,Larkspur,CA,94939,,US,GPS,37.949198,-122.505573,2023-06-29,2024-07-09,300641.0,2024-07-09 01:57:58 UTC,,E,,Public,24 hours daily,0.0,1.0,0.0,,ChargePoint Network,http://www.chargepoint.com/,J1772,,,,,,False,,110380810,-122.5060967,37.9494227,52.277215219745
ELEC,Holiday Inn Express Sunnyvale - Silicon Valley,852 W El Camino Real,Sunnyvale,CA,94087,,US,GPS,37.3704247,-122.0430673,2023-06-29,2024-07-08,301676.0,2024-07-09 00:00:31 UTC,,E,,Public,24 hours daily,0.0,0.0,4.0,,eVgo Network,https://www.evgo.com/,CHADEMO J1772COMBO,,,,,,False,,790843140,-122.0439795,37.370951,99.61378099214446
ELEC,VALLEY FAIR WINCHESTER 7,2400 Forest Ave,San Jose,CA,95128,,US,GPS,37.326138,-121.947175,2023-06-30,2024-07-09,301689.0,2024-07-09 01:56:21 UTC,,E,,Public,24 hours daily,0.0,2.0,0.0,,ChargePoint Network,http://www.chargepoint.com/,J1772,,,,,,False,,65377785,-121.9461759,37.3269589,127.028905768694
ELEC,CITY OF OAKLAND FRANK OGAWA1,250 Frank H Ogawa Plaza Parking Level P2,Oakland,CA,94612,,US,GPS,37.806172,-122.272415,2023-07-01,2024-07-09,301765.0,2024-07-09 00:36:32 UTC,,E,,Public,24 hours daily,0.0,2.0,0.0,,ChargePoint Network,http://www.chargepoint.com/,J1772,,,,,,False,,2486735734,-122.2719428,37.8063293,45.02119819199585
ELEC,CHARGEPOINT 242-01-DC-280,242 E Hacienda Ave,Campbell,CA,95008,,US,GPS,37.266741,-121.956736,2023-07-03,2024-07-09,301933.0,2024-07-09 01:55:52 UTC,,E,,Public,24 hours daily,0.0,0.0,1.0,,ChargePoint Network,http://www.chargepoint.com/,J1772COMBO TESLA,,,,,,False,,65613603,-121.9570661,37.2654181,149.9723629832949
ELEC,CHARGEPOINT 242-02-DC-280,242 E Hacienda Ave,Campbell,CA,95008,,US,GPS,37.266717,-121.956696,2023-07-03,2024-07-09,301934.0,2024-07-09 01:55:59 UTC,,E,,Public,24 hours daily,0.0,0.0,1.0,,ChargePoint Network,http://www.chargepoint.com/,CHADEMO J1772COMBO,,,,,,False,,65613603,-121.9570661,37.2654181,148.0980580668024
ELEC,RAMADAMTV RAMADA,55 Fairchild Dr,Mountain View,CA,94043,,US,GPS,37.406022,-122.064005,2023-07-07,2024-07-09,302121.0,2024-07-09 01:57:04 UTC,,E,,Public,24 hours daily,0.0,2.0,0.0,,ChargePoint Network,http://www.chargepoint.com/,J1772,,,,,,False,,65590670,-122.0646393,37.4059313,56.92692777857996
ELEC,FREEMAN LEXUS LEXUS MONUMENT,2845 Corby Ave,Santa Rosa,CA,95407,,US,GPS,38.408803,-122.716889,2023-07-07,2024-07-09,302133.0,2024-07-09 01:57:48 UTC,,E,,Public,24 hours daily,0.0,2.0,0.0,,ChargePoint Network,http://www.chargepoint.com/,J1772,,,,,,False,,56099337,-122.7164085,38.4067591,231.0958535703726
ELEC,PLAZA SAN RAMON STATION 01,2000 Crow Canyon Place,San Ramon,CA,94583,,US,GPS,37.779935,-121.974452,2023-07-14,2024-07-09,302449.0,2024-07-09 00:45:42 UTC,,E,,Public,24 hours daily,0.0,2.0,0.0,,ChargePoint Network,http://www.chargepoint.com/,J1772,,,,,,False,,2230747185,-121.973873,37.7807803,106.88325840179431
ELEC,PLAZA SAN RAMON STATION 02,2000 Crow Canyon Pl.,San Ramon,CA,94583,,US,GPS,37.779915,-121.974468,2023-07-14,2024-07-09,302450.0,2024-07-09 00:45:48 UTC,,E,,Public,24 hours daily,0.0,2.0,0.0,,ChargePoint Network,http://www.chargepoint.com/,J1772,,,,,,False,,2230747185,-121.973873,37.7807803,109.50855262749606
ELEC,UCSF CAMPUS 2130 3RD ST,2130 3rd St,San Francisco,CA,94107,,US,GPS,37.762652,-122.389221,2023-07-14,2024-07-09,302451.0,2024-07-09 01:30:21 UTC,,E,,Public,24 hours daily,0.0,2.0,0.0,,ChargePoint Network,http://www.chargepoint.com/,J1772,,,,,,False,,1563110109,-122.3888392,37.7630646,56.844706946250966
ELEC,Mission Valley Ford,780 E Brokaw Rd,San Jose,CA,95112,,US,GPS,37.381081,-121.905304,2023-07-14,2023-08-10,302539.0,2024-01-31 22:07:01 UTC,P,E,,Public,Dealership business hours,0.0,2.0,0.0,,Non-Networked,,J1772,CAR_DEALER,Free,,False,LD,False,,65388315,-121.905278,37.3821359,117.32218731408497
ELEC,VOLVO WAL CREEK CP B,2791 N Main St,Walnut Creek,CA,94597,,US,GPS,37.924976,-122.063918,2023-07-15,2024-07-09,302620.0,2024-07-09 01:58:32 UTC,,E,,Public,24 hours daily,0.0,1.0,0.0,,ChargePoint Network,http://www.chargepoint.com/,J1772,,,,,,False,,7668261289,-122.0631807,37.9246785,72.64022089857161
ELEC,VOLVO WAL CREEK CP A,2791 N Main St,Walnut Creek,CA,94597,,US,GPS,37.924953,-122.063946,2023-07-15,2024-07-09,302621.0,2024-07-09 01:58:32 UTC,,E,,Public,24 hours daily,0.0,2.0,0.0,,ChargePoint Network,http://www.chargepoint.com/,J1772,,,,,,False,,7668261289,-122.0631807,37.9246785,73.74025582809618
ELEC,Jordan Vineyard & Winery,1474 Alexander Valley Rd,Healdsburg,CA,95448,,US,200-8,38.65435,-122.84469,2022-06-01,2023-10-12,302679.0,2024-01-31 22:07:01 UTC,P,E,,Public,"8am-4:30pm M-F, 9am-3:30pm Sat-Sun",0.0,4.0,0.0,,Non-Networked,,J1772 TESLA,BREWERY_DISTILLERY_WINERY,Free,,False,MD,False,,4378004120,-122.8435288,38.6579351,411.1995461375096
ELEC,CLIFF LEDE TR PARKING 1-2,1473 Yountville Cross Rd,Yountville,CA,94599,,US,GPS,38.424353,-122.344213,2023-07-18,2024-07-09,302717.0,2024-07-09 01:57:48 UTC,,E,,Public,24 hours daily,0.0,2.0,0.0,,ChargePoint Network,http://www.chargepoint.com/,J1772,,,,,,False,,55937320,-122.3471583,38.4223423,340.32448127932366
ELEC,"Kohl's, Redwood City CA",250 Walnut St,Redwood City,CA,94063,,US,GPS,37.492761427,-122.224433787,2023-07-18,2024-06-23,302760.0,2024-06-23 03:15:55 UTC,,E,,Public,Mon 5:00am - 10:59pm; Tue 5:00am - 10:59pm; Wed 5:00am - 10:59pm; Thu 5:00am - 10:59pm; Fri 5:00am - 10:59pm; Sat 5:00am - 10:59pm; Sun 5:00am - 10:59pm,0.0,2.0,0.0,,Volta,https://voltacharging.com/,J1772,,,,,,False,,65421521,-122.2226477,37.4924003,162.61478972965554
ELEC,KRC MENLO CORP KRMP 4400 A,4400 Bohannon Dr,Menlo Park,CA,94025,,US,GPS,37.479069,-122.177474,2023-07-19,2024-07-09,302821.0,2024-07-09 01:58:25 UTC,,E,,Public,24 hours daily,0.0,2.0,0.0,,ChargePoint Network,http://www.chargepoint.com/,J1772,,,,,,False,,297185766,-122.1762558,37.4774985,205.06569197728322
ELEC,KRC MENLO CORP KRMP 4400 C,4400 Bohannon Dr,Menlo Park,CA,94025,,US,GPS,37.478979,-122.177319,2023-07-19,2024-07-09,302822.0,2024-07-09 01:58:25 UTC,,E,,Public,24 hours daily,0.0,2.0,0.0,,ChargePoint Network,http://www.chargepoint.com/,J1772,,,,,,False,,297185766,-122.1762558,37.4774985,189.48163673498811
ELEC,GWIN Property Inc,2479 E Bayshore Rd,Palo Alto,CA,94303,,US,200-8,37.44836,-122.11823,2023-06-06,2024-05-09,302844.0,2024-05-09 20:32:20 UTC,P,E,,Public,24 hours daily,0.0,20.0,0.0,,EVGATEWAY,http://evgateway.com/,J1772,PARKING_LOT,,NONE,False,HD,False,,65458927,-122.1191844,37.4483981,84.35891515313256
ELEC,Community Center - Sunnyvale,550 E Remington Dr,Sunnyvale,CA,94087,,US,GPS,37.357961,-122.024483,2023-07-19,2024-07-09,302845.0,2024-07-09 00:01:24 UTC,,E,,Public,24 hours daily,0.0,0.0,4.0,,eVgo Network,https://www.evgo.com/,CHADEMO J1772COMBO,,,,,,False,,65669358,-122.0236102,37.3583703,89.56681316994715
ELEC,DOWNTOWN PARKIN EIGLEBERRY7TH04,67 West 7th Street,Gilroy,CA,95020,,US,GPS,37.00516,-121.568663,2023-07-20,2024-07-09,302872.0,2024-07-09 01:57:25 UTC,,E,,Public,24 hours daily,0.0,1.0,0.0,,ChargePoint Network,http://www.chargepoint.com/,J1772,,,,,,False,,65517095,-121.5680046,37.0051981,58.61809110506896
ELEC,DOWNTOWN PARKIN EIGLEBERRY7TH01,67 West 7th Street,Gilroy,CA,95020,,US,GPS,37.005333,-121.568743,2023-07-20,2024-07-09,302873.0,2024-07-09 01:57:25 UTC,,E,,Public,24 hours daily,0.0,2.0,0.0,,ChargePoint Network,http://www.chargepoint.com/,J1772,,,,,,False,,65517096,-121.5692025,37.0048537,67.12165229884152
ELEC,KRC MENLO CORP KRMP 4400 B,4400 Bohannon Dr,Menlo Park,CA,94025,,US,GPS,37.479038,-122.177407,2023-07-20,2024-07-09,302880.0,2024-07-09 01:58:25 UTC,,E,,Public,24 hours daily,0.0,2.0,0.0,,ChargePoint Network,http://www.chargepoint.com/,J1772,,,,,,False,,297185766,-122.1762558,37.4774985,199.0571487435681
ELEC,7Charge - San Jose,1595 Branham Ln,San Jose,CA,95118,,US,GPS,37.2537496,-121.9025512,2023-07-13,2023-08-10,302932.0,2024-01-31 22:07:01 UTC,P,E,,Public,24 hours daily,0.0,0.0,4.0,,7CHARGE,https://www.7-eleven.com/7charge,CHADEMO J1772COMBO,CONVENIENCE_STORE,$0.46 per kWh; $1 per minute idle fee after 15 minute grace period,,False,LD,False,,65446504,-121.9030181,37.2539738,48.261443921462664
ELEC,Safeway - Tesla Supercharger,2300 16th St,San Francisco,CA,94103,,US,GPS,37.766033,-122.408981,2023-07-20,2023-08-01,302961.0,2024-01-31 22:07:01 UTC,P,E,,Public - Credit card at all times,24 hours daily; for Tesla use only,0.0,0.0,12.0,,Tesla,https://www.tesla.com/supercharger,TESLA,GROCERY,,,False,LD,False,,4941620875,-122.408435,37.7649749,127.06813743235143
ELEC,KRC MENLO CORP KRMP 4400 D,4400 Bohannon Dr,Menlo Park,CA,94025,,US,GPS,37.479174,-122.17706,2023-07-21,2024-07-09,303012.0,2024-07-09 01:58:26 UTC,,E,,Public,24 hours daily,0.0,2.0,0.0,,ChargePoint Network,http://www.chargepoint.com/,J1772,,,,,,False,,297185766,-122.1762558,37.4774985,199.3650409024015
ELEC,"CARONDELET HIGH CARONDELET 1,2",1133 Winton Dr,Concord,CA,94518,,US,GPS,37.93264,-122.03265,2023-07-23,2024-07-09,303117.0,2024-07-09 01:58:49 UTC,,E,,Public,24 hours daily,0.0,2.0,0.0,,ChargePoint Network,http://www.chargepoint.com/,J1772,,,,,,False,,57847542,-122.0330875,37.9319011,90.6801526992835
ELEC,"CARONDELET HIGH CARONDELET 3,4",1133 Winton dr.,Concord,CA,94518,,US,GPS,37.932575,-122.032776,2023-07-23,2024-07-09,303118.0,2024-07-09 01:58:49 UTC,,E,,Public,24 hours daily,0.0,2.0,0.0,,ChargePoint Network,http://www.chargepoint.com/,J1772,,,,,,False,,57847542,-122.0330875,37.9319011,79.75918509817865
ELEC,"CARONDELET HIGH CARONDELET 5,6",1133 Winton Dr.,Concord,CA,94518,,US,GPS,37.93254,-122.03277,2023-07-23,2024-07-09,303119.0,2024-07-09 01:58:49 UTC,,E,,Public,24 hours daily,0.0,2.0,0.0,,ChargePoint Network,http://www.chargepoint.com/,J1772,,,,,,False,,57847542,-122.0330875,37.9319011,76.30491751636555
ELEC,DOWNTOWN PARKIN EIGLEBERRY7TH02,67 West 7th Street,Gilroy,CA,95020,,US,GPS,37.005225,-121.568695,2023-07-25,2024-07-09,303137.0,2024-07-09 01:57:25 UTC,,E,,Public,24 hours daily,0.0,2.0,0.0,,ChargePoint Network,http://www.chargepoint.com/,J1772,,,,,,False,,65517096,-121.5692025,37.0048537,61.118476740003686
ELEC,DOWNTOWN PARKIN EIGLEBERRY7TH03,67 West 7th Street,Gilroy,CA,95020,,US,GPS,37.005286,-121.568715,2023-07-25,2024-07-09,303138.0,2024-07-09 01:57:25 UTC,,E,,Public,24 hours daily,0.0,2.0,0.0,,ChargePoint Network,http://www.chargepoint.com/,J1772,,,,,,False,,65517095,-121.5680046,37.0051981,63.834966352613385
ELEC,STRATA STRATA 1,1201 4th St,San Francisco,CA,94158,,US,GPS,37.772687,-122.390858,2023-07-25,2024-07-09,303159.0,2024-07-09 01:58:46 UTC,,E,,Public,24 hours daily,0.0,2.0,0.0,,ChargePoint Network,http://www.chargepoint.com/,J1772,,,,,,False,,317126816,-122.3914073,37.772829,50.796421820565925
ELEC,AMZ SJC31-2,1100 Discovery Wy,Sunnyvale,CA,94089,,US,GPS,37.406635,-122.033678,2023-07-26,2024-07-09,303434.0,2024-07-09 00:48:03 UTC,,E,,Public,24 hours daily,0.0,2.0,0.0,,ChargePoint Network,http://www.chargepoint.com/,J1772,,,,,,False,,4913115224,-122.033639,37.4054347,133.5119064790786
ELEC,TOYOTA_SALES CT4K 1,1817 Auto Center Dr,Antioch,CA,94509,,US,GPS,38.008335,-121.831759,2023-07-26,2024-07-09,303498.0,2024-07-09 01:58:05 UTC,,E,,Public,24 hours daily,0.0,1.0,0.0,,ChargePoint Network,http://www.chargepoint.com/,J1772,,,,,,False,,57899212,-121.8315782,38.0094457,124.5160510512993
ELEC,THE SEA RANCH DUAL - ENCLOSED,60 Sea Walk Dr,Annapolis,CA,95412,,US,GPS,38.680926,-123.429053,2023-07-26,2024-07-09,303528.0,2024-07-09 01:58:59 UTC,,E,,Public,24 hours daily,0.0,2.0,0.0,,ChargePoint Network,http://www.chargepoint.com/,J1772,,,,,,False,,56089155,-123.4251193,38.6813937,345.3942008617402
ELEC,STA - Fairfield - Allan Witt Community Park,1741 W Texas Street,Fairfield,CA,94533,,US,GPS,38.2484892,-122.0620782,2023-05-31,2024-07-08,303615.0,2024-07-08 03:14:39 UTC,,E,,Public,,0.0,0.0,8.0,,EVCS,https://evcs.com,CHADEMO J1772COMBO TESLA,,,,False,,False,,62264689,-122.060848,38.2488572,114.95664163847735
ELEC,HARBOR BAY 1501 #1,1501 Harbor Bay Pkwy,Alameda,CA,94502,,US,GPS,37.72578,-122.23914,2023-07-28,2024-07-09,303638.0,2024-07-09 01:56:58 UTC,,E,,Public,Sat 12:00am - 12:00am; Sun 12:00am - 12:00am,0.0,2.0,0.0,,ChargePoint Network,http://www.chargepoint.com/,J1772,,,,,,False,,275763326,-122.2386106,37.7254977,56.153750780336104
ELEC,HARBOR BAY 1501 #2,1501 Harbor Bay Rd A,Alameda,CA,94502,,US,GPS,37.725785,-122.239038,2023-07-28,2024-07-09,303639.0,2024-07-09 01:56:58 UTC,,E,,Public,Sat 12:00am - 12:00am; Sun 12:00am - 12:00am,0.0,2.0,0.0,,ChargePoint Network,http://www.chargepoint.com/,J1772,,,,,,False,,275763326,-122.2386106,37.7254977,49.33108216958639
ELEC,HARBOR BAY 1501 #4,1501 Harbor Bay Pkwy,Alameda,CA,94502,,US,GPS,37.725792,-122.239216,2023-07-28,2024-07-09,303640.0,2024-07-09 01:56:58 UTC,,E,,Public,Sat 12:00am - 12:00am; Sun 12:00am - 12:00am,0.0,1.0,0.0,,ChargePoint Network,http://www.chargepoint.com/,J1772,,,,,,False,,275763326,-122.2386106,37.7254977,62.497292341261684
ELEC,HARBOR BAY 1501 #3,1501 Harbor Bay Pkwy,Alameda,CA,94502,,US,GPS,37.725724,-122.239167,2023-07-28,2024-07-09,303641.0,2024-07-09 01:57:01 UTC,,E,,Public,Sat 12:00am - 12:00am; Sun 12:00am - 12:00am,0.0,2.0,0.0,,ChargePoint Network,http://www.chargepoint.com/,J1772,,,,,,False,,275763326,-122.2386106,37.7254977,55.025972109987265
ELEC,DoubleTree Newark,39900 Balentine Dr,Newark,CA,94560,,US,GPS,37.5212856,-121.9899787,2023-07-27,2024-07-08,303735.0,2024-07-08 03:14:39 UTC,,E,,Public,,0.0,4.0,0.0,,EVCS,https://evcs.com,J1772,,,,False,,False,,3958761733,-121.9900256,37.5207376,61.07512593112422
ELEC,HILLTOP HYUNDAI STATION 2,3280 Auto Plaza,Richmond,CA,94806,,US,GPS,37.985212,-122.319845,2023-07-29,2024-07-09,303748.0,2024-07-09 01:41:06 UTC,,E,,Public,24 hours daily,0.0,0.0,1.0,,ChargePoint Network,http://www.chargepoint.com/,CHADEMO J1772COMBO,,,,,,False,,4924658895,-122.3193067,37.9848161,64.52614074308399
ELEC,HILLTOP HYUNDAI STATION 1,3285 Auto Plaza,Richmond,CA,94806,,US,GPS,37.985279,-122.319612,2023-07-29,2024-07-09,303781.0,2024-07-09 01:59:12 UTC,,E,,Public,24 hours daily,0.0,0.0,1.0,,ChargePoint Network,http://www.chargepoint.com/,CHADEMO J1772COMBO,,,,,,False,,4924658895,-122.3193067,37.9848161,58.011296220347106
ELEC,CHARGEPOINT 254-14-AC-CT4K,254 E Hacienda Ave,Campbell,CA,95008,,US,GPS,37.266911,-121.956255,2023-07-29,2024-07-09,303783.0,2024-07-09 01:59:13 UTC,,E,,Public,24 hours daily,0.0,2.0,0.0,,ChargePoint Network,http://www.chargepoint.com/,J1772,,,,,,False,,65613603,-121.9570661,37.2654181,180.85595683594136
ELEC,Safeway San Francisco #2646,735 7th Ave,San Francisco,CA,94118,,US,GPS,37.775101,-122.465106,2023-07-30,2024-07-08,303809.0,2024-07-09 00:00:33 UTC,,E,,Public,24 hours daily,0.0,0.0,4.0,,eVgo Network,https://www.evgo.com/,CHADEMO J1772COMBO,,,,,,False,,65314572,-122.4649615,37.7753223,27.69157619723002
ELEC,PORTER CREEK #1 PORTER CREEK #2,4088 Porter Creek Rd,Santa Rosa,CA,95404,,US,GPS,38.548233,-122.668351,2023-08-01,2024-07-09,303831.0,2024-07-09 01:54:10 UTC,,E,,Public,24 hours daily,0.0,2.0,0.0,,ChargePoint Network,http://www.chargepoint.com/,J1772,,,,,,False,,4362125307,-122.6687637,38.5483532,38.29791056542469
ELEC,ORACLE RWSHORE RWS 5OP-001,520 Oracle Pkwy,Redwood City,CA,94065,,US,GPS,37.531375,-122.262379,2023-08-02,2024-07-09,303930.0,2024-07-09 01:58:26 UTC,,E,,Public,Sat 12:00am - 12:00am; Sun 12:00am - 12:00am,0.0,2.0,0.0,,ChargePoint Network,http://www.chargepoint.com/,J1772,,,,,,False,,437161997,-122.2593149,37.5317503,273.3951408112148
ELEC,6104 Jarvis Ave,6104 Jarvis Ave,Newark,CA,94560,,US,GPS,37.550126,-122.049274,2023-08-02,2024-07-09,303967.0,2024-07-09 02:51:50 UTC,,E,,Public,24 hours daily,0.0,0.0,2.0,,EV Connect,http://evconnect.com/,CHADEMO J1772COMBO,,,,,,False,,1588863851,-122.049297,37.5503606,26.16504895252693
ELEC,SFO Long Term Parking Garage,806 S Airport Blvd,San Francisco,CA,94128,,US,200-8,37.63655,-122.40055,2022-12-20,2023-08-10,303984.0,2024-01-31 22:07:01 UTC,LG,E,,Public,24 hours daily; drivers need to bring their own cord for level 1 charging,32.0,0.0,0.0,,Non-Networked,,NEMA1450,AIRPORT,Free,,True,LD,False,,257901167,-122.4023403,37.636593,157.71805813730936
ELEC,META MPK14-04,1 Hacker Way MPK 14,Menlo Park,CA,94025,,US,GPS,37.485403,-122.1495,2023-08-05,2024-07-09,306438.0,2024-07-09 01:59:08 UTC,,E,,Public,24 hours daily,0.0,2.0,0.0,,ChargePoint Network,http://www.chargepoint.com/,J1772,,,,,,False,,339943486,-122.1458084,37.4842966,348.1869131124473
ELEC,Sprouts,1300 Pinole Valley Rd,Pinole,CA,94564,,US,GPS,38.00011,-122.28698,2023-08-08,2024-07-08,306555.0,2024-07-08 23:59:17 UTC,,E,,Public,24 hours daily,0.0,0.0,6.0,,eVgo Network,https://www.evgo.com/,CHADEMO J1772COMBO,,,,,,False,,57870840,-122.2867376,38.0004874,47.033908600353605
ELEC,ORACLE RWSHORE RWS 5OP-002,520 Oracle Pkwy,Redwood City,CA,94065,,US,GPS,37.53148,-122.26222,2023-08-09,2024-07-09,306569.0,2024-07-09 01:58:14 UTC,,E,,Public,Sat 12:00am - 12:00am; Sun 12:00am - 12:00am,0.0,2.0,0.0,,ChargePoint Network,http://www.chargepoint.com/,J1772,,,,,,False,,437162054,-122.2595197,37.5323613,257.4875849634328
ELEC,HANOVER COMPANY HANDICAP B1,3050 Del Hombre Lane,Walnut Creek,CA,94597,,US,GPS,39.550026,-123.438431,2023-08-09,2024-07-09,306576.0,2024-07-09 01:58:44 UTC,,E,,Public,24 hours daily,0.0,1.0,0.0,,ChargePoint Network,http://www.chargepoint.com/,J1772,,,,,,False,,2821978342,-123.0764359,38.8496081,83897.22500615704
ELEC,HANOVER COMPANY 1115,3050 Del Hombre,Walnut Creek,CA,94597,,US,GPS,37.92937,-122.053277,2023-08-09,2024-07-09,306595.0,2024-07-09 01:59:35 UTC,,E,,Public,24 hours daily,0.0,1.0,0.0,,ChargePoint Network,http://www.chargepoint.com/,J1772,,,,,,False,,2471417152,-122.0530739,37.9289164,53.49128917374912
ELEC,PF CA KCR Pac Rim I,1688 Hostetter Rd,San Jose,CA,95131,,US,200-8,37.38644,-121.88457,2023-05-23,2023-09-14,306711.0,2024-01-31 22:07:01 UTC,P,E,,Public,24 hours daily,0.0,0.0,6.0,,POWERFLEX,https://www.powerflex.com,CHADEMO J1772COMBO,RETAIL,,,False,LD,False,,1081488503,-121.8851431,37.3861874,57.902799412991975
ELEC,PF CA Ladera Shopping,3130 Alpine Rd,Portola Valley,CA,94028,,US,200-8,37.40139,-122.1934,2023-06-29,2023-09-14,306712.0,2024-01-31 22:07:01 UTC,P,E,,Public,24 hours daily,0.0,0.0,6.0,,POWERFLEX,https://www.powerflex.com,CHADEMO J1772COMBO,RETAIL,,,False,LD,False,,65403339,-122.1944817,37.4012134,97.54729901335392
ELEC,1601 Tice Valley Blvd.,1601 Tice Valley Blvd,Walnut Creek,CA,94595,,US,GPS,37.88439,-122.07809,2023-08-10,2024-07-08,306741.0,2024-07-08 23:58:31 UTC,,E,,Public,24 hours daily,0.0,0.0,6.0,,eVgo Network,https://www.evgo.com/,J1772COMBO,,,,,,False,,9779125212,-122.0777622,37.8843274,29.598181169797414
ELEC,OUT FRONT MAIN,440 Convention Way,Redwood City,CA,94063,,US,GPS,37.494749,-122.233222,2023-08-12,2024-07-09,306879.0,2024-07-09 00:55:55 UTC,,E,,Public,24 hours daily,0.0,2.0,0.0,,ChargePoint Network,http://www.chargepoint.com/,J1772,,,,,,False,,65358797,-122.2343822,37.4946634,102.79821688624939
ELEC,CITY OF DUBLIN WAVE 1,4201 Central Pkwy,Dublin,CA,94568,,US,GPS,37.710461,-121.876118,2023-08-12,2024-07-09,306900.0,2024-07-09 01:59:33 UTC,,E,,Public,24 hours daily,0.0,2.0,0.0,,ChargePoint Network,http://www.chargepoint.com/,J1772,,,,,,False,,6656737315,-121.8746599,37.7096631,155.96146582807665
ELEC,345 CAL EVCS 345 CAL EVCS,345 California St,San Francisco,CA,94104,,US,GPS,37.793016,-122.400546,2023-08-12,2024-07-09,306928.0,2024-07-09 00:28:19 UTC,,E,,Public,24 hours daily,0.0,2.0,0.0,,ChargePoint Network,http://www.chargepoint.com/,J1772,,,,,,False,,65295281,-122.4011522,37.7930673,53.57113501325881
ELEC,CITY OF DUBLIN WAVE 4,4201 Central Pkwy,Dublin,CA,94568,,US,GPS,37.71056,-121.874953,2023-08-15,2024-07-09,307011.0,2024-07-09 01:59:33 UTC,,E,,Public,24 hours daily,0.0,1.0,0.0,,ChargePoint Network,http://www.chargepoint.com/,J1772,,,,,,False,,6656737315,-121.8746599,37.7096631,103.00987250836812
ELEC,CITY OF DUBLIN WAVE 3,4201 Central Pkwy,Dublin,CA,94568,,US,GPS,37.710152,-121.87491,2023-08-15,2024-07-09,307012.0,2024-07-09 01:59:33 UTC,,E,,Public,24 hours daily,0.0,2.0,0.0,,ChargePoint Network,http://www.chargepoint.com/,J1772,,,,,,False,,6656737315,-121.8746599,37.7096631,58.64644377339654
ELEC,CITY OF DUBLIN WAVE 5,4886 Central Pkwy,Dublin,CA,94568,,US,GPS,37.710487,-121.874756,2023-08-15,2024-07-09,307013.0,2024-07-09 01:59:33 UTC,,E,,Public,24 hours daily,0.0,1.0,0.0,,ChargePoint Network,http://www.chargepoint.com/,J1772,,,,,,False,,53093891,-121.8745767,37.7096785,91.27435728458524
ELEC,CITY OF DUBLIN WAVE 2,4886 Central Pkwy,Dublin,CA,94568,,US,GPS,37.710343,-121.874617,2023-08-15,2024-07-09,307014.0,2024-07-09 01:59:34 UTC,,E,,Public,24 hours daily,0.0,2.0,0.0,,ChargePoint Network,http://www.chargepoint.com/,J1772,,,,,,False,,53093891,-121.8745767,37.7096785,73.9741298329947
ELEC,CLPCCD LPC LOT F ST 1,3000 Campus Hill Dr Parking Lot F,Livermore,CA,94551,,US,GPS,37.712362,-121.800596,2023-08-16,2024-07-09,307043.0,2024-07-09 00:47:14 UTC,,E,,Public,24 hours daily,0.0,2.0,0.0,,ChargePoint Network,http://www.chargepoint.com/,J1772,,,,,,False,,8232859861,-121.8008605,37.7126295,37.76362943752325
ELEC,PORTER CREEK #1 STATION 3,4088 Porter Creek Rd,Santa Rosa,CA,95404,,US,GPS,38.549418,-122.668929,2023-08-17,2024-07-09,307311.0,2024-07-09 01:53:00 UTC,,E,,Public,24 hours daily,0.0,2.0,0.0,,ChargePoint Network,http://www.chargepoint.com/,J1772,,,,,,False,,56082986,-122.6695471,38.5494799,54.19036057664672
ELEC,MFW MFVI,2825 St Helena Hwy,St. Helena,CA,94574,,US,GPS,38.517912,-122.490033,2023-08-17,2024-07-09,307351.0,2024-07-09 01:59:52 UTC,,E,,Public,24 hours daily,0.0,2.0,0.0,,ChargePoint Network,http://www.chargepoint.com/,J1772,,,,,,False,,55951978,-122.4882664,38.5177687,154.5190775431198
ELEC,COUNTY OF MARIN W. SERVICE CENT,1 6th St,Point Reyes Station,CA,94956,,US,GPS,38.069415,-122.808306,2023-08-17,2024-07-09,307371.0,2024-07-09 01:59:58 UTC,,E,,Public,24 hours daily,0.0,2.0,0.0,,ChargePoint Network,http://www.chargepoint.com/,J1772,,,,,,False,,110393574,-122.8080692,38.0697853,46.09916580390375
ELEC,Taft Community School,903 Tenth Ave,Redwood City,CA,94063,,US,GPS,37.481221,-122.193674,2023-08-17,2024-07-09,307394.0,2024-07-09 02:31:27 UTC,,E,,Public,24 hours daily,0.0,4.0,0.0,,SHELL_RECHARGE,https://www.shell.us/motorist/electric-vehicle-charging.html,J1772,,,,,,False,,65452249,-122.1930675,37.4813683,55.967335840315556
ELEC,AMZ SJC31-1,1100 Discovery Way,Sunnyvale,CA,94089,,US,GPS,37.406783,-122.033547,2023-08-19,2024-07-09,307477.0,2024-07-09 00:51:03 UTC,,E,,Public,24 hours daily,0.0,1.0,0.0,,ChargePoint Network,http://www.chargepoint.com/,J1772,,,,,,False,,4913115224,-122.033639,37.4054347,150.1443957558192
ELEC,CT4000FAMILYPAL STATION 2,90 E Tasman Dr,San Jose,CA,95134,,US,GPS,37.409694,-121.942342,2023-08-22,2024-07-09,307562.0,2024-07-09 00:45:32 UTC,,E,,Public,24 hours daily,0.0,2.0,0.0,,ChargePoint Network,http://www.chargepoint.com/,J1772,,,,,,False,,65422888,-121.9411268,37.4108645,168.7001635806085
ELEC,PLEASANTONEVSTN DUAL#2,164 Main St,Pleasanton,CA,94566,,US,GPS,37.657221,-121.877473,2023-08-22,2024-07-09,307567.0,2024-07-09 01:57:23 UTC,,E,,Public,24 hours daily,0.0,2.0,0.0,,ChargePoint Network,http://www.chargepoint.com/,J1772,,,,,,False,,4382728701,-121.8767538,37.6569433,70.44081219493651
ELEC,PLEASANTONEVSTN DUAL#1,2 Main St,Pleasanton,CA,94566,,US,GPS,37.657198,-121.877564,2023-08-22,2024-07-09,307568.0,2024-07-09 01:57:24 UTC,,E,,Public,24 hours daily,0.0,2.0,0.0,,ChargePoint Network,http://www.chargepoint.com/,J1772,,,,,,False,,4382728701,-121.8767538,37.6569433,76.74008970784195
ELEC,BA GRANT PUBLIC COMMUNITYCENTER,550 E Remington Dr,Sunnyvale,CA,94087,,US,GPS,37.357521,-122.026117,2023-08-24,2024-07-09,307747.0,2024-07-09 01:59:16 UTC,,E,,Public,24 hours daily,0.0,2.0,0.0,,ChargePoint Network,http://www.chargepoint.com/,J1772,,,,,,False,,65539753,-122.0277468,37.3590035,218.91646096661134
ELEC,Mission Plaza - Tesla Supercharger,6917 Mission St,Daly City,CA,94014,,US,GPS,37.6965906385127,-122.463111242177,2023-08-24,2023-09-14,307812.0,2024-01-31 22:07:01 UTC,P,E,,Public,24 hours daily; for Tesla use only,0.0,0.0,15.0,,Tesla,https://www.tesla.com/supercharger,TESLA,SHOPPING_CENTER,,,False,LD,False,,65512261,-122.4628612,37.6965644,22.192389410656567
ELEC,Safeway - Tesla Supercharger,100 De Anza Blvd,San Mateo,CA,94402,,US,GPS,37.5215,-122.3377,2023-08-24,2023-09-14,307829.0,2024-01-31 22:07:01 UTC,P,E,,Public,24 hours daily; for Tesla use only,0.0,0.0,8.0,,Tesla,https://www.tesla.com/supercharger,TESLA,GROCERY,,,False,LD,False,,65433181,-122.3373972,37.5220408,65.79707153269308
ELEC,MARKET PARK STATION 14,1477 Berryessa Rd,San Jose,CA,95133,,US,GPS,37.369309,-121.880136,2023-08-25,2024-07-09,307851.0,2024-07-09 01:24:41 UTC,,E,,Public,24 hours daily,0.0,2.0,0.0,,ChargePoint Network,http://www.chargepoint.com/,J1772,,,,,,False,,6549047941,-121.8795354,37.3694414,55.07968099632597
ELEC,MARTINEZ CA CITY HALL 01,525 Henrietta St,Martinez,CA,94553,,US,GPS,38.013799,-122.134928,2023-09-01,2024-07-09,308355.0,2024-07-09 02:00:13 UTC,,E,,Public,24 hours daily,0.0,2.0,0.0,,ChargePoint Network,http://www.chargepoint.com/,J1772,,,,,,False,,57943155,-122.134806,38.0140538,30.28140668970493
ELEC,Hampton Inn & Suites - Tesla Supercharger,2940 S Norfolk St,San Mateo,CA,94403,,US,GPS,37.543787,-122.285551,2023-08-31,2023-09-14,308420.0,2024-01-31 22:07:01 UTC,P,E,,Public - Credit card at all times,24 hours daily; for Tesla use only,0.0,0.0,12.0,,Tesla,https://www.tesla.com/supercharger,TESLA,HOTEL,,,False,LD,False,,65465162,-122.28478,37.5433299,84.87693650472848
ELEC,MORAGA MORAGA 1,1299 School St,Moraga,CA,94556,,US,GPS,37.835338,-122.129788,2023-09-02,2024-07-09,308434.0,2024-07-09 01:08:02 UTC,,E,,Public,24 hours daily,0.0,2.0,0.0,,ChargePoint Network,http://www.chargepoint.com/,J1772,,,,,,False,,1289827326,-122.129667,37.8349931,39.79608809899331
ELEC,SAN JOSE SNTACLRA 5TH3,39 N 5th St,San Jose,CA,95112,,US,GPS,37.338118,-121.886321,2023-09-02,2024-07-09,308484.0,2024-07-09 02:00:51 UTC,,E,,Public,24 hours daily,0.0,1.0,0.0,,ChargePoint Network,http://www.chargepoint.com/,J1772,,,,,,False,,65510124,-121.8863149,37.3381973,8.834245956637558
ELEC,FOUNDRY3100 FOUNDRY1,3100 San Pablo Ave,Berkeley,CA,94702,,US,GPS,37.850452,-122.286958,2023-09-09,2024-07-09,308753.0,2024-07-09 00:53:57 UTC,,E,,Public,24 hours daily,0.0,2.0,0.0,,ChargePoint Network,http://www.chargepoint.com/,J1772,,,,,,False,,2644106915,-122.2862247,37.8505167,64.78536887942492
ELEC,CITYOFSANRAFAEL A ST CHARGER,930 B St,San Rafael,CA,94901,,US,GPS,37.972724,-122.529305,2023-09-09,2024-07-09,308800.0,2024-07-09 02:01:01 UTC,,E,,Public,24 hours daily,0.0,2.0,0.0,,ChargePoint Network,http://www.chargepoint.com/,J1772,,,,,,False,,110384161,-122.5296411,37.9722834,57.168408259846274
ELEC,CBRE Pacific Plaza,1340 Treat Blvd Suite #160,Walnut Creek,CA,94597,,US,GPS,37.9256465,-122.0582599,2016-11-22,2024-07-09,308879.0,2024-07-09 00:04:22 UTC,,E,,Public,24 hours daily,0.0,9.0,0.0,,Blink Network,http://www.blinkcharging.com/,J1772,,,,,,False,,2463378761,-122.0577829,37.9249688,86.19244593400678
ELEC,Costco San Francisco #144,450 10th Street,SF,CA,94118,,US,GPS,37.77055,-122.410891,2021-06-14,2024-07-09,308892.0,2024-07-09 00:04:28 UTC,,E,,Public,24 hours daily,0.0,2.0,0.0,,Blink Network,http://www.blinkcharging.com/,J1772,,,,,,False,,4012499534,-122.4114831,37.7698632,92.41610277621972
ELEC,Lincoln Court,2105 South Bascom Avenue,Campbell,CA,95008,,US,GPS,37.2851633,-121.9323287,2022-06-11,2024-07-09,308896.0,2024-07-09 00:04:30 UTC,,E,,Public,24 hours daily,0.0,4.0,0.0,,Blink Network,http://www.blinkcharging.com/,J1772,,,,,,False,,1175124683,-121.93176,37.285513,63.58791354888055
ELEC,Travis Corporate Building,One Travis Way,Vacaville,CA,95687,,US,GPS,38.3581864,-121.9696175,2017-12-21,2024-07-09,308903.0,2024-07-09 00:04:32 UTC,,E,,Public,24 hours daily,0.0,3.0,0.0,,Blink Network,http://www.blinkcharging.com/,J1772,,,,,,False,,62345147,-121.970186,38.356708,171.70180665918377
ELEC,Desco Plaza 3,3675 Mt. Diablo Road,Lafayette,CA,94549,,US,GPS,37.8893419,-122.1289896,2018-06-19,2024-07-09,308910.0,2024-07-09 00:04:40 UTC,,E,,Public,24 hours daily,0.0,2.0,0.0,,Blink Network,http://www.blinkcharging.com/,J1772,,,,,,False,,57923691,-122.1286776,37.888862,59.97669035571504
ELEC,Second Street Fund,333 Harrison Street,San Francisco,CA,94105,,US,GPS,37.7862909,-122.3914178,2022-04-27,2024-07-09,308922.0,2024-07-09 00:04:43 UTC,,E,,Public,24 hours daily,0.0,3.0,0.0,,Blink Network,http://www.blinkcharging.com/,J1772,,,,,,False,,65286228,-122.3909775,37.7860073,49.915622275551655
ELEC,Canyon Way,11555 Dublin Canyon Road,Pleasanton,CA,94588,,US,GPS,37.6965811,-121.9385116,2018-03-29,2024-07-09,308977.0,2024-07-09 00:05:57 UTC,,E,,Public,24 hours daily,0.0,12.0,0.0,,Blink Network,http://www.blinkcharging.com/,J1772,,,,,,False,,4372460162,-121.9372123,37.6972331,135.3683906256298
ELEC,Chan Zuckerberg Biohub,"499 Illinois Street, 4th Floor",San Francisco,CA,94158,,US,GPS,37.7658385,-122.3877002,2022-05-11,2024-07-09,308980.0,2024-07-09 00:06:00 UTC,,E,,Public,24 hours daily,0.0,4.0,0.0,,Blink Network,http://www.blinkcharging.com/,J1772,,,,,,False,,65332770,-122.388158,37.7669901,134.22643484266135
ELEC,1210 Marina Village Parkway,1210 Marina Village Parkway,Alameda,CA,94501,,US,GPS,37.7870484,-122.2732755,2021-12-08,2024-07-09,309025.0,2024-07-09 00:06:30 UTC,,E,,Public,24 hours daily,0.0,4.0,0.0,,Blink Network,http://www.blinkcharging.com/,J1772,,,,,,False,,1313977331,-122.2761329,37.7879998,272.4732169920264
ELEC,1100 Marina Village Parkway,1100 Marina Village Parkway,Alameda,CA,94501,,US,GPS,37.7860383,-122.2724855,2021-12-09,2024-07-09,309026.0,2024-07-09 00:06:30 UTC,,E,,Public,24 hours daily,0.0,4.0,0.0,,Blink Network,http://www.blinkcharging.com/,J1772,,,,,,False,,712804292,-122.2698823,37.7841102,313.5276796828335
ELEC,Costco Hayward BC #823,22330 Hathaway Avenue,Hayward,CA,94541,,US,GPS,37.6674108,-122.1023842,2022-02-16,2024-07-09,309028.0,2024-07-09 00:06:31 UTC,,E,,Public,24 hours daily,0.0,10.0,0.0,,Blink Network,http://www.blinkcharging.com/,J1772,,,,,,False,,2423707570,-122.1028582,37.6663372,126.45954462616436
ELEC,C Building Front,3639 Haven Avenue,Menlo Park,CA,94025,,US,GPS,37.4862476,-122.184571,2016-12-29,2024-07-09,309097.0,2024-07-09 00:07:44 UTC,,E,,Public,24 hours daily,0.0,4.0,0.0,,Blink Network,http://www.blinkcharging.com/,J1772,,,,,,False,,65512058,-122.186563,37.486232,175.7691844134844
ELEC,P1 - Parking Level One,500 Ygnacio Valley Road,Walnut Creek,CA,94596,,US,GPS,37.9069695,-122.0637254,2018-05-25,2024-07-09,309109.0,2024-07-09 00:07:47 UTC,,E,,Public,24 hours daily,0.0,2.0,0.0,,Blink Network,http://www.blinkcharging.com/,J1772,,,,,,False,,5764767697,-122.0645629,37.907059,74.14804647419913
ELEC,531506  El Camino 4410 LLC,4410 El Camino Real,Los Altos,CA,94022,,US,GPS,37.4029395,-122.1172167,2022-05-20,2024-07-09,309131.0,2024-07-09 00:07:58 UTC,,E,,Public,24 hours daily,0.0,6.0,0.0,,Blink Network,http://www.blinkcharging.com/,J1772,,,,,,False,,4949487303,-122.1170702,37.4035637,70.60399017755802
ELEC,431501  eaves San Jose II,2500 Trade Zone Boulevard,San Jose,CA,95131,,US,GPS,37.402369,-121.883471,2018-12-03,2024-07-09,309141.0,2024-07-09 00:08:04 UTC,,E,,Public,24 hours daily,0.0,2.0,0.0,,Blink Network,http://www.blinkcharging.com/,J1772,,,,,,False,,65463149,-121.8831509,37.4024994,31.776209055439626
ELEC,Miraval HOA,3901 Lick Mill Blvd.,Santa Clara,CA,95054,,US,GPS,37.3962698,-121.9427559,2023-07-18,2024-07-09,309162.0,2024-07-09 00:06:39 UTC,,E,,Public,24 hours daily,0.0,4.0,0.0,,Blink Network,http://www.blinkcharging.com/,J1772,,,,,,False,,190053342,-121.9436962,37.3965145,87.40831791695071
ELEC,3003 Bunker Hill,3003 Bunker Hill Ln,Santa Clara,CA,95054,,US,GPS,37.40686209,-121.9808764,2022-09-21,2024-07-09,309181.0,2024-07-09 00:08:14 UTC,,E,,Public,24 hours daily,0.0,7.0,0.0,,Blink Network,http://www.blinkcharging.com/,J1772,,,,,,False,,65611790,-121.980181,37.405705,142.57237215911775
ELEC,5403 Betsy Ross Drive,5403 Betsy Ross Drive,Santa Clara,CA,95054,,US,GPS,37.4097799,-121.9813465,2022-09-20,2024-07-09,309182.0,2024-07-09 00:08:15 UTC,,E,,Public,24 hours daily,0.0,9.0,0.0,,Blink Network,http://www.blinkcharging.com/,J1772,,,,,,False,,65580389,-121.9820563,37.4106232,112.79719924029939
ELEC,Wind River,Wind River Way,Alameda,CA,94501,,US,GPS,37.7799788,-122.2630286,2021-12-08,2024-07-09,309194.0,2024-07-09 00:08:23 UTC,,E,,Public,24 hours daily,0.0,22.0,0.0,,Blink Network,http://www.blinkcharging.com/,J1772,,,,,,False,,712803887,-122.2635239,37.7796947,53.784641206659884
ELEC,Avalon on the Alameda (SHARED),1300 The Alameda,San Jose,CA,95126,,US,GPS,37.33365,-121.9114,2019-02-08,2024-07-09,309224.0,2024-07-09 00:09:12 UTC,,E,,Public,24 hours daily,0.0,5.0,0.0,,Blink Network,http://www.blinkcharging.com/,J1772,,,,,,False,,5075922714,-121.9099667,37.3335232,127.5046413119477
ELEC,431502  Avalon Campbell (Shared),508 Railway Avenue,Campbell,CA,95008,,US,GPS,37.2820096,-121.9458174,2021-09-08,2024-07-09,309233.0,2024-07-09 00:09:20 UTC,,E,,Public,24 hours daily,0.0,3.0,0.0,,Blink Network,http://www.blinkcharging.com/,J1772,,,,,,False,,65499501,-121.9457212,37.2829152,101.05731344708813
ELEC,431405  Avalon Berkeley (Shared),651 Addison Street,Berkeley,CA,94710,,US,GPS,37.8663298,-122.300963,2019-03-25,2024-07-09,309242.0,2024-07-09 00:09:30 UTC,,E,,Public,24 hours daily,0.0,1.0,0.0,,Blink Network,http://www.blinkcharging.com/,J1772,,,,,,False,,53112061,-122.3017207,37.8658131,87.89193741485211
ELEC,431402  Avalon Sunset Towers,8 Locksley Ave,SF,CA,94122,,US,GPS,37.7584994,-122.4631573,2019-02-04,2024-07-09,309261.0,2024-07-09 00:09:37 UTC,,E,,Public,24 hours daily,0.0,3.0,0.0,,Blink Network,http://www.blinkcharging.com/,J1772,,,,,,False,,65293930,-122.463229,37.7586084,13.661296909780239
ELEC,431502  Avalon Campbell,508 Railway Avenue,Campbell,CA,95008,,US,GPS,37.2820096,-121.9458174,2015-08-17,2024-07-09,309268.0,2024-07-09 00:09:40 UTC,,E,,Public,24 hours daily,0.0,4.0,0.0,,Blink Network,http://www.blinkcharging.com/,J1772,,,,,,False,,65499501,-121.9457212,37.2829152,101.05731344708813
ELEC,431401  AVA Nob Hill,965 Sutter Street,SF,CA,94109,,US,GPS,37.788089,-122.4160023,2019-02-08,2024-07-09,309271.0,2024-07-09 00:09:41 UTC,,E,,Public,24 hours daily,0.0,4.0,0.0,,Blink Network,http://www.blinkcharging.com/,J1772,,,,,,False,,65303553,-122.4168465,37.7881845,74.94064838902038
ELEC,431505  Avalon Campbell 2,512 Railway Avenue,Campbell,CA,95008,,US,GPS,37.2819456,-121.9457849,2019-02-04,2024-07-09,309272.0,2024-07-09 00:09:42 UTC,,E,,Public,24 hours daily,0.0,3.0,0.0,,Blink Network,http://www.blinkcharging.com/,J1772,,,,,,False,,65499501,-121.9457212,37.2829152,107.96195044152205
ELEC,431506  Avalon Campbell 3,528 Railway Avenue,Campbell,CA,95008,,US,GPS,37.2819456,-121.9457849,2015-11-06,2024-07-09,309273.0,2024-07-09 00:09:42 UTC,,E,,Public,24 hours daily,0.0,3.0,0.0,,Blink Network,http://www.blinkcharging.com/,J1772,,,,,,False,,65499501,-121.9457212,37.2829152,107.96195044152205
ELEC,431504  Avalon Morrison Park,899 Morrison Park Drive,San Jose,CA,95126,,US,GPS,37.3337911,-121.9082417,2016-08-16,2024-07-09,309274.0,2024-07-09 00:09:42 UTC,,E,,Public,24 hours daily,0.0,6.0,0.0,,Blink Network,http://www.blinkcharging.com/,J1772,,,,,,False,,2983992343,-121.9079788,37.3339068,26.566659295879916
ELEC,431503  Avalon on the Alameda,1300 The Alameda,San Jose,CA,95126,,US,GPS,37.3327784,-121.9131428,2019-02-04,2024-07-09,309278.0,2024-07-09 00:09:43 UTC,,E,,Public,24 hours daily,0.0,4.0,0.0,,Blink Network,http://www.blinkcharging.com/,J1772,,,,,,False,,4167921921,-121.9132477,37.3325144,30.785790316717087
ELEC,431507  Avalon on the Alameda 2,1306 The Alameda,San Jose,CA,95126,,US,GPS,37.3334108,-121.9111979,2019-02-05,2024-07-09,309279.0,2024-07-09 00:09:43 UTC,,E,,Public,24 hours daily,0.0,2.0,0.0,,Blink Network,http://www.blinkcharging.com/,J1772,,,,,,False,,5075922714,-121.9099667,37.3335232,109.56969609229526
ELEC,431508  Avalon on the Alameda 3,1314 The Alameda,San Jose,CA,95126,,US,GPS,37.333803,-121.9106081,2019-02-08,2024-07-09,309280.0,2024-07-09 00:08:02 UTC,,E,,Public,24 hours daily,0.0,1.0,0.0,,Blink Network,http://www.blinkcharging.com/,J1772,,,,,,False,,5075922714,-121.9099667,37.3335232,64.68229059856588
ELEC,431509  Avalon on the Alameda 4,1326 The Alameda,San Jose,CA,95126,,US,GPS,37.3328625,-121.9122993,2019-01-31,2024-07-09,309281.0,2024-07-09 00:08:02 UTC,,E,,Public,24 hours daily,0.0,2.0,0.0,,Blink Network,http://www.blinkcharging.com/,J1772,,,,,,False,,4549831125,-121.9126268,37.3321314,86.29755479735914
ELEC,431511  Avalon at Cahill Park,754 The Alameda,San Jose,CA,95126,,US,GPS,37.3315684,-121.9049064,2019-03-28,2024-07-09,309297.0,2024-07-09 00:09:48 UTC,,E,,Public,24 hours daily,0.0,10.0,0.0,,Blink Network,http://www.blinkcharging.com/,J1772,,,,,,False,,3616819741,-121.9047549,37.3317725,26.35306052329668
ELEC,431504  Avalon Morrison Park (Shared),899 Morrison Park Drive,San Jose,CA,95126,,US,GPS,37.3337911,-121.9082417,2019-02-05,2024-07-09,309366.0,2024-07-09 00:10:21 UTC,,E,,Public,24 hours daily,0.0,1.0,0.0,,Blink Network,http://www.blinkcharging.com/,J1772,,,,,,False,,2983992343,-121.9079788,37.3339068,26.566659295879916
ELEC,431407  Avalon Hayes Valley (shared),325 Octavia Street,SF,CA,94102,,US,GPS,37.77508,-122.42448,2018-11-26,2024-07-09,309377.0,2024-07-09 00:10:48 UTC,,E,,Public,24 hours daily,0.0,1.0,0.0,,Blink Network,http://www.blinkcharging.com/,J1772,,,,,,False,,601217513,-122.4244018,37.7752741,22.650903917903744
ELEC,431405  Avalon Berkeley,651 Addison Street,Berkeley,CA,94710,,US,GPS,37.8663298,-122.300963,2012-01-12,2024-07-09,309386.0,2024-07-09 00:10:53 UTC,,E,,Public,24 hours daily,0.0,7.0,0.0,,Blink Network,http://www.blinkcharging.com/,J1772,,,,,,False,,53112061,-122.3017207,37.8658131,87.89193741485211
ELEC,531501  Prospect Place,2953 Bunker Hill Lane,Santa Clara,CA,95054,,US,GPS,37.4065228,-121.9803247,2019-02-26,2024-07-09,309390.0,2024-07-09 00:10:53 UTC,,E,,Public,24 hours daily,0.0,6.0,0.0,,Blink Network,http://www.blinkcharging.com/,J1772,,,,,,False,,65611790,-121.980181,37.405705,91.81688676696068
ELEC,431407  Avalon Hayes Valley,325 Octavia Street,SF,CA,94102,,US,GPS,37.7749694,-122.4247376,2015-01-05,2024-07-09,309395.0,2024-07-09 00:10:54 UTC,,E,,Public,24 hours daily,0.0,4.0,0.0,,Blink Network,http://www.blinkcharging.com/,J1772,,,,,,False,,65310804,-122.4243081,37.7748083,41.78399622343916
ELEC,431404 AVA 55 Ninth,55 9th Ave,SF,CA,94118,,US,GPS,37.7866351,-122.4680816,2019-03-26,2024-07-09,309400.0,2024-07-09 00:10:57 UTC,,E,,Public,24 hours daily,0.0,4.0,0.0,,Blink Network,http://www.blinkcharging.com/,J1772,,,,,,False,,65289328,-122.4679218,37.786534,17.988291768516902
ELEC,431515 Avalon Silicon Valley,1257 Lakeside Drive,Sunnyvale,CA,94085,,US,GPS,37.3886182,-121.9937851,2019-03-29,2024-07-09,309402.0,2024-07-09 00:10:58 UTC,,E,,Public,24 hours daily,0.0,5.0,0.0,,Blink Network,http://www.blinkcharging.com/,J1772,,,,,,False,,65529014,-121.9938258,37.3879136,78.43052745312029
ELEC,431406 - Avalon Dogpatch,800 Indiana Street,SF,CA,94107,,US,GPS,37.7593746,-122.3917718,2014-11-03,2024-07-09,309408.0,2024-07-09 00:10:59 UTC,,E,,Public,24 hours daily,0.0,5.0,0.0,,Blink Network,http://www.blinkcharging.com/,J1772,,,,,,False,,65333583,-122.3914187,37.7603758,115.5749247705311
ELEC,431512  The James,98 North 1st Street,San Jose,CA,95113,,US,GPS,37.3373459,-121.8908326,2023-07-31,2024-07-09,309426.0,2024-07-09 00:11:06 UTC,,E,,Public,24 hours daily,0.0,1.0,0.0,,Blink Network,http://www.blinkcharging.com/,J1772,,,,,,False,,65426258,-121.8917324,37.3376588,86.82604987248217
ELEC,Greenwich Street Properties,1275 Greenwich Street,San Francisco,CA,94109,,US,GPS,37.8007726,-122.4205045,2020-12-04,2024-07-09,309468.0,2024-07-09 00:11:23 UTC,,E,,Public,24 hours daily,0.0,4.0,0.0,,Blink Network,http://www.blinkcharging.com/,J1772,,,,,,False,,600650911,-122.4204211,37.80094,20.004402890632402
ELEC,1850 Gateway Drive,1850 Gateway Drive,San Mateo,CA,94404,,US,GPS,37.55663,-122.2798768,2022-06-14,2024-07-09,309513.0,2024-07-09 00:11:36 UTC,,E,,Public,24 hours daily,0.0,19.0,0.0,,Blink Network,http://www.blinkcharging.com/,J1772,,,,,,False,,615115451,-122.2791625,37.5569894,74.57698713397316
ELEC,Dillon Beach Resort,1 Beach Avenue,Dillon Beach,CA,94929,,US,GPS,38.249954585157774,-122.96470785958635,2023-07-12,2024-07-09,309544.0,2024-07-09 00:12:34 UTC,,E,,Public,24 hours daily,0.0,1.0,0.0,,Blink Network,http://www.blinkcharging.com/,J1772,,,,,,False,,110391765,-122.9646655,38.2499102,6.16772087645112
ELEC,431505  Avalon Campbell 2 (Shared),512 Railway Avenue,Campbell,CA,95008,,US,GPS,37.2819456,-121.9457849,2016-05-25,2024-07-09,309553.0,2024-07-09 00:12:41 UTC,,E,,Public,24 hours daily,0.0,3.0,0.0,,Blink Network,http://www.blinkcharging.com/,J1772,,,,,,False,,65499501,-121.9457212,37.2829152,107.96195044152205
ELEC,FireStone Complete Auto Care - Santa Rosa,2730 Santa Rosa Avenue,Santa Rosa,CA,95407,,US,GPS,38.410581,-122.712846,2023-06-28,2024-07-09,309554.0,2024-07-09 00:12:41 UTC,,E,,Public,24 hours daily,0.0,2.0,0.0,,Blink Network,http://www.blinkcharging.com/,J1772,,,,,,False,,56026697,-122.713493,38.4096934,113.66188360899875
ELEC,531511  Millich,595 Millich Drive,Campbell,CA,95008,,US,GPS,37.295469,-121.9599756,2019-02-08,2024-07-09,309573.0,2024-07-09 00:12:50 UTC,,E,,Public,24 hours daily,0.0,6.0,0.0,,Blink Network,http://www.blinkcharging.com/,J1772,,,,,,False,,65504032,-121.9595087,37.2958869,62.16979703504338
ELEC,Ravenswood Family Health Center,1885 Bay Road,East Palo Alto,CA,94303,,US,GPS,37.4729407,-122.1324895,2014-09-09,2024-07-09,309579.0,2024-07-09 00:12:52 UTC,,E,,Public,24 hours daily,0.0,9.0,0.0,,Blink Network,http://www.blinkcharging.com/,J1772,,,,,,False,,65390965,-122.1318437,37.4729081,57.10635193321912
ELEC,1201 Marina Village Parkway,1201 Marina Village Parkway,Alameda,CA,94501,,US,GPS,37.7853956,-122.2738071,2022-06-29,2024-07-09,309583.0,2024-07-09 00:12:56 UTC,,E,,Public,24 hours daily,0.0,2.0,0.0,,Blink Network,http://www.blinkcharging.com/,J1772,,,,,,False,,239470221,-122.2760564,37.7846604,213.90475966482998
ELEC,960 Atlantic Avenue,960 Atlantic Avenue,Alameda,CA,94501,,US,GPS,37.7806264,-122.2699082,2022-06-30,2024-07-09,309584.0,2024-07-09 00:12:56 UTC,,E,,Public,24 hours daily,0.0,2.0,0.0,,Blink Network,http://www.blinkcharging.com/,J1772,,,,,,False,,712804199,-122.2699431,37.7811808,61.72280861886847
ELEC,Thermo Fisher Scientific Location,527 Lakeside Drive,Sunnyvale,CA,94085,,US,GPS,37.3844092,-121.9940516,2019-07-15,2024-07-09,309593.0,2024-07-09 00:13:01 UTC,,E,,Public,24 hours daily,0.0,16.0,0.0,,Blink Network,http://www.blinkcharging.com/,J1772,,,,,,False,,65580016,-121.9933983,37.3836778,99.72980294510035
ELEC,Back Parking Lot / East,2585 E. Bayshore Road,Palo Alto,CA,94303,,US,GPS,37.4465088,-122.1179149,2022-12-27,2024-07-09,309631.0,2024-07-09 00:13:13 UTC,,E,,Public,24 hours daily,0.0,1.0,0.0,,Blink Network,http://www.blinkcharging.com/,J1772,,,,,,False,,323497485,-122.1188816,37.4453295,156.45701814942683
ELEC,431511  Avalon at Cahill Park #3,754 The Alameda,San Jose,CA,95126,,US,GPS,37.3315684,-121.9051297,2019-03-28,2024-07-09,309652.0,2024-07-09 00:13:34 UTC,,E,,Public,24 hours daily,0.0,1.0,0.0,,Blink Network,http://www.blinkcharging.com/,J1772,,,,,,False,,3616819741,-121.9047549,37.3317725,40.16459109774911
ELEC,531505  BDC/ San Jose,2300 Orchard Parkway,San Jose,CA,95131,,US,GPS,37.3784895,-121.9257373,2016-11-14,2024-07-09,309723.0,2024-07-09 00:14:39 UTC,,E,,Public,24 hours daily,0.0,6.0,0.0,,Blink Network,http://www.blinkcharging.com/,J1772,,,,,,False,,760124292,-121.9252101,37.3774182,127.90785571176097
ELEC,Modera Rincon Hill,390 1st Street,SF,CA,94105,,US,GPS,37.7861748,-122.3934314,2020-01-20,2024-07-09,309830.0,2024-07-09 00:17:44 UTC,,E,,Public,24 hours daily,0.0,6.0,0.0,,Blink Network,http://www.blinkcharging.com/,J1772,,,,,,False,,4627635288,-122.3935146,37.7864394,30.317055173645645
ELEC,"AC Hotel, San Rafael",1201 Fifth Avenue,San Rafael,CA,94901,,US,GPS,37.97436310706424,-122.52976550377636,2023-07-10,2024-07-09,309939.0,2024-07-09 00:18:05 UTC,,E,,Public,24 hours daily,0.0,7.0,0.0,,Blink Network,http://www.blinkcharging.com/,J1772,,,,,,False,,110437533,-122.5293258,37.9742721,39.84797869087227
ELEC,531507 - First Street Center Garage,1734 North 1st Street,San Jose,CA,95112,,US,GPS,37.3682497,-121.9127316,2012-01-12,2024-07-09,310033.0,2024-07-09 00:20:49 UTC,,E,,Public,24 hours daily,0.0,8.0,0.0,,Blink Network,http://www.blinkcharging.com/,J1772,,,,,,False,,261619235,-121.9134503,37.3670112,151.65570119859186
ELEC,John Muir Health Employee Parking Lot,230 La Casa Via,Walnut Creek,CA,94598,,US,GPS,37.909324,-122.03884,2020-07-10,2024-07-09,310042.0,2024-07-09 00:20:52 UTC,,E,,Public,24 hours daily,0.0,8.0,0.0,,Blink Network,http://www.blinkcharging.com/,J1772,,,,,,False,,347405952,-122.0381806,37.9102721,120.25307752497459
ELEC,Futurewei,2220 Central Expressway,Santa Clara,CA,95050,,US,GPS,37.373444,-121.9648727,2014-12-01,2024-07-09,310084.0,2024-07-09 00:20:27 UTC,,E,,Public,24 hours daily,0.0,5.0,0.0,,Blink Network,http://www.blinkcharging.com/,J1772,,,,,,False,,258965540,-121.9646417,37.3740119,66.36491658684824
ELEC,Shelter Bay HOA 1000,1000 Shelter Bay Avenue,Mill Valley,CA,94941,,US,GPS,37.8931706,-122.5188352,2015-08-10,2024-07-09,310089.0,2024-07-09 00:21:43 UTC,,E,,Public,24 hours daily,0.0,2.0,0.0,,Blink Network,http://www.blinkcharging.com/,J1772,,,,,,False,,110386495,-122.5186694,37.8934569,35.00214340845484
ELEC,Shelter Bay HOA 5000,5000 Shelter Bay Avenue,Mill Valley,CA,94941,,US,GPS,37.8921039,-122.520355,2015-08-10,2024-07-09,310090.0,2024-07-09 00:21:43 UTC,,E,,Public,24 hours daily,0.0,2.0,0.0,,Blink Network,http://www.blinkcharging.com/,J1772,,,,,,False,,10274972281,-122.5201973,37.8905286,175.71140926981576
ELEC,Dupont IB,925 Page Mill Road,Palo Alto,CA,94304,,US,GPS,37.418962,-122.143717,2015-10-06,2024-07-09,310112.0,2024-07-09 00:22:06 UTC,,E,,Public,24 hours daily,0.0,4.0,0.0,,Blink Network,http://www.blinkcharging.com/,J1772,,,,,,False,,6045036276,-122.1455125,37.4188171,159.38199882781916
ELEC,BBP 160 WSC LLC,160 West Santa Clara Street,San Jose,CA,95113,,US,GPS,37.3346871,-121.8930162,2016-08-30,2024-07-09,310152.0,2024-07-09 00:22:14 UTC,,E,,Public,24 hours daily,0.0,6.0,0.0,,Blink Network,http://www.blinkcharging.com/,J1772,,,,,,False,,3537422681,-121.8928762,37.335082,45.62210473347935
ELEC,"Tubuai, LLC",2595 East Bayshore Road,Palo Alto,CA,94303,,US,GPS,37.4460568,-122.1177253,2021-10-27,2024-07-09,310210.0,2024-07-09 00:23:25 UTC,,E,,Public,24 hours daily,0.0,2.0,0.0,,Blink Network,http://www.blinkcharging.com/,J1772,,,,,,False,,323497485,-122.1188816,37.4453295,130.23257720245599
ELEC,1010 Atlantic Ave,1010 Atlantic Avenue,Alameda,CA,94501,,US,GPS,37.7802739,-122.2661863,2022-04-19,2024-07-09,310244.0,2024-07-09 00:22:28 UTC,,E,,Public,24 hours daily,0.0,3.0,0.0,,Blink Network,http://www.blinkcharging.com/,J1772,,,,,,False,,53086760,-122.2654091,37.7806651,80.97919475267206
ELEC,Garage 1st Floor,3639 Haven Avenue,Menlo Park,CA,94025,,US,GPS,37.4862588,-122.1836513,2016-12-28,2024-07-09,310271.0,2024-07-09 00:23:54 UTC,,E,,Public,24 hours daily,0.0,9.0,0.0,,Blink Network,http://www.blinkcharging.com/,J1772,,,,,,False,,65512062,-122.18215,37.4851944,177.6379959278365
ELEC,B Building Backside,3639 Haven Avenue,Menlo Park,CA,94025,,US,GPS,37.4862588,-122.1836513,2021-06-28,2024-07-09,310272.0,2024-07-09 00:23:54 UTC,,E,,Public,24 hours daily,0.0,4.0,0.0,,Blink Network,http://www.blinkcharging.com/,J1772,,,,,,False,,65512062,-122.18215,37.4851944,177.6379959278365
ELEC,B Building East Side,3639 Haven Avenue,Menlo Park,CA,94025,,US,GPS,37.4862588,-122.1836513,2016-12-29,2024-07-09,310273.0,2024-07-09 00:23:54 UTC,,E,,Public,24 hours daily,0.0,4.0,0.0,,Blink Network,http://www.blinkcharging.com/,J1772,,,,,,False,,65512062,-122.18215,37.4851944,177.6379959278365
ELEC,VA Clinic Santa Rosa,2285 Challenger Way,Santa Rosa,CA,95407,,US,GPS,38.4246899,-122.7509379,2020-11-24,2024-07-09,310292.0,2024-07-09 00:24:04 UTC,,E,,Public,24 hours daily,0.0,8.0,0.0,,Blink Network,http://www.blinkcharging.com/,J1772,,,,,,False,,56130585,-122.7515959,38.4244253,64.43065011056409
ELEC,Sonesta San Jose,777 Bellew Drive,Milpitas,CA,95035,,US,GPS,37.422497,-121.919266,2022-03-22,2024-07-09,310315.0,2024-07-09 00:24:13 UTC,,E,,Public,24 hours daily,0.0,2.0,0.0,,Blink Network,http://www.blinkcharging.com/,J1772,,,,,,False,,519675022,-121.9192944,37.4219479,61.1087071115654
ELEC,Bodega Bay Lodge,103 Coast Highway 1,Bodega Bay,CA,94923,,US,GPS,38.3176252,-123.0318976,2021-11-04,2024-07-09,310316.0,2024-07-09 00:24:13 UTC,,E,,Public,24 hours daily,0.0,2.0,0.0,,Blink Network,http://www.blinkcharging.com/,J1772,,,,,,False,,56047831,-123.0312107,38.3174198,64.13147686640966
ELEC,431406 - Avalon Dogpatch (Shared),800 Indiana Street,SF,CA,94107,,US,GPS,37.75958,-122.39185,2019-03-25,2024-07-09,310330.0,2024-07-09 00:24:34 UTC,,E,,Public,24 hours daily,0.0,2.0,0.0,,Blink Network,http://www.blinkcharging.com/,J1772,,,,,,False,,65333583,-122.3914187,37.7603758,96.26976790842235
ELEC,431402 Avalon Sunset Towers (Shared),8 Locksley Ave,SF,CA,94122,,US,GPS,37.758251,-122.463074,2017-08-09,2024-07-09,310332.0,2024-07-09 00:24:41 UTC,,E,,Public,24 hours daily,0.0,1.0,0.0,,Blink Network,http://www.blinkcharging.com/,J1772,,,,,,False,,65293930,-122.463229,37.7586084,42.01225262568957
ELEC,431404 AVA 55 Ninth (Shared),55 9th Ave,SF,CA,94118,,US,GPS,37.7866351,-122.4680816,2019-07-11,2024-07-09,310344.0,2024-07-09 00:24:51 UTC,,E,,Public,24 hours daily,0.0,1.0,0.0,,Blink Network,http://www.blinkcharging.com/,J1772,,,,,,False,,65289328,-122.4679218,37.786534,17.988291768516902
ELEC,INTEL SJI,101 Innovation Drive,San Jose,CA,95134,,US,GPS,37.4010672,-121.9355444,2012-01-09,2024-07-09,310376.0,2024-07-09 00:25:10 UTC,,E,,Public,24 hours daily,0.0,11.0,0.0,,Blink Network,http://www.blinkcharging.com/,J1772,,,,,,False,,65668413,-121.9346615,37.4004375,104.8103339853692
ELEC,City of Fairfield,420 Gregory Lane,Fairfield,CA,94533,,US,GPS,38.2467234,-122.0554237,2021-08-26,2024-07-09,310411.0,2024-07-09 00:25:21 UTC,,E,,Public,24 hours daily,0.0,3.0,0.0,,Blink Network,http://www.blinkcharging.com/,J1772,,,,,,False,,62477926,-122.0561014,38.247247,83.01941271067024
ELEC,Hansel Dealerships Inc.,2979 Corby Avenue,Santa Rosa,CA,95407,,US,GPS,38.40543745929642,-122.71687956269857,2023-09-13,2024-07-09,310554.0,2024-07-09 00:23:16 UTC,,E,,Public,24 hours daily,0.0,1.0,0.0,,Blink Network,http://www.blinkcharging.com/,J1772,,,,,,False,,56099337,-122.7164085,38.4067591,152.58448227378972
ELEC,CHROMA EAST STATION 3,3468 Innovation Wy,Fremont,CA,94538,,US,GPS,37.500393,-121.94491,2023-09-16,2024-07-09,310809.0,2024-07-09 01:59:24 UTC,,E,,Public,24 hours daily,0.0,1.0,0.0,,ChargePoint Network,http://www.chargepoint.com/,J1772,,,,,,False,,5492044350,-121.9443918,37.500294,47.020608512739784
ELEC,CHROMA EAST STATION 5,3468 Innovation Wy,Fremont,CA,94538,,US,GPS,37.500366,-121.945,2023-09-16,2024-07-09,310810.0,2024-07-09 01:59:24 UTC,,E,,Public,24 hours daily,0.0,2.0,0.0,,ChargePoint Network,http://www.chargepoint.com/,J1772,,,,,,False,,5492044350,-121.9443918,37.500294,54.24737163530414
ELEC,CHROMA EAST STATION 2,3468 Innovation Wy,Fremont,CA,94538,,US,GPS,37.5004,-121.944885,2023-09-16,2024-07-09,310811.0,2024-07-09 01:59:24 UTC,,E,,Public,24 hours daily,0.0,1.0,0.0,,ChargePoint Network,http://www.chargepoint.com/,J1772,,,,,,False,,5492044350,-121.9443918,37.500294,45.07669264362734
ELEC,CHROMA EAST STATION 4,3468 Innovation Wy,Fremont,CA,94538,,US,GPS,37.500396,-121.944898,2023-09-16,2024-07-09,310812.0,2024-07-09 01:59:24 UTC,,E,,Public,24 hours daily,0.0,2.0,0.0,,ChargePoint Network,http://www.chargepoint.com/,J1772,,,,,,False,,5492044350,-121.9443918,37.500294,46.07307930517779
ELEC,CHROMA EAST STATION 1,3468 Innovation Wy,Fremont,CA,94538,,US,GPS,37.500402,-121.94487,2023-09-16,2024-07-09,310813.0,2024-07-09 01:59:24 UTC,,E,,Public,24 hours daily,0.0,1.0,0.0,,ChargePoint Network,http://www.chargepoint.com/,J1772,,,,,,False,,5492044350,-121.9443918,37.500294,43.86121502403048
ELEC,Palos Verdes Mall,1500 Palos Verdes Mall,Walnut Creek,CA,94597,,US,GPS,37.923784,-122.087921,2023-09-17,2024-07-08,310873.0,2024-07-09 00:00:15 UTC,,E,,Public,24 hours daily,0.0,0.0,6.0,,eVgo Network,https://www.evgo.com/,CHADEMO J1772COMBO,,,,,,False,,57815921,-122.0878459,37.9229536,92.5710727550664
ELEC,EV ARC ARC SAN LEANDRO,15542 Foothill Blvd,San Leandro,CA,94578,,US,GPS,37.708041,-122.117922,2023-09-19,2024-07-09,310931.0,2024-07-09 01:59:29 UTC,,E,,Public,24 hours daily,0.0,2.0,0.0,,ChargePoint Network,http://www.chargepoint.com/,J1772,,,,,,False,,53073143,-122.1196648,37.707235,177.58978418836182
ELEC,TARGET T1438 STATION 2,4000 Bel Aire Plaza,Napa,CA,94558,,US,GPS,38.321718,-122.307595,2023-09-20,2024-07-09,311107.0,2024-07-09 02:01:40 UTC,,E,,Public,Mon 7:00am - 12:00am; Tue 7:00am - 12:00am; Wed 7:00am - 12:00am; Thu 7:00am - 12:00am; Fri 7:00am - 12:00am; Sat 7:00am - 12:00am; Sun 7:00am - 12:00am,0.0,2.0,0.0,,ChargePoint Network,http://www.chargepoint.com/,J1772,,,,,,False,,4589509541,-122.3072254,38.3214877,41.17506448031345
ELEC,TARGET T1438 STATION 1,4000 Bel Aire Plaza,Napa,CA,94558,,US,GPS,38.321702,-122.307611,2023-09-20,2024-07-09,311108.0,2024-07-09 02:01:40 UTC,,E,,Public,Mon 7:00am - 12:00am; Tue 7:00am - 12:00am; Wed 7:00am - 12:00am; Thu 7:00am - 12:00am; Fri 7:00am - 12:00am; Sat 7:00am - 12:00am; Sun 7:00am - 12:00am,0.0,2.0,0.0,,ChargePoint Network,http://www.chargepoint.com/,J1772,,,,,,False,,4589509541,-122.3072254,38.3214877,41.22363973563286
ELEC,Genesis Marina,3000-3500 Marina Boulevard,Brisbane,CA,94005,,US,GPS,37.674324,-122.388117,2023-08-21,2024-07-09,311144.0,2024-07-09 00:14:49 UTC,,E,,Public,24 hours daily,0.0,38.0,0.0,,Blink Network,http://www.blinkcharging.com/,J1772,,,,,,False,,65357038,-122.3885697,37.6737333,76.82238307406429
ELEC,HARBOR BAY 1600 #2,1600 Harbor Bay Pkwy,Alameda,CA,94502,,US,GPS,37.724578,-122.239917,2023-09-21,2024-07-09,311170.0,2024-07-09 01:56:04 UTC,,E,,Public,Sat 12:00am - 12:00am; Sun 12:00am - 12:00am,0.0,2.0,0.0,,ChargePoint Network,http://www.chargepoint.com/,J1772,,,,,,False,,53066199,-122.2397931,37.7252434,74.78736075755384
ELEC,HARBOR BAY 1600#1,1600 Harbor Bay Pkwy,Alameda,CA,94502,,US,GPS,37.72453,-122.239877,2023-09-21,2024-07-09,311171.0,2024-07-09 01:56:04 UTC,,E,,Public,Sat 12:00am - 12:00am; Sun 12:00am - 12:00am,0.0,2.0,0.0,,ChargePoint Network,http://www.chargepoint.com/,J1772,,,,,,False,,53066199,-122.2397931,37.7252434,79.66903807115877
ELEC,HARBOR BAY 1640 #1,1640 S Loop Rd,Alameda,CA,94502,,US,GPS,37.723087,-122.239542,2023-09-21,2024-07-09,311172.0,2024-07-09 01:57:13 UTC,,E,,Public,24 hours daily,0.0,2.0,0.0,,ChargePoint Network,http://www.chargepoint.com/,J1772,,,,,,False,,53066199,-122.2397931,37.7252434,240.79596324843166
ELEC,HARBOR BAY 1640 #2,1640 S Loop Rd,Alameda,CA,94502,,US,GPS,37.723108,-122.239526,2023-09-21,2024-07-09,311173.0,2024-07-09 01:57:13 UTC,,E,,Public,24 hours daily,0.0,2.0,0.0,,ChargePoint Network,http://www.chargepoint.com/,J1772,,,,,,False,,53066199,-122.2397931,37.7252434,238.6052402351345
ELEC,HARBOR BAY 1640 #3,1640 S Loop Rd,Alameda,CA,94502,,US,GPS,37.723123,-122.239547,2023-09-21,2024-07-09,311174.0,2024-07-09 01:57:14 UTC,,E,,Public,24 hours daily,0.0,2.0,0.0,,ChargePoint Network,http://www.chargepoint.com/,J1772,,,,,,False,,53066199,-122.2397931,37.7252434,236.76948952549228
ELEC,HARBOR BAY 1420H #3,1420 Harbor Bay Pkwy,Alameda,CA,94502,,US,GPS,37.723801,-122.238238,2023-09-21,2024-07-09,311187.0,2024-07-09 02:01:39 UTC,,E,,Public,Sat 12:00am - 12:00am; Sun 12:00am - 12:00am,0.0,2.0,0.0,,ChargePoint Network,http://www.chargepoint.com/,J1772,,,,,,False,,53084632,-122.2385879,37.7253589,175.94305755983552
ELEC,HARBOR BAY 1420H #4,1420 Harbor Bay Pkwy,Alameda,CA,94502,,US,GPS,37.72364,-122.238434,2023-09-21,2024-07-09,311188.0,2024-07-09 02:01:39 UTC,,E,,Public,Sat 12:00am - 12:00am; Sun 12:00am - 12:00am,0.0,2.0,0.0,,ChargePoint Network,http://www.chargepoint.com/,J1772,,,,,,False,,53084632,-122.2385879,37.7253589,191.61191453907978
ELEC,Target - Tesla Supercharger,4000 Bel Aire Plaza,Napa,CA,94558,,US,GPS,38.321869,-122.307381,2023-09-21,2023-10-12,311231.0,2024-01-31 22:07:01 UTC,P,E,,Public - Credit card at all times,24 hours daily; for Tesla use only,0.0,0.0,12.0,,Tesla,https://www.tesla.com/supercharger,TESLA,SHOPPING_CENTER,,,False,LD,False,,4589509541,-122.3072254,38.3214877,44.51859063692934
ELEC,Vacaville Commons - Tesla Supercharger,2098 Harbison Dr,Vacaville,CA,95687,,US,GPS,38.3621637304721,-121.963204701152,2023-09-21,2023-10-12,311233.0,2024-01-31 22:07:01 UTC,P,E,,Public - Credit card at all times,24 hours daily; for Tesla use only,0.0,0.0,12.0,,Tesla,https://www.tesla.com/supercharger,TESLA,SHOPPING_CENTER,,,False,LD,False,,62257528,-121.9635707,38.3624681,46.516046670986185
ELEC,Sunnyvale Shopping Center,721 Sunnyvale Saratoga Rd,Sunnyvale,CA,94087,,US,GPS,37.3672117,-122.0334012,2023-09-22,2024-07-08,311376.0,2024-07-08 23:57:47 UTC,,E,,Public,24 hours daily,0.0,0.0,10.0,,eVgo Network,https://www.evgo.com/,CHADEMO J1772COMBO,,,,,,False,,60006500,-122.0332128,37.3681237,102.7675858748956
ELEC,EVCHARGENGO1800 1800 PARK 1,1800 Park St,Alameda,CA,94501,,US,GPS,37.768952,-122.238654,2023-09-23,2024-07-09,311440.0,2024-07-09 02:00:09 UTC,,E,,Public,24 hours daily,0.0,2.0,0.0,,ChargePoint Network,http://www.chargepoint.com/,J1772,,,,,,False,,53093798,-122.2388677,37.7689546,18.786084884949613
ELEC,META MPK18-11,1 Hacker Way,Menlo Park,CA,94025,,US,GPS,37.485298,-122.146058,2023-09-23,2024-07-09,311486.0,2024-07-09 02:01:37 UTC,,E,,Public,24 hours daily,0.0,2.0,0.0,,ChargePoint Network,http://www.chargepoint.com/,J1772,,,,,,False,,339943486,-122.1458084,37.4842966,113.50781075562875
ELEC,55 Hawthorne St. - EV ONLY,55 Hawthorne St.,San Francisco,CA,94105,,US,GPS,37.78536930707393,-122.39855825901031,2023-09-23,2024-07-09,311515.0,2024-07-09 03:03:18 UTC,,E,,Public,24 hours daily,0.0,26.0,0.0,,FLASH,https://www.flashparking.com/products/diversify-parking-revenue/ev-charging-as-a-revenue-stream/,J1772,PUBLIC,,,,,False,,65327041,-122.3992695,37.7851632,66.57230127828905
ELEC,Del Norte Plaza,11279 San Pablo Ave,El Cerrito,CA,94530,,US,GPS,37.920564,-122.31572,2023-09-27,2024-07-09,311658.0,2024-07-09 00:01:25 UTC,,E,,Public,24 hours daily,0.0,0.0,8.0,,eVgo Network,https://www.evgo.com/,CHADEMO J1772COMBO,,,,,,False,,3090292694,-122.3157295,37.9208068,27.01102372640697
ELEC,CONTRA COSTA CO EOC - PUBLIC 1,1850 Muir Rd,Martinez,CA,94553,,US,GPS,37.990282,-122.088712,2023-09-28,2024-07-09,311716.0,2024-07-09 01:12:11 UTC,,E,,Public,24 hours daily,0.0,1.0,0.0,,ChargePoint Network,http://www.chargepoint.com/,J1772,,,,,,False,,4993670906,-122.0882832,37.9915274,143.49014558694822
ELEC,Monta Loma Plaza,580 N Rengstorff Ave,Mountain View,CA,94043,,US,GPS,37.41114,-122.09347,2023-09-28,2024-07-08,311855.0,2024-07-09 00:00:45 UTC,,E,,Public,24 hours daily,0.0,0.0,5.0,,eVgo Network,https://www.evgo.com/,J1772COMBO,,,,,,False,,65503953,-122.09286,37.4109296,58.73682780249118
ELEC,PANWEV P1 4 53,3000 Tannery Way,Santa Clara,CA,95054,,US,GPS,37.384245,-121.982668,2023-09-29,2024-07-09,311896.0,2024-07-09 02:00:45 UTC,,E,,Public,24 hours daily,0.0,2.0,0.0,,ChargePoint Network,http://www.chargepoint.com/,J1772,,,,,,False,,65470772,-121.9841999,37.3841157,136.11043612373518
ELEC,PANWEV P1 4 58,2910 Tannery Way,Santa Clara,CA,95054,,US,GPS,37.383556,-121.981937,2023-09-29,2024-07-09,311897.0,2024-07-09 02:00:45 UTC,,E,,Public,24 hours daily,0.0,2.0,0.0,,ChargePoint Network,http://www.chargepoint.com/,J1772,,,,,,False,,65470772,-121.9841999,37.3841157,209.398810624745
ELEC,PANWEV P1 4 64,3000 Tannery Way,San Jose,CA,95054,,US,GPS,37.383595,-121.983915,2023-09-29,2024-07-09,311898.0,2024-07-09 02:00:45 UTC,,E,,Public,24 hours daily,0.0,2.0,0.0,,ChargePoint Network,http://www.chargepoint.com/,J1772,,,,,,False,,65470772,-121.9841999,37.3841157,63.13445460488946
ELEC,PANWEV P1 4 52,3000 Tannery Way,Santa Clara,CA,95054,,US,GPS,37.38428,-121.982489,2023-09-29,2024-07-09,311899.0,2024-07-09 02:00:46 UTC,,E,,Public,24 hours daily,0.0,2.0,0.0,,ChargePoint Network,http://www.chargepoint.com/,J1772,,,,,,False,,65470772,-121.9841999,37.3841157,152.26420793561215
ELEC,PANWEV P1 4 62,2910 Tannery Way,Santa Clara,CA,95054,,US,GPS,37.384468,-121.981731,2023-09-29,2024-07-09,311900.0,2024-07-09 02:00:46 UTC,,E,,Public,24 hours daily,0.0,2.0,0.0,,ChargePoint Network,http://www.chargepoint.com/,J1772,,,,,,False,,65475980,-121.9795435,37.3842866,194.3227924532693
ELEC,PANWEV P1 5 60,3000 Tannery Way,Santa Clara,CA,95054,,US,GPS,37.384294,-121.983291,2023-09-29,2024-07-09,311901.0,2024-07-09 02:00:46 UTC,,E,,Public,24 hours daily,0.0,2.0,0.0,,ChargePoint Network,http://www.chargepoint.com/,J1772,,,,,,False,,65470772,-121.9841999,37.3841157,82.71579369380673
ELEC,PANWEV P1 49,3000 Tannery Way,Santa Clara,CA,95054,,US,GPS,37.384239,-121.982545,2023-09-29,2024-07-09,311902.0,2024-07-09 02:00:46 UTC,,E,,Public,24 hours daily,0.0,2.0,0.0,,ChargePoint Network,http://www.chargepoint.com/,J1772,,,,,,False,,65470772,-121.9841999,37.3841157,146.8578378792901
ELEC,PANWEV P1 4 57,3000 Tannery Way,Santa Clara,CA,95054,,US,GPS,37.38428,-121.983107,2023-09-29,2024-07-09,311903.0,2024-07-09 02:00:46 UTC,,E,,Public,24 hours daily,0.0,2.0,0.0,,ChargePoint Network,http://www.chargepoint.com/,J1772,,,,,,False,,65470772,-121.9841999,37.3841157,98.27474933965685
ELEC,PANWEV P1 4 65,2910 Tannery Way,Santa Clara,CA,95054,,US,GPS,37.384491,-121.981968,2023-09-29,2024-07-09,311904.0,2024-07-09 02:00:46 UTC,,E,,Public,24 hours daily,0.0,2.0,0.0,,ChargePoint Network,http://www.chargepoint.com/,J1772,,,,,,False,,65470772,-121.9841999,37.3841157,201.5635155600045
ELEC,PANWEV P1 4 51,2910 Tannery Way,Santa Clara,CA,95054,,US,GPS,37.384252,-121.982301,2023-09-29,2024-07-09,311905.0,2024-07-09 02:00:47 UTC,,E,,Public,24 hours daily,0.0,2.0,0.0,,ChargePoint Network,http://www.chargepoint.com/,J1772,,,,,,False,,65470772,-121.9841999,37.3841157,168.45788816799418
ELEC,PANWEV P1 4 55,2910 Tannery Way,Santa Clara,CA,95054,,US,GPS,37.384309,-121.982152,2023-09-29,2024-07-09,311906.0,2024-07-09 02:00:47 UTC,,E,,Public,24 hours daily,0.0,2.0,0.0,,ChargePoint Network,http://www.chargepoint.com/,J1772,,,,,,False,,65470772,-121.9841999,37.3841157,182.21152850812584
ELEC,PANWEV P1 4 63,2910 Tannery Way,Santa Clara,CA,95054,,US,GPS,37.383859,-121.981871,2023-09-29,2024-07-09,311907.0,2024-07-09 02:00:47 UTC,,E,,Public,24 hours daily,0.0,2.0,0.0,,ChargePoint Network,http://www.chargepoint.com/,J1772,,,,,,False,,65470772,-121.9841999,37.3841157,207.737676044393
ELEC,PANWEV P1 4 61,3000 Tannery Way,Santa Clara,CA,95054,,US,GPS,37.384233,-121.983509,2023-09-29,2024-07-09,311908.0,2024-07-09 02:00:47 UTC,,E,,Public,24 hours daily,0.0,2.0,0.0,,ChargePoint Network,http://www.chargepoint.com/,J1772,,,,,,False,,65470772,-121.9841999,37.3841157,62.421455639729004
ELEC,PANWEV P1 4 54,3000 Tannery Way,Santa Clara,CA,95054,,US,GPS,37.384244,-121.982805,2023-09-29,2024-07-09,311909.0,2024-07-09 02:00:47 UTC,,E,,Public,24 hours daily,0.0,2.0,0.0,,ChargePoint Network,http://www.chargepoint.com/,J1772,,,,,,False,,65470772,-121.9841999,37.3841157,124.06746037469168
ELEC,PANWEV P1 4 56,3000 Tannery Way,Santa Clara,CA,95054,,US,GPS,37.38425,-121.982996,2023-09-29,2024-07-09,311910.0,2024-07-09 02:00:48 UTC,,E,,Public,24 hours daily,0.0,2.0,0.0,,ChargePoint Network,http://www.chargepoint.com/,J1772,,,,,,False,,65470772,-121.9841999,37.3841157,107.41211603709716
ELEC,PANWEV P1 4 49,2900 Lakeside Dr,Santa Clara,CA,95054,,US,GPS,37.384626,-121.98065,2023-09-29,2024-07-09,311911.0,2024-07-09 02:00:49 UTC,,E,,Public,24 hours daily,0.0,2.0,0.0,,ChargePoint Network,http://www.chargepoint.com/,J1772,,,,,,False,,65475980,-121.9795435,37.3842866,104.79442821250079
ELEC,PANWEV P1 4 50,2900 Tannery Way,Santa Clara,CA,95054,,US,GPS,37.384506,-121.981359,2023-09-29,2024-07-09,311912.0,2024-07-09 02:00:49 UTC,,E,,Public,24 hours daily,0.0,2.0,0.0,,ChargePoint Network,http://www.chargepoint.com/,J1772,,,,,,False,,65475980,-121.9795435,37.3842866,162.25019093433983
ELEC,PANWEV P1 4 48,2910 Tannery Way,Santa Clara,CA,95054,,US,GPS,37.383801,-121.981637,2023-09-29,2024-07-09,311913.0,2024-07-09 02:00:49 UTC,,E,,Public,24 hours daily,0.0,2.0,0.0,,ChargePoint Network,http://www.chargepoint.com/,J1772,,,,,,False,,65475980,-121.9795435,37.3842866,192.68892185576698
ELEC,PANWEV P1 4 47,2900 Tannery Way,Santa Clara,CA,95054,,US,GPS,37.383399,-121.980782,2023-09-29,2024-07-09,311914.0,2024-07-09 02:00:49 UTC,,E,,Public,24 hours daily,0.0,2.0,0.0,,ChargePoint Network,http://www.chargepoint.com/,J1772,,,,,,False,,65475980,-121.9795435,37.3842866,147.3607968459821
ELEC,10950 International,10950 International Blvd,Oakland,CA,94603,,US,GPS,37.73715,-122.16354,2023-09-30,2024-07-08,312147.0,2024-07-09 00:00:37 UTC,,E,,Public,24 hours daily,0.0,0.0,8.0,,eVgo Network,https://www.evgo.com/,CHADEMO J1772COMBO,,,,,,False,,251282404,-122.1644452,37.7379701,121.04486713150399
ELEC,BMW GROUP TECH CT4K- STATION2,2600 Bayshore Pkwy,Mountain View,CA,94043,,US,GPS,37.426468,-122.097774,2023-10-03,2024-07-09,312179.0,2024-07-09 02:01:46 UTC,,E,,Public,24 hours daily,0.0,2.0,0.0,,ChargePoint Network,http://www.chargepoint.com/,J1772,,,,,,False,,69219487,-122.098253,37.42546,119.80013137377999
ELEC,SKYWAY CENTER STATION 2,655 Skyway Rd,San Carlos,CA,94070,,US,GPS,37.51187,-122.252846,2023-10-05,2024-07-09,312308.0,2024-07-09 01:39:22 UTC,,E,,Public,24 hours daily,0.0,2.0,0.0,,ChargePoint Network,http://www.chargepoint.com/,J1772,,,,,,False,,257149005,-122.2537792,37.5114816,92.95351138330075
ELEC,SKYWAY CENTER STATION 1,655 Skyway Rd,San Carlos,CA,94070,,US,GPS,37.51251,-122.25208,2023-10-05,2024-07-09,312309.0,2024-07-09 01:39:52 UTC,,E,,Public,24 hours daily,0.0,1.0,0.0,,ChargePoint Network,http://www.chargepoint.com/,J1772,,,,,,False,,259169362,-122.253842,37.5122812,157.48117785042305
ELEC,KRC MENLO CORP KRMP 4400 J,4400 Bohannon Dr,Menlo Park,CA,94025,,US,GPS,37.479308,-122.176817,2023-10-05,2024-07-09,312322.0,2024-07-09 01:58:24 UTC,,E,,Public,24 hours daily,0.0,2.0,0.0,,ChargePoint Network,http://www.chargepoint.com/,J1772,,,,,,False,,65503471,-122.1748331,37.4783214,206.59712594449724
ELEC,KRC MENLO CORP KRMP 4400 H,4400 Bohannon Dr,Menlo Park,CA,94025,,US,GPS,37.479442,-122.176829,2023-10-05,2024-07-09,312323.0,2024-07-09 01:58:24 UTC,,E,,Public,24 hours daily,0.0,2.0,0.0,,ChargePoint Network,http://www.chargepoint.com/,J1772,,,,,,False,,65503471,-122.1748331,37.4783214,215.74393375851156
ELEC,KRC MENLO CORP KRMP 4400 G,4400 Bohannon Dr,Menlo Park,CA,94025,,US,GPS,37.479392,-122.176876,2023-10-05,2024-07-09,312324.0,2024-07-09 01:58:24 UTC,,E,,Public,24 hours daily,0.0,2.0,0.0,,ChargePoint Network,http://www.chargepoint.com/,J1772,,,,,,False,,65503471,-122.1748331,37.4783214,216.02989780241552
ELEC,KRC MENLO CORP KRMP 4400 K,4400 Bohannon Dr,Menlo Park,CA,94025,,US,GPS,37.47921,-122.176913,2023-10-05,2024-07-09,312325.0,2024-07-09 01:58:25 UTC,,E,,Public,24 hours daily,0.0,2.0,0.0,,ChargePoint Network,http://www.chargepoint.com/,J1772,,,,,,False,,297185766,-122.1762558,37.4774985,198.95032554887683
ELEC,KRC MENLO CORP KRMP 4400 I,4400 Bohannon Dr,Menlo Park,CA,94025,,US,GPS,37.47937,-122.176766,2023-10-05,2024-07-09,312326.0,2024-07-09 01:58:25 UTC,,E,,Public,24 hours daily,0.0,2.0,0.0,,ChargePoint Network,http://www.chargepoint.com/,J1772,,,,,,False,,65503471,-122.1748331,37.4783214,206.6085050229108
ELEC,KRC MENLO CORP KRMP 4400 F,4400 Bohannon Dr,Menlo Park,CA,94025,,US,GPS,37.479307,-122.17696,2023-10-05,2024-07-09,312327.0,2024-07-09 01:58:25 UTC,,E,,Public,24 hours daily,0.0,2.0,0.0,,ChargePoint Network,http://www.chargepoint.com/,J1772,,,,,,False,,297185766,-122.1762558,37.4774985,210.47838584269053
ELEC,KRC MENLO CORP KRMP 4400 E,4400 Bohannon Dr,Menlo Park,CA,94025,,US,GPS,37.479244,-122.17701,2023-10-05,2024-07-09,312328.0,2024-07-09 01:58:25 UTC,,E,,Public,24 hours daily,0.0,2.0,0.0,,ChargePoint Network,http://www.chargepoint.com/,J1772,,,,,,False,,297185766,-122.1762558,37.4774985,205.18421406170535
ELEC,WOODSIDE FIRE STATION 8,135 Portola Rd,Portola Valley,CA,94028,,US,GPS,37.372246,-122.209434,2023-10-05,2024-07-09,312336.0,2024-07-09 02:01:33 UTC,,E,,Public,24 hours daily,0.0,2.0,0.0,,ChargePoint Network,http://www.chargepoint.com/,J1772,,,,,,False,,5369080716,-122.2097821,37.3728703,75.92910499135166
ELEC,EL CERRITO CITY HALL 02,10890 CA-123,El Cerrito,CA,94530,,US,GPS,37.915687,-122.310836,2023-10-05,2024-07-09,312338.0,2024-07-09 02:02:13 UTC,,E,,Public,24 hours daily,0.0,2.0,0.0,,ChargePoint Network,http://www.chargepoint.com/,J1772,,,,,,False,,57882693,-122.3107618,37.9161076,47.21943267594884
ELEC,EL CERRITO CITY HALL 03,10890 CA-123,El Cerrito,CA,94530,,US,GPS,37.915669,-122.310902,2023-10-05,2024-07-09,312339.0,2024-07-09 02:02:13 UTC,,E,,Public,24 hours daily,0.0,2.0,0.0,,ChargePoint Network,http://www.chargepoint.com/,J1772,,,,,,False,,57882693,-122.3107618,37.9161076,50.29701387681876
ELEC,HARBOR BAY 1620 #1,1620 S Loop Rd,Alameda,CA,94502,,US,GPS,37.723537,-122.240299,2023-10-05,2024-07-09,312340.0,2024-07-09 02:02:18 UTC,,E,,Public,Sat 12:00am - 12:00am; Sun 12:00am - 12:00am,0.0,2.0,0.0,,ChargePoint Network,http://www.chargepoint.com/,J1772,,,,,,False,,53066199,-122.2397931,37.7252434,194.89042717331318
ELEC,2860 16th St,2860 16th St,San Francisco,CA,94103,,US,GPS,37.76549,-122.41673,2023-10-06,2024-07-08,312526.0,2024-07-08 23:59:48 UTC,,E,,Public,24 hours daily,0.0,0.0,8.0,,eVgo Network,https://www.evgo.com/,CHADEMO J1772COMBO,,,,,,False,,65345337,-122.4164113,37.7652589,38.01525194254084
ELEC,SJECCD STATION 5,4603 San Felipe Rd,San Jose,CA,95135,,US,GPS,37.302699,-121.775173,2023-10-07,2024-07-09,312543.0,2024-07-09 02:00:13 UTC,,E,,Public,24 hours daily,0.0,2.0,0.0,,ChargePoint Network,http://www.chargepoint.com/,J1772,,,,,,False,,412839737,-121.7749287,37.3029766,37.679333193225226
ELEC,SJECCD STATION 6,4603 San Felipe Rd,San Jose,CA,95135,,US,GPS,37.302748,-121.775189,2023-10-07,2024-07-09,312544.0,2024-07-09 02:00:13 UTC,,E,,Public,24 hours daily,0.0,2.0,0.0,,ChargePoint Network,http://www.chargepoint.com/,J1772,,,,,,False,,412839737,-121.7749287,37.3029766,34.29593551159196
ELEC,SJECCD STATION 7,4800 San Felipe Rd,San Jose,CA,95135,,US,GPS,37.300855,-121.772864,2023-10-07,2024-07-09,312545.0,2024-07-09 02:00:13 UTC,,E,,Public,24 hours daily,0.0,2.0,0.0,,ChargePoint Network,http://www.chargepoint.com/,J1772,,,,,,False,,1082968400,-121.7732072,37.3009965,34.19189402432747
ELEC,SJECCD STATION 3,4729 San Felipe Rd,San Jose,CA,95135,,US,GPS,37.30131,-121.77392,2023-10-07,2024-07-09,312546.0,2024-07-09 02:00:13 UTC,,E,,Public,24 hours daily,0.0,1.0,0.0,,ChargePoint Network,http://www.chargepoint.com/,J1772,,,,,,False,,1082968400,-121.7732072,37.3009965,72.04349094227234
ELEC,SJECCD STATION 2,4729 San Felipe Rd,San Jose,CA,95135,,US,GPS,37.301395,-121.774014,2023-10-07,2024-07-09,312547.0,2024-07-09 02:00:14 UTC,,E,,Public,24 hours daily,0.0,2.0,0.0,,ChargePoint Network,http://www.chargepoint.com/,J1772,,,,,,False,,1082968400,-121.7732072,37.3009965,84.00058125923546
ELEC,SJECCD STATION 4,4463 San Felipe Rd,San Jose,CA,95135,,US,GPS,37.302733,-121.775342,2023-10-07,2024-07-09,312548.0,2024-07-09 02:00:14 UTC,,E,,Public,24 hours daily,0.0,1.0,0.0,,ChargePoint Network,http://www.chargepoint.com/,J1772,,,,,,False,,412839737,-121.7749287,37.3029766,45.49794317742038
ELEC,SJECCD STATION 1,4750 San Felipe Rd,San Jose,CA,95135,,US,GPS,37.303191,-121.76924,2023-10-07,2024-07-09,312549.0,2024-07-09 02:00:14 UTC,,E,,Public,24 hours daily,0.0,2.0,0.0,,ChargePoint Network,http://www.chargepoint.com/,J1772,,,,,,False,,65390225,-121.7698315,37.3040042,104.46803521385645
ELEC,COUNTY 1996 LUNDY 2,1996 Lundy Ave,San Jose,CA,95131,,US,GPS,37.395104,-121.890154,2023-10-11,2024-07-09,312768.0,2024-07-09 01:58:33 UTC,,E,,Public,24 hours daily,0.0,1.0,0.0,,ChargePoint Network,http://www.chargepoint.com/,J1772,,,,,,False,,5659970670,-121.8907757,37.3955864,76.7701192277248
ELEC,COUNTY 1996 LUNDY 1,1996 Lundy Ave,San Jose,CA,95131,,US,GPS,37.3951,-121.890248,2023-10-11,2024-07-09,312769.0,2024-07-09 01:58:34 UTC,,E,,Public,24 hours daily,0.0,1.0,0.0,,ChargePoint Network,http://www.chargepoint.com/,J1772,,,,,,False,,5659970670,-121.8907757,37.3955864,71.40300335945783
ELEC,SJECCD STATION 8,4855 San Felipe Rd,San Jose,CA,95135,,US,GPS,37.301077,-121.773475,2023-10-11,2024-07-09,312770.0,2024-07-09 02:00:14 UTC,,E,,Public,24 hours daily,0.0,2.0,0.0,,ChargePoint Network,http://www.chargepoint.com/,J1772,,,,,,False,,1082968400,-121.7732072,37.3009965,25.322185125273332
ELEC,SJAC MCAFEE_PUBLIC,6250 America Center Dr,San Jose,CA,95002,,US,GPS,37.419426,-121.977774,2023-10-13,2024-07-09,313011.0,2024-07-09 00:43:44 UTC,,E,,Public,24 hours daily,0.0,2.0,0.0,,ChargePoint Network,http://www.chargepoint.com/,J1772,,,,,,False,,1317170024,-121.977855,37.4208342,156.74822056771836
ELEC,SJAC BILL_PUBLIC,6250 America Center Dr,San Jose,CA,95002,,US,GPS,37.419477,-121.977666,2023-10-13,2024-07-09,313012.0,2024-07-09 01:07:17 UTC,,E,,Public,24 hours daily,0.0,2.0,0.0,,ChargePoint Network,http://www.chargepoint.com/,J1772,,,,,,False,,1317170024,-121.977855,37.4208342,151.83415037941583
ELEC,SJAC PUBLIC USE,6250 America Center Dr,San Jose,CA,95002,,US,GPS,37.419426,-121.97757,2023-10-13,2024-07-09,313014.0,2024-07-09 01:07:17 UTC,,E,,Public,24 hours daily,0.0,2.0,0.0,,ChargePoint Network,http://www.chargepoint.com/,J1772,,,,,,False,,1317170024,-121.977855,37.4208342,158.59476729016595
ELEC,Chase Bank - 17599 Monterey St,17599 Monterey St,Morgan Hill,CA,95037,,US,GPS,37.12973,-121.65476,2023-10-13,2024-07-08,313656.0,2024-07-08 23:59:59 UTC,,E,,Public,24 hours daily,0.0,0.0,4.0,,eVgo Network,https://www.evgo.com/,CHADEMO J1772COMBO,,,,,,False,,2886229188,-121.6545649,37.130302,65.91335183872475
ELEC,Hamel Family Winery,15401 Sonoma Hwy,Sonoma,CA,95476,,US,GPS,38.3457006,-122.4940446,2023-10-18,2024-07-09,314083.0,2024-07-09 02:45:33 UTC,,E,,Public,,0.0,1.0,0.0,,OpConnect,http://www.opconnect.com/,J1772,,,,,,False,,4924087794,-122.497821,38.3438945,385.74034755358366
ELEC,IRVINE  CO  OFC MC 880 01,880 N McCarthy Blvd,Milpitas,CA,95035,,US,GPS,37.438449,-121.923435,2023-10-19,2024-07-09,314109.0,2024-07-09 01:07:25 UTC,,E,,Public,24 hours daily,0.0,2.0,0.0,,ChargePoint Network,http://www.chargepoint.com/,J1772,,,,,,False,,1068655670,-121.9193604,37.43722,384.83014138251224
ELEC,IRVINE  CO  OFC MC 880 03,1000 N McCarthy Blvd,Milpitas,CA,95035,,US,GPS,37.438348,-121.923416,2023-10-19,2024-07-09,314110.0,2024-07-09 01:07:26 UTC,,E,,Public,24 hours daily,0.0,2.0,0.0,,ChargePoint Network,http://www.chargepoint.com/,J1772,,,,,,False,,1068655670,-121.9193604,37.43722,379.4032664333577
ELEC,IRVINE  CO  OFC MC 880 02,880 N McCarthy Blvd,Milpitas,CA,95035,,US,GPS,37.438401,-121.923428,2023-10-19,2024-07-09,314111.0,2024-07-09 01:07:26 UTC,,E,,Public,24 hours daily,0.0,2.0,0.0,,ChargePoint Network,http://www.chargepoint.com/,J1772,,,,,,False,,1068655670,-121.9193604,37.43722,382.3868757463385
ELEC,IRVINE  CO  OFC MC 880 04,880 N McCarthy Blvd,Milpitas,CA,95035,,US,GPS,37.438294,-121.923407,2023-10-19,2024-07-09,314112.0,2024-07-09 01:07:26 UTC,,E,,Public,24 hours daily,0.0,2.0,0.0,,ChargePoint Network,http://www.chargepoint.com/,J1772,,,,,,False,,1068655670,-121.9193604,37.43722,376.7071626058224
ELEC,Aloft Silicon Valley - Tesla Supercharger,8200 Gateway Blvd,Newark,CA,94560,,US,GPS,37.5360138727832,-122.063364627902,2023-10-19,2023-11-09,314454.0,2024-01-31 22:07:01 UTC,P,E,,Public - Credit card at all times,24 hours daily; for Tesla use only,0.0,0.0,22.0,,Tesla,https://www.tesla.com/supercharger,TESLA,HOTEL,$0.35 per kWh,,False,LD,False,,1080041725,-122.0628833,37.5372387,142.65415125109396
ELEC,Embassy Suites - Tesla Supercharger,150 Anza Blvd,Burlingame,CA,94010,,US,GPS,37.591194,-122.348705,2023-10-19,2023-11-09,314460.0,2024-01-31 22:07:01 UTC,P,E,,Public - Credit card at all times,24 hours daily; for Tesla use only,0.0,0.0,20.0,,Tesla,https://www.tesla.com/supercharger,TESLA,HOTEL,$0.35 per kWh,,False,LD,False,,65458130,-122.3497193,37.5905219,116.49940434796822
ELEC,Civic Center Dr - Tesla Supercharger,39410 Civic Center Dr,Fremont,CA,94538,,US,GPS,37.554989,-121.974239,2023-10-19,2023-11-09,314461.0,2024-01-31 22:07:01 UTC,P,E,,Public - Credit card at all times,24 hours daily; for Tesla use only,0.0,0.0,8.0,,Tesla,https://www.tesla.com/supercharger,TESLA,PARKING_LOT,$0.36 per kWh,,False,LD,False,,1666819836,-121.9759854,37.5542022,177.07238862120764
ELEC,CCSF-SFMTA LOMBARD 1,2055 Lombard St,San Francisco,CA,94123,,US,GPS,37.799704,-122.435,2023-10-24,2024-07-09,315673.0,2024-07-09 02:01:14 UTC,,E,,Public,24 hours daily,0.0,2.0,0.0,,ChargePoint Network,http://www.chargepoint.com/,J1772,,,,,,False,,2907858297,-122.4349286,37.7995616,17.03161605165105
ELEC,CCSF-SFMTA NORTH BEACH 2,741 Vallejo St.,San Francisco,CA,94133,,US,GPS,37.798256,-122.409634,2023-10-24,2024-07-09,315674.0,2024-07-09 02:01:15 UTC,,E,,Public,24 hours daily,0.0,2.0,0.0,,ChargePoint Network,http://www.chargepoint.com/,J1772,,,,,,False,,65299335,-122.4104761,37.7983737,75.13832231348121
ELEC,CCSF-SFMTA NORTH BEACH 1,733 Vallejo St.,San Francisco,CA,94133,,US,GPS,37.798398,-122.409523,2023-10-24,2024-07-09,315675.0,2024-07-09 02:01:15 UTC,,E,,Public,24 hours daily,0.0,2.0,0.0,,ChargePoint Network,http://www.chargepoint.com/,J1772,,,,,,False,,65299327,-122.4088248,37.7985794,64.57707598667433
ELEC,CCSF-SFMTA MISSION ST 4,833 Mission St,San Francisco,CA,94103,,US,GPS,37.783289,-122.405472,2023-10-24,2024-07-09,315677.0,2024-07-09 02:01:16 UTC,,E,,Public,24 hours daily,0.0,2.0,0.0,,ChargePoint Network,http://www.chargepoint.com/,J1772,,,,,,False,,6925582021,-122.4062888,37.7828917,84.28685335710693
ELEC,CCSF-SFMTA MISSION ST 5,833 Mission St,San Francisco,CA,94103,,US,GPS,37.783351,-122.405308,2023-10-24,2024-07-09,315678.0,2024-07-09 02:01:17 UTC,,E,,Public,24 hours daily,0.0,2.0,0.0,,ChargePoint Network,http://www.chargepoint.com/,J1772,,,,,,False,,6925582021,-122.4062888,37.7828917,100.18863437708531
ELEC,CCSF-SFMTA MISSION ST 3,833 Mission St,San Francisco,CA,94103,,US,GPS,37.783383,-122.405271,2023-10-24,2024-07-09,315679.0,2024-07-09 02:01:17 UTC,,E,,Public,24 hours daily,0.0,2.0,0.0,,ChargePoint Network,http://www.chargepoint.com/,J1772,,,,,,False,,6925582021,-122.4062888,37.7828917,104.80928011881413
ELEC,CCSF-SFMTA MISSION ST 7,833 Mission St,San Francisco,CA,94103,,US,GPS,37.783396,-122.40531,2023-10-24,2024-07-09,315680.0,2024-07-09 02:01:17 UTC,,E,,Public,24 hours daily,0.0,2.0,0.0,,ChargePoint Network,http://www.chargepoint.com/,J1772,,,,,,False,,6925582021,-122.4062888,37.7828917,102.68219029101341
ELEC,CCSF-SFMTA MISSION ST 2,833 Mission St,San Francisco,CA,94103,,US,GPS,37.783374,-122.405354,2023-10-24,2024-07-09,315681.0,2024-07-09 02:01:17 UTC,,E,,Public,24 hours daily,0.0,2.0,0.0,,ChargePoint Network,http://www.chargepoint.com/,J1772,,,,,,False,,6925582021,-122.4062888,37.7828917,98.1070208463143
ELEC,CCSF-SFMTA GGG 1,250 Clay St,San Francisco,CA,94111,,US,GPS,37.795406,-122.399002,2023-10-24,2024-07-09,315682.0,2024-07-09 02:01:26 UTC,,E,,Public,24 hours daily,0.0,2.0,0.0,,ChargePoint Network,http://www.chargepoint.com/,J1772,,,,,,False,,65327408,-122.3991785,37.7951996,27.699225078307073
ELEC,CCSF-SFMTA MOSCONE CTR 4,255 3rd St,San Francisco,CA,94103,,US,GPS,37.78453,-122.399567,2023-10-24,2024-07-09,315683.0,2024-07-09 02:01:27 UTC,,E,,Public,24 hours daily,0.0,2.0,0.0,,ChargePoint Network,http://www.chargepoint.com/,J1772,,,,,,False,,65300080,-122.3994834,37.7842195,35.299074658817055
ELEC,CCSF-SFMTA MOSCONE CTR 2,255 3rd St,San Francisco,CA,94103,,US,GPS,37.78452,-122.39953,2023-10-24,2024-07-09,315684.0,2024-07-09 02:01:27 UTC,,E,,Public,24 hours daily,0.0,2.0,0.0,,ChargePoint Network,http://www.chargepoint.com/,J1772,,,,,,False,,65300080,-122.3994834,37.7842195,33.66413966299424
ELEC,CCSF-SFMTA MOSCONE CTR !,255 3rd St,San Francisco,CA,94103,,US,GPS,37.784473,-122.399528,2023-10-24,2024-07-09,315685.0,2024-07-09 02:01:28 UTC,,E,,Public,24 hours daily,0.0,2.0,0.0,,ChargePoint Network,http://www.chargepoint.com/,J1772,,,,,,False,,65300080,-122.3994834,37.7842195,28.45914259139709
ELEC,CCSF-SFMTA PORTSMOUTH SQ 2,733 Kearny St,San Francisco,CA,94108,,US,GPS,37.794774,-122.405266,2023-10-24,2024-07-09,315686.0,2024-07-09 02:01:28 UTC,,E,,Public,24 hours daily,0.0,2.0,0.0,,ChargePoint Network,http://www.chargepoint.com/,J1772,,,,,,False,,65373233,-122.4048784,37.7948556,35.24540676670246
ELEC,CCSF-SFMTA JAPAN CTR 2,1737 Post St,San Francisco,CA,94115,,US,GPS,37.784992,-122.430086,2023-10-24,2024-07-09,315687.0,2024-07-09 02:01:28 UTC,,E,,Public,24 hours daily,0.0,2.0,0.0,,ChargePoint Network,http://www.chargepoint.com/,J1772,,,,,,False,,65338334,-122.4299332,37.7848079,24.482085833115676
ELEC,CCSF-SFMTA SUTTER 3,444 Stockton St,San Francisco,CA,94108,,US,GPS,37.790056,-122.406469,2023-10-24,2024-07-09,315688.0,2024-07-09 02:01:28 UTC,,E,,Public,24 hours daily,0.0,2.0,0.0,,ChargePoint Network,http://www.chargepoint.com/,J1772,,,,,,False,,6378899319,-122.4065102,37.7894964,62.33000138893212
ELEC,CCSF-SFMTA SUTTER 4,426 Stockton St,San Francisco,CA,94108,,US,GPS,37.789886,-122.406898,2023-10-24,2024-07-09,315689.0,2024-07-09 02:01:28 UTC,,E,,Public,24 hours daily,0.0,2.0,0.0,,ChargePoint Network,http://www.chargepoint.com/,J1772,,,,,,False,,6378899315,-122.4070363,37.7897111,22.932913921822383
ELEC,CCSF-SFMTA SUTTER 2,444 Stockton St,San Francisco,CA,94108,,US,GPS,37.790018,-122.406504,2023-10-24,2024-07-09,315690.0,2024-07-09 02:01:30 UTC,,E,,Public,24 hours daily,0.0,2.0,0.0,,ChargePoint Network,http://www.chargepoint.com/,J1772,,,,,,False,,6378899315,-122.4070363,37.7897111,57.90052038376104
ELEC,CCSF-SFMTA UNION SQUARE 4,333 Post St,San Francisco,CA,94108,,US,GPS,37.787949,-122.40751,2023-10-24,2024-07-09,315691.0,2024-07-09 02:01:30 UTC,,E,,Public,24 hours daily,0.0,2.0,0.0,,ChargePoint Network,http://www.chargepoint.com/,J1772,,,,,,False,,386885670,-122.4077722,37.7883768,52.85564319153892
ELEC,CCSF-SFMTA UNION SQUARE 1,350-360 Powell St,San Francisco,CA,94102,,US,GPS,37.787927,-122.407477,2023-10-24,2024-07-09,315692.0,2024-07-09 02:01:30 UTC,,E,,Public,24 hours daily,0.0,2.0,0.0,,ChargePoint Network,http://www.chargepoint.com/,J1772,,,,,,False,,386885670,-122.4077722,37.7883768,56.34254008981376
ELEC,CCSF-SFMTA UNION SQUARE 3,333 Post St,San Francisco,CA,94108,,US,GPS,37.787929,-122.40753,2023-10-24,2024-07-09,315693.0,2024-07-09 02:01:31 UTC,,E,,Public,24 hours daily,0.0,2.0,0.0,,ChargePoint Network,http://www.chargepoint.com/,J1772,,,,,,False,,386885670,-122.4077722,37.7883768,54.15111375214826
ELEC,CCSF-SFMTA CIVIC CTR 1,355 McAllister St,San Francisco,CA,94102,,US,GPS,37.780157,-122.417363,2023-10-24,2024-07-09,315694.0,2024-07-09 02:01:31 UTC,,E,,Public,24 hours daily,0.0,2.0,0.0,,ChargePoint Network,http://www.chargepoint.com/,J1772,,,,,,False,,65352337,-122.4169901,37.7804986,50.167928859777824
ELEC,CCSF-SFMTA GGG 3,1 California St,San Francisco,CA,94111,,US,GPS,37.793393,-122.396773,2023-10-24,2024-07-09,315695.0,2024-07-09 02:01:37 UTC,,E,,Public,24 hours daily,0.0,2.0,0.0,,ChargePoint Network,http://www.chargepoint.com/,J1772,,,,,,False,,258756405,-122.3963597,37.7932761,38.57259824647928
ELEC,RTI LLC STATION 1,1205 Redwood Way,Petaluma,CA,94954,,US,GPS,38.271613,-122.667592,2023-10-25,2024-07-09,315750.0,2024-07-09 01:57:13 UTC,,E,,Public,24 hours daily,0.0,2.0,0.0,,ChargePoint Network,http://www.chargepoint.com/,J1772,,,,,,False,,349915294,-122.6692106,38.2713136,145.16886496532527
ELEC,CCSF-SFMTA MISSION ST 6,833 Mission St,San Francisco,CA,94103,,US,GPS,37.783397,-122.405242,2023-10-25,2024-07-09,315770.0,2024-07-09 02:01:18 UTC,,E,,Public,24 hours daily,0.0,2.0,0.0,,ChargePoint Network,http://www.chargepoint.com/,J1772,,,,,,False,,6925582021,-122.4062888,37.7828917,107.79567085611916
ELEC,CCSF-SFMTA POLK BUSH 1,1399 Bush St,San Francisco,CA,94109,,US,GPS,37.788519,-122.41999,2023-10-25,2024-07-09,315771.0,2024-07-09 02:01:26 UTC,,E,,Public,24 hours daily,0.0,2.0,0.0,,ChargePoint Network,http://www.chargepoint.com/,J1772,,,,,,False,,65319964,-122.4203209,37.7886974,35.199905618649815
ELEC,CCSF-SFMTA PORTSMOUTH SQ 1,733 Kearny St,San Francisco,CA,94108,,US,GPS,37.794678,-122.405164,2023-10-25,2024-07-09,315772.0,2024-07-09 02:01:26 UTC,,E,,Public,24 hours daily,0.0,2.0,0.0,,ChargePoint Network,http://www.chargepoint.com/,J1772,,,,,,False,,65373233,-122.4048784,37.7948556,31.933544710740737
ELEC,CCSF-SFMTA MOSCONE CTR 3,247 3rd St,San Francisco,CA,94105,,US,GPS,37.784686,-122.399373,2023-10-25,2024-07-09,315773.0,2024-07-09 02:01:28 UTC,,E,,Public,24 hours daily,0.0,2.0,0.0,,ChargePoint Network,http://www.chargepoint.com/,J1772,,,,,,False,,65300080,-122.3994834,37.7842195,52.772004624925515
ELEC,CCSF-SFMTA SFGH 1,1001 Potrero Ave,San Francisco,CA,94110,,US,GPS,37.755681,-122.405087,2023-10-25,2024-07-09,315774.0,2024-07-09 02:01:31 UTC,,E,,Public,24 hours daily,0.0,2.0,0.0,,ChargePoint Network,http://www.chargepoint.com/,J1772,,,,,,False,,261510697,-122.4065951,37.7561757,143.5412203296926
ELEC,CCSF-SFMTA SFGH 2,1001 Potrero Ave,San Francisco,CA,94110,,US,GPS,37.755619,-122.405065,2023-10-25,2024-07-09,315775.0,2024-07-09 02:01:31 UTC,,E,,Public,24 hours daily,0.0,2.0,0.0,,ChargePoint Network,http://www.chargepoint.com/,J1772,,,,,,False,,65310132,-122.4045063,37.7544158,142.52130893035073
ELEC,CCSF-SFMTA CIVIC CTR 2,355 McAllister St,San Francisco,CA,94102,,US,GPS,37.780157,-122.417495,2023-10-25,2024-07-09,315776.0,2024-07-09 02:01:31 UTC,,E,,Public,24 hours daily,0.0,2.0,0.0,,ChargePoint Network,http://www.chargepoint.com/,J1772,,,,,,False,,65352337,-122.4169901,37.7804986,58.4103283112595
ELEC,CCSF-SFMTA CIVIC CTR 3,355 McAllister St,San Francisco,CA,94102,,US,GPS,37.780116,-122.41741,2023-10-25,2024-07-09,315777.0,2024-07-09 02:01:31 UTC,,E,,Public,24 hours daily,0.0,2.0,0.0,,ChargePoint Network,http://www.chargepoint.com/,J1772,,,,,,False,,65352337,-122.4169901,37.7804986,56.31824738240899
ELEC,CCSF-SFMTA PAG 3,360 Grove St,San Francisco,CA,94102,,US,GPS,37.778265,-122.422501,2023-10-25,2024-07-09,315778.0,2024-07-09 02:01:32 UTC,,E,,Public,24 hours daily,0.0,2.0,0.0,,ChargePoint Network,http://www.chargepoint.com/,J1772,,,,,,False,,5352470004,-122.4231817,37.7778191,77.70066864236557
ELEC,CCSF-SFMTA PAG 1,361 Grove St,San Francisco,CA,94102,,US,GPS,37.777783,-122.422554,2023-10-25,2024-07-09,315779.0,2024-07-09 02:01:32 UTC,,E,,Public,24 hours daily,0.0,2.0,0.0,,ChargePoint Network,http://www.chargepoint.com/,J1772,,,,,,False,,5352470004,-122.4231817,37.7778191,55.31298985722863
ELEC,CCSF-SFMTA PAG 4,360 Grove St,San Francisco,CA,94102,,US,GPS,37.778299,-122.422501,2023-10-25,2024-07-09,315780.0,2024-07-09 02:01:33 UTC,,E,,Public,24 hours daily,0.0,2.0,0.0,,ChargePoint Network,http://www.chargepoint.com/,J1772,,,,,,False,,5352470004,-122.4231817,37.7778191,80.1659982378785
ELEC,CCSF-SFMTA ST MARYS 1,433 Kearny St,San Francisco,CA,94108,,US,GPS,37.792048,-122.404583,2023-10-25,2024-07-09,315781.0,2024-07-09 02:01:36 UTC,,E,,Public,24 hours daily,0.0,2.0,0.0,,ChargePoint Network,http://www.chargepoint.com/,J1772,,,,,,False,,65352429,-122.4042334,37.7917031,49.137701898173994
ELEC,CCSF-SFMTA ST MARYS 2,433 Kearny St,San Francisco,CA,94108,,US,GPS,37.792098,-122.404698,2023-10-25,2024-07-09,315782.0,2024-07-09 02:01:36 UTC,,E,,Public,24 hours daily,0.0,2.0,0.0,,ChargePoint Network,http://www.chargepoint.com/,J1772,,,,,,False,,65352429,-122.4042334,37.7917031,59.95698231281184
ELEC,CCSF-SFMTA ST MARYS 3,433 Kearny St,San Francisco,CA,94108,,US,GPS,37.791703,-122.404562,2023-10-25,2024-07-09,315783.0,2024-07-09 02:01:36 UTC,,E,,Public,24 hours daily,0.0,2.0,0.0,,ChargePoint Network,http://www.chargepoint.com/,J1772,,,,,,False,,65352429,-122.4042334,37.7917031,28.874485327837405
ELEC,1199 E Beach Street (US-TL7-QXE-3),1199 E Beach Street,San Francisco,CA,94129,,US,GPS,37.80610328835066,-122.4494378320569,2023-10-25,2024-07-09,315811.0,2024-07-09 02:59:48 UTC,,E,,Public,24 hours daily,0.0,1.0,0.0,,RIVIAN_WAYPOINTS,https://rivian.com/experience/charging,J1772,PUBLIC,,,,,False,,65293407,-122.4483833,37.804996,154.08759680889142
ELEC,1199 E Beach Street (US-TL7-QXE-4),1199 E Beach Street,San Francisco,CA,94129,,US,GPS,37.80610328835066,-122.4494378320569,2023-10-25,2024-07-09,315812.0,2024-07-09 02:59:48 UTC,,E,,Public,24 hours daily,0.0,1.0,0.0,,RIVIAN_WAYPOINTS,https://rivian.com/experience/charging,J1772,PUBLIC,,,,,False,,65293407,-122.4483833,37.804996,154.08759680889142
ELEC,680 Point Lobos Ave (US-6ZD-X6E-1),680 Point Lobos Ave,San Francisco,CA,94121,,US,GPS,37.7801861,-122.5117904,2023-10-25,2024-07-09,315813.0,2024-07-09 02:59:48 UTC,,E,,Public,24 hours daily,0.0,1.0,0.0,,RIVIAN_WAYPOINTS,https://rivian.com/experience/charging,J1772,PUBLIC,,,,,False,,65295100,-122.5099016,37.7806368,173.39671675402877
ELEC,680 Point Lobos Ave (US-6ZD-X6E-2),680 Point Lobos Ave,San Francisco,CA,94121,,US,GPS,37.78497,-122.50557,2023-10-25,2024-07-09,315814.0,2024-07-09 02:59:48 UTC,,E,,Public,24 hours daily,0.0,1.0,0.0,,RIVIAN_WAYPOINTS,https://rivian.com/experience/charging,J1772,PUBLIC,,,,,False,,302481791,-122.5041277,37.7840047,166.09174376119398
ELEC,LoS - Path Villas at 4th,1020 North 4th Street,San Jose,CA,95112,,US,GPS,37.357302,-121.901411,2023-09-28,2024-07-09,315832.0,2024-07-09 00:09:18 UTC,,E,,Public,24 hours daily,0.0,5.0,0.0,,Blink Network,http://www.blinkcharging.com/,J1772,,,,,,False,,65466430,-121.901554,37.3566519,73.38454977936719
ELEC,The Dean Appt 1,458 San Antonio Rd,Mountain View,CA,94040,,US,GPS,37.404153,-122.112013,2023-10-26,2024-07-08,315872.0,2024-07-08 02:54:18 UTC,,E,,Public,24 hours daily,0.0,6.0,0.0,,FLO,https://flo.ca/,J1772,,,,,,False,,247156984,-122.1114511,37.4050017,106.62697472597361
ELEC,CCSF-SFMTA PAG 2,360 Grove St,San Francisco,CA,94102,,US,GPS,37.778303,-122.422485,2023-10-27,2024-07-09,316078.0,2024-07-09 02:01:33 UTC,,E,,Public,24 hours daily,0.0,2.0,0.0,,ChargePoint Network,http://www.chargepoint.com/,J1772,,,,,,False,,5352470004,-122.4231817,37.7778191,81.51369930175528
ELEC,1318 REDWOOD CHARGER #1,1318 Redwood Way,Petaluma,CA,94954,,US,GPS,38.27633,-122.66531,2023-10-27,2024-07-09,316081.0,2024-07-09 02:02:28 UTC,,E,,Public,24 hours daily,0.0,2.0,0.0,,ChargePoint Network,http://www.chargepoint.com/,J1772,,,,,,False,,1972648926,-122.6670294,38.2743765,264.0299054586668
ELEC,1318 REDWOOD CHARGER #2,1318 Redwood Way,Petaluma,CA,94954,,US,GPS,38.276034,-122.664968,2023-10-27,2024-07-09,316083.0,2024-07-09 02:02:29 UTC,,E,,Public,24 hours daily,0.0,2.0,0.0,,ChargePoint Network,http://www.chargepoint.com/,J1772,,,,,,False,,1972648926,-122.6670294,38.2743765,257.58338592321223
ELEC,Ferry 3 of 4,1435 Harbour Way S,Richmond,CA,94804,,US,GPS,37.91028203014655,-122.35954838005838,2023-03-15,2024-07-09,316183.0,2024-07-09 00:05:14 UTC,,E,,Public,24 hours daily,0.0,1.0,0.0,,Blink Network,http://www.blinkcharging.com/,J1772,,,,,,False,,57922742,-122.3592754,37.9099947,39.92891554798601
ELEC,Ferry 4 of 4,1435 Harbour Way S,Richmond,CA,94804,,US,GPS,37.91028203014655,-122.35954838005838,2023-04-19,2024-07-09,316184.0,2024-07-09 00:06:53 UTC,,E,,Public,24 hours daily,0.0,1.0,0.0,,Blink Network,http://www.blinkcharging.com/,J1772,,,,,,False,,57922742,-122.3592754,37.9099947,39.92891554798601
ELEC,Don Biddle Community Park,6100 Horizon Parkway,Dublin,CA,94568,,US,GPS,37.709289,-121.906445,2023-11-01,2024-07-09,316458.0,2024-07-09 02:52:12 UTC,,E,,Public,24 hours daily,0.0,10.0,0.0,,EV Connect,http://evconnect.com/,J1772,,,,,,False,,11726620703,-121.9064592,37.709839,61.1700519337575
ELEC,983 Marine Dr (US-KYA-CW3-1),983 Marine Dr,San Francisco,CA,94129,,US,GPS,37.8080383,-122.4709806,2023-11-01,2024-07-09,316462.0,2024-07-09 02:59:49 UTC,,E,,Public,24 hours daily,0.0,1.0,0.0,,RIVIAN_WAYPOINTS,https://rivian.com/experience/charging,J1772,PUBLIC,,,,,False,,65344044,-122.4713283,37.8083697,47.86422772117745
ELEC,983 Marine Dr (US-KYA-CW3-2),983 Marine Dr,San Francisco,CA,94129,,US,GPS,37.8080384,-122.4709806,2023-11-01,2024-07-09,316463.0,2024-07-09 02:59:49 UTC,,E,,Public,24 hours daily,0.0,1.0,0.0,,RIVIAN_WAYPOINTS,https://rivian.com/experience/charging,J1772,PUBLIC,,,,,False,,65344044,-122.4713283,37.8083697,47.85566746786146
ELEC,Lincoln Blvd (US-EZR-58X-2),Lincoln Blvd,San Francisco,CA,94129,,US,GPS,37.807143,-122.4725058,2023-10-31,2024-07-09,316535.0,2024-07-09 02:59:52 UTC,,E,,Public,24 hours daily,0.0,1.0,0.0,,RIVIAN_WAYPOINTS,https://rivian.com/experience/charging,J1772,PUBLIC,,,,,False,,3742028876,-122.4732148,37.8067707,74.790123353012
ELEC,Lincoln Blvd (US-EZR-58X-1),Lincoln Blvd,San Francisco,CA,94129,,US,GPS,37.8071345,-122.4724722,2023-10-31,2024-07-09,316536.0,2024-07-09 02:59:52 UTC,,E,,Public,24 hours daily,0.0,1.0,0.0,,RIVIAN_WAYPOINTS,https://rivian.com/experience/charging,J1772,PUBLIC,,,,,False,,3742028876,-122.4732148,37.8067707,76.76356568042573
ELEC,Safeway San Francisco #0785 - 850 La Playa,850 La Playa St,San Francisco,CA,94121,,US,GPS,37.77158,-122.50907,2023-11-03,2024-07-08,316641.0,2024-07-08 23:59:32 UTC,,E,,Public,24 hours daily,0.0,0.0,4.0,,eVgo Network,https://www.evgo.com/,J1772COMBO,,,,,,False,,4021327363,-122.5088429,37.7714492,24.697750863805943
ELEC,Kaiser - Oakland Dependency Clinic,380 West MacArthur Boulevard,Oakland,CA,94609,,US,GPS,37.8253573,-122.2609134,2022-06-24,2024-07-09,316642.0,2024-07-09 00:03:42 UTC,,E,,Public,24 hours daily,0.0,4.0,0.0,,Blink Network,http://www.blinkcharging.com/,J1772,,,,,,False,,3126825706,-122.260578,37.8250602,44.26276718638257
ELEC,Kaiser Milpitas,770 East Calaveras Boulevard,Milpitas,CA,95035,,US,GPS,37.4327334,-121.8915696,2017-09-08,2024-07-09,316645.0,2024-07-09 00:07:35 UTC,,E,,Public,24 hours daily,0.0,5.0,0.0,,Blink Network,http://www.blinkcharging.com/,J1772,,,,,,False,,65563874,-121.8909637,37.4322796,73.54170685155239
ELEC,Kaiser Pleasanton,4460 Hacienda Drive,Pleasanton,CA,94588,,US,GPS,37.6975804,-121.8938309,2011-08-05,2024-07-09,316654.0,2024-07-09 00:12:43 UTC,,E,,Public,24 hours daily,0.0,4.0,0.0,,Blink Network,http://www.blinkcharging.com/,J1772,,,,,,False,,657817373,-121.8922721,37.6965684,177.40544306012399
ELEC,Kaiser Redwood City SMOB,905 Maple Street,Redwood City,CA,94063,,US,GPS,37.4880575,-122.2231609,2020-10-19,2024-07-09,316684.0,2024-07-09 00:21:41 UTC,,E,,Public,24 hours daily,0.0,23.0,0.0,,Blink Network,http://www.blinkcharging.com/,J1772,,,,,,False,,65434204,-122.2230546,37.4875799,53.928608289531425
ELEC,GM - Fremont Cadillac,5939 Auto Mall Pkwy,Fremont,CA,94538,,US,GPS,37.50333,-121.979036,2023-11-04,2024-07-09,316741.0,2024-07-09 02:49:57 UTC,,E,,Public,24 hours daily,0.0,0.0,2.0,,EV Connect,http://evconnect.com/,J1772COMBO,,,,,,False,,9625649093,-121.9789153,37.5025226,90.40807127298703
ELEC,H&S ENERGY PM# CHEVRON1,254 Bailey Rd,Bay Point,CA,94565,,US,GPS,38.020409,-121.942271,2023-11-07,2024-07-09,316788.0,2024-07-09 01:45:38 UTC,,E,,Public,24 hours daily,0.0,0.0,1.0,,ChargePoint Network,http://www.chargepoint.com/,CHADEMO J1772COMBO,,,,,,False,,349116712,-121.9419763,38.0202444,31.64521710020283
ELEC,H&S ENERGY PM# CHEVRON2,254 Bailey Rd,Bay Point,CA,94565,,US,GPS,38.020425,-121.94232,2023-11-07,2024-07-09,316800.0,2024-07-09 01:59:42 UTC,,E,,Public,24 hours daily,0.0,0.0,1.0,,ChargePoint Network,http://www.chargepoint.com/,CHADEMO J1772COMBO,,,,,,False,,349116712,-121.9419763,38.0202444,36.19047258017157
ELEC,HARBOR BAY 1620 #2,1620 S Loop Rd,Alameda,CA,94502,,US,GPS,37.723699,-122.240076,2023-11-07,2024-07-09,316808.0,2024-07-09 02:02:18 UTC,,E,,Public,Sat 12:00am - 12:00am; Sun 12:00am - 12:00am,0.0,2.0,0.0,,ChargePoint Network,http://www.chargepoint.com/,J1772,,,,,,False,,53066199,-122.2397931,37.7252434,173.52281727944847
ELEC,HARBOR BAY 1620 #3,1620 S Loop Rd,Alameda,CA,94502,,US,GPS,37.723632,-122.24016,2023-11-07,2024-07-09,316809.0,2024-07-09 02:02:18 UTC,,E,,Public,Sat 12:00am - 12:00am; Sun 12:00am - 12:00am,0.0,2.0,0.0,,ChargePoint Network,http://www.chargepoint.com/,J1772,,,,,,False,,53066199,-122.2397931,37.7252434,182.06233006159167
ELEC,Murphy Station Apartments,1008 East El Camino Real,Sunnyvale,CA,94087,,US,GPS,37.3519318,-122.0074572,2020-07-01,2024-07-09,316925.0,2024-07-09 00:25:29 UTC,,E,,Public,24 hours daily,0.0,5.0,0.0,,Blink Network,http://www.blinkcharging.com/,J1772,,,,,,False,,283539442,-122.008008,37.3521216,53.06359373014086
ELEC,EV PARKING CLK STATION 1,2908 El Camino Real,Santa Clara,CA,95051,,US,GPS,37.351643,-121.97906,2023-11-09,2024-07-09,317007.0,2024-07-09 01:30:24 UTC,,E,,Public,24 hours daily,0.0,2.0,0.0,,ChargePoint Network,http://www.chargepoint.com/,J1772,,,,,,False,,2860539997,-121.9781056,37.3523122,112.48943639033972
ELEC,CCSF-SFMTA GGG 2,250 Clay St,San Francisco,CA,94111,,US,GPS,37.795447,-122.399051,2023-11-10,2024-07-09,318007.0,2024-07-09 02:01:26 UTC,,E,,Public,24 hours daily,0.0,2.0,0.0,,ChargePoint Network,http://www.chargepoint.com/,J1772,,,,,,False,,65327408,-122.3991785,37.7951996,29.703358682150068
ELEC,GRATON CASINO DC2,288 Golf Course Drive West,Rohnert Park,CA,94928,,US,GPS,38.361542,-122.724478,2023-11-10,2024-07-09,318034.0,2024-07-09 02:03:25 UTC,,E,,Public,24 hours daily,0.0,0.0,1.0,,ChargePoint Network,http://www.chargepoint.com/,CHADEMO J1772COMBO,,,,,,False,,56090348,-122.7252535,38.3624334,119.98498852926946
ELEC,Shamrock Village - Tesla Supercharger,7841 Amador Valley Blvd,Dublin,CA,94568,,US,GPS,37.7066,-121.9348,2023-11-09,,318176.0,2023-11-10 04:50:43 UTC,P,E,,Public,24 hours daily; for Tesla use only,0.0,0.0,12.0,,Tesla,https://www.tesla.com/supercharger,TESLA,SHOPPING_CENTER,$0.37 per kWh,,False,LD,False,,356380023,-121.9342393,37.7064347,52.63946091103916
ELEC,Shores of the Marina,1 Shoreline Ct,Richmond,CA,94804,,US,GPS,37.91159508,-122.3432861,2023-05-26,2023-12-13,319423.0,2024-01-31 22:07:01 UTC,P,E,,Public,Contact site for information,0.0,10.0,0.0,,AMPUP,https://ampup.io/,J1772,MULTI_UNIT_DWELLING,,,False,LD,False,,2783818625,-122.3436345,37.9119932,53.795281644822055
ELEC,Raley's Rohnert Park #337,100 Raleys Towne Ctr,Rohnert Park,CA,94928,,US,GPS,38.3470071,-122.7057627,2023-11-14,2024-07-09,319729.0,2024-07-09 00:01:36 UTC,,E,,Public,24 hours daily,0.0,0.0,4.0,,eVgo Network,https://www.evgo.com/,CHADEMO J1772COMBO,,,,,,False,,351117440,-122.705971,38.348348,150.20392955105976
ELEC,CITYOFLIVERMORE I ST. GARAGE-6,175 N. I Street,Livermore,CA,94550,,US,GPS,37.684516,-121.768793,2023-11-15,2024-07-09,319743.0,2024-07-09 01:39:41 UTC,,E,,Public,24 hours daily,0.0,2.0,0.0,,ChargePoint Network,http://www.chargepoint.com/,J1772,,,,,,False,,9873048537,-121.768526,37.684329,31.37537139633918
ELEC,A&W ROOT BEER A&W ROOT BEER,3741 Redwood Highway,San Rafael,CA,94903,,US,GPS,37.996869,-122.534813,2023-11-15,2024-07-09,319777.0,2024-07-09 02:03:28 UTC,,E,,Public,24 hours daily,0.0,2.0,0.0,,ChargePoint Network,http://www.chargepoint.com/,J1772,,,,,,False,,110354010,-122.5342611,37.9970897,54.23138333623338
ELEC,SpringHill Suites Pleasanton,7270 Johnson Drive,Pleasanton,CA,94588,,US,GPS,37.69201,-121.91656,2023-11-15,2024-07-09,319830.0,2024-07-09 02:45:35 UTC,,E,,Public,,0.0,8.0,0.0,,OpConnect,http://www.opconnect.com/,J1772,,,,,,False,,577629937,-121.9168103,37.690412,179.0494447551116
ELEC,TownePlace Suites Pleasanton,7260 Johnson Drive,Pleasanton,CA,94588,,US,GPS,37.69183,-121.91723,2023-11-16,2024-07-09,319917.0,2024-07-09 02:45:36 UTC,,E,,Public,,0.0,8.0,0.0,,OpConnect,http://www.opconnect.com/,J1772,,,,,,False,,577629937,-121.9168103,37.690412,161.9416288593175
ELEC,100 Corte Madera Town Center (US-8U6-84L-1A),100 Corte Madera Town Center,Corte Madera,CA,94925,,US,GPS,37.9256598,-122.5184926,2023-11-16,2024-07-09,319926.0,2024-07-09 02:59:51 UTC,,E,,Public,24 hours daily; for Rivian use only,0.0,0.0,1.0,,RIVIAN_ADVENTURE,https://rivian.com/experience/charging,J1772COMBO,PUBLIC,,,,,False,,110390175,-122.518672,37.9259408,34.98435889817405
ELEC,100 Corte Madera Town Center (US-8U6-84L-1B),100 Corte Madera Town Center,Corte Madera,CA,94925,,US,GPS,37.9256944,-122.5184926,2023-11-16,2024-07-09,319927.0,2024-07-09 02:59:51 UTC,,E,,Public,24 hours daily; for Rivian use only,0.0,0.0,1.0,,RIVIAN_ADVENTURE,https://rivian.com/experience/charging,J1772COMBO,PUBLIC,,,,,False,,110390175,-122.518672,37.9259408,31.59557182364686
ELEC,100 Corte Madera Town Center (US-8U6-84L-1C),100 Corte Madera Town Center,Corte Madera,CA,94925,,US,GPS,37.9257386,-122.5183528,2023-11-16,2024-07-09,319928.0,2024-07-09 02:59:51 UTC,,E,,Public,24 hours daily; for Rivian use only,0.0,0.0,1.0,,RIVIAN_ADVENTURE,https://rivian.com/experience/charging,J1772COMBO,PUBLIC,,,,,False,,110390175,-122.518672,37.9259408,35.9078567568379
ELEC,100 Corte Madera Town Center (US-8U6-84L-2A),100 Corte Madera Town Center,Corte Madera,CA,94925,,US,GPS,37.9257381,-122.5183162,2023-11-16,2024-07-09,319929.0,2024-07-09 02:59:51 UTC,,E,,Public,24 hours daily; for Rivian use only,0.0,0.0,1.0,,RIVIAN_ADVENTURE,https://rivian.com/experience/charging,J1772COMBO,PUBLIC,,,,,False,,110390175,-122.518672,37.9259408,38.495977898829594
ELEC,100 Corte Madera Town Center (US-8U6-84L-2B),100 Corte Madera Town Center,Corte Madera,CA,94925,,US,GPS,37.9257354,-122.5182877,2023-11-16,2024-07-09,319930.0,2024-07-09 02:59:51 UTC,,E,,Public,24 hours daily; for Rivian use only,0.0,0.0,1.0,,RIVIAN_ADVENTURE,https://rivian.com/experience/charging,J1772COMBO,PUBLIC,,,,,False,,110390175,-122.518672,37.9259408,40.716555308448626
ELEC,100 Corte Madera Town Center (US-8U6-84L-2C),100 Corte Madera Town Center,Corte Madera,CA,94925,,US,GPS,37.9257338,-122.5182518,2023-11-16,2024-07-09,319931.0,2024-07-09 02:59:51 UTC,,E,,Public,24 hours daily; for Rivian use only,0.0,0.0,1.0,,RIVIAN_ADVENTURE,https://rivian.com/experience/charging,J1772COMBO,PUBLIC,,,,,False,,110390175,-122.518672,37.9259408,43.45331777347783
ELEC,100 Corte Madera Town Center (US-FCY-BG3-1),100 Corte Madera Town Center,Corta Madera,CA,94925,,US,GPS,37.9257143,-122.5181529,2023-11-16,2024-07-09,319932.0,2024-07-09 02:59:54 UTC,,E,,Public,24 hours daily,0.0,1.0,0.0,,RIVIAN_WAYPOINTS,https://rivian.com/experience/charging,J1772,PUBLIC,,,,,False,,110390175,-122.518672,37.9259408,52.032615031432925
ELEC,100 Corte Madera Town Center (US-FCY-BG3-2),100 Corte Madera Town Center,Corta Madera,CA,94925,,US,GPS,37.9257592,-122.518158,2023-11-16,2024-07-09,319933.0,2024-07-09 02:59:54 UTC,,E,,Public,24 hours daily,0.0,1.0,0.0,,RIVIAN_WAYPOINTS,https://rivian.com/experience/charging,J1772,PUBLIC,,,,,False,,110390175,-122.518672,37.9259408,49.399360150518206
ELEC,100 Corte Madera Town Center (US-FCY-BG3-3),100 Corte Madera Town Center,Corta Madera,CA,94925,,US,GPS,37.9258084,-122.5181543,2023-11-16,2024-07-09,319934.0,2024-07-09 02:59:55 UTC,,E,,Public,24 hours daily,0.0,1.0,0.0,,RIVIAN_WAYPOINTS,https://rivian.com/experience/charging,J1772,PUBLIC,,,,,False,,110390175,-122.518672,37.9259408,47.73519281353125
ELEC,100 Corte Madera Town Center (US-FCY-BG3-4),100 Corte Madera Town Center,Corta Madera,CA,94925,,US,GPS,37.9257301,-122.5185167,2023-11-16,2024-07-09,319935.0,2024-07-09 02:59:55 UTC,,E,,Public,24 hours daily,0.0,1.0,0.0,,RIVIAN_WAYPOINTS,https://rivian.com/experience/charging,J1772,PUBLIC,,,,,False,,110390175,-122.518672,37.9259408,27.100859381390734
ELEC,7Charge - Suisun City,301 Walters Rd,Suisun City,CA,94585,,US,200-8,38.24024,-121.98911,2023-10-31,2023-12-13,319951.0,2024-01-31 22:07:01 UTC,P,E,,Public,24 Hours Daily,0.0,0.0,2.0,,7CHARGE,https://www.7-eleven.com/7charge,CHADEMO J1772COMBO,CONVENIENCE_STORE,$0.46 per kWh; $1 per minute idle fee after a 15 minute grace period,,False,LD,False,,62312716,-121.9896577,38.2402691,47.94274861444361
ELEC,1400 PAGE MILL GARAGE 1,1400 Page Mill Rd,Palo Alto,CA,94304,,US,GPS,37.41682,-122.148699,2023-11-17,2024-07-09,319975.0,2024-07-09 00:34:46 UTC,,E,,Public,24 hours daily,0.0,1.0,0.0,,ChargePoint Network,http://www.chargepoint.com/,J1772,,,,,,False,,301503404,-122.1470256,37.4172301,154.6616364620313
ELEC,1400 PAGE MILL GARAGE 3,1400 Page Mill Rd,Palo Alto,CA,94304,,US,GPS,37.416807,-122.14865,2023-11-17,2024-07-09,319976.0,2024-07-09 00:34:46 UTC,,E,,Public,24 hours daily,0.0,2.0,0.0,,ChargePoint Network,http://www.chargepoint.com/,J1772,,,,,,False,,301503404,-122.1470256,37.4172301,150.97618478445412
ELEC,1400 PAGE MILL GARAGE 2,1800 Page Mill Rd,Palo Alto,CA,94304,,US,GPS,37.416789,-122.148607,2023-11-17,2024-07-09,319977.0,2024-07-09 00:34:54 UTC,,E,,Public,24 hours daily,0.0,2.0,0.0,,ChargePoint Network,http://www.chargepoint.com/,J1772,,,,,,False,,301503404,-122.1470256,37.4172301,148.02360504764812
ELEC,560 MISSION LEVEL2-2,560 Mission St,San Francisco,CA,94105,,US,GPS,37.78883,-122.399549,2023-11-17,2024-07-09,320017.0,2024-07-09 02:03:33 UTC,,E,,Public,24 hours daily,0.0,2.0,0.0,,ChargePoint Network,http://www.chargepoint.com/,J1772,,,,,,False,,65306991,-122.4003456,37.7884407,82.30449045247936
ELEC,560 MISSION LEVEL2-1,560 Mission St,San Francisco,CA,94105,,US,GPS,37.788864,-122.399549,2023-11-17,2024-07-09,320018.0,2024-07-09 02:03:33 UTC,,E,,Public,24 hours daily,0.0,2.0,0.0,,ChargePoint Network,http://www.chargepoint.com/,J1772,,,,,,False,,65306991,-122.4003456,37.7884407,84.35421749301926
ELEC,Cordevalle Golf Resort,1 CordeValle Club Dr,San Martin,CA,95046,,US,GPS,37.067571,-121.6328912,2022-10-10,2024-07-09,320209.0,2024-07-09 00:04:11 UTC,,E,,Public,24 hours daily,0.0,4.0,0.0,,Blink Network,http://www.blinkcharging.com/,J1772,,,,,,False,,295224652,-121.6253127,37.0640969,775.4864758994003
ELEC,STEINDORF STEINDORF #1,3001 Ross Ave,San Jose,CA,95124,,US,GPS,37.266561,-121.919307,2023-11-18,2024-07-09,320220.0,2024-07-09 00:38:53 UTC,,E,,Public,24 hours daily,0.0,2.0,0.0,,ChargePoint Network,http://www.chargepoint.com/,J1772,,,,,,False,,65608087,-121.9186026,37.2662438,71.62100411554604
ELEC,SANTA CLARA HENRY SCHMIDT 1,555 Los Padres Blvd,Santa Clara,CA,95050,,US,GPS,37.335871,-121.960331,2023-11-18,2024-07-09,320232.0,2024-07-09 02:00:54 UTC,,E,,Public,24 hours daily,0.0,2.0,0.0,,ChargePoint Network,http://www.chargepoint.com/,J1772,,,,,,False,,648799211,-121.9601053,37.335026,96.05534607695154
ELEC,SANTA CLARA HENRY SCHMIDT 2,555 Los Padres Blvd,Santa Clara,CA,95050,,US,GPS,37.335914,-121.960597,2023-11-18,2024-07-09,320233.0,2024-07-09 02:00:54 UTC,,E,,Public,24 hours daily,0.0,1.0,0.0,,ChargePoint Network,http://www.chargepoint.com/,J1772,,,,,,False,,648799211,-121.9601053,37.335026,107.88706804659937
ELEC,SANTA CLARA PARK SERVCNTR 1,2600 Benton St,Santa Clara,CA,95051,,US,GPS,37.34521,-121.973418,2023-11-18,2024-07-09,320234.0,2024-07-09 02:00:54 UTC,,E,,Public,24 hours daily,0.0,2.0,0.0,,ChargePoint Network,http://www.chargepoint.com/,J1772,,,,,,False,,65638866,-121.9732319,37.3448091,47.51683653541503
ELEC,CITYOFSANTAROSA MSC-SOUTH 2,69 Stony Cir,Santa Rosa,CA,95401,,US,GPS,38.440961,-122.747095,2023-11-18,2024-07-09,320258.0,2024-07-09 02:03:59 UTC,,E,,Public,24 hours daily,0.0,2.0,0.0,,ChargePoint Network,http://www.chargepoint.com/,J1772,,,,,,False,,56152256,-122.7459764,38.4410495,97.91843603660455
ELEC,STEINDORF STEINDORF #2,3001 Ross Ave,San Jose,CA,95124,,US,GPS,37.26656,-121.919533,2023-11-19,2024-07-09,320289.0,2024-07-09 00:39:28 UTC,,E,,Public,24 hours daily,0.0,2.0,0.0,,ChargePoint Network,http://www.chargepoint.com/,J1772,,,,,,False,,65597990,-121.9192832,37.2673196,87.30848232920849
ELEC,303 SECOND ST. KILROY DCFC 4,303 2nd St,San Francisco,CA,94107,,US,GPS,37.785597,-122.396305,2023-11-21,2024-07-09,320331.0,2024-07-09 02:03:08 UTC,,E,,Public,24 hours daily,0.0,0.0,1.0,,ChargePoint Network,http://www.chargepoint.com/,CHADEMO J1772COMBO,,,,,,False,,65317042,-122.3967285,37.785549,37.59732693258118
ELEC,303 SECOND ST. KILROY DCFC 3,303 2nd St,San Francisco,CA,94107,,US,GPS,37.785522,-122.396019,2023-11-21,2024-07-09,320332.0,2024-07-09 02:03:08 UTC,,E,,Public,24 hours daily,0.0,0.0,1.0,,ChargePoint Network,http://www.chargepoint.com/,CHADEMO J1772COMBO,,,,,,False,,65317042,-122.3967285,37.785549,62.42207560681017
ELEC,7 Stars Holistic Healing Center,3219 Pierce St,Richmond,CA,94804,,US,GPS,37.899648,-122.30929,2023-11-22,2024-07-08,320475.0,2024-07-08 02:55:29 UTC,,E,,Public,24 hours daily,0.0,4.0,0.0,,FLO,https://flo.ca/,J1772,,,,,,False,,57841058,-122.3081183,37.9003161,126.83978813267785
ELEC,CCSF-SFMTA MISSION ST 1,833 Mission St,San Francisco,CA,94103,,US,GPS,37.783409,-122.405268,2023-11-23,2024-07-09,320509.0,2024-07-09 02:01:18 UTC,,E,,Public,24 hours daily,0.0,2.0,0.0,,ChargePoint Network,http://www.chargepoint.com/,J1772,,,,,,False,,6925582021,-122.4062888,37.7828917,106.56666100654813
ELEC,PLEASANTONEVSTN CITY HALL #2,200 Old Bernal Avenue,Pleasanton,CA,94566,,US,GPS,37.658296,-121.878921,2023-11-28,2024-07-09,320724.0,2024-07-09 02:03:43 UTC,,E,,Public,24 hours daily,0.0,2.0,0.0,,ChargePoint Network,http://www.chargepoint.com/,J1772,,,,,,False,,53068636,-121.8782844,37.6585967,65.25658518525752
ELEC,GENESIS ISLAND 1400 EV#5,1410 Fashion Island Blvd Parking Structure,San Mateo,CA,94404,,US,GPS,37.555782,-122.289073,2023-11-28,2024-07-09,320726.0,2024-07-09 02:03:48 UTC,,E,,Public,24 hours daily,0.0,2.0,0.0,,ChargePoint Network,http://www.chargepoint.com/,J1772,,,,,,False,,689910326,-122.2885851,37.5548429,112.93367365052707
ELEC,GENESIS ISLAND 1400 EV#6,1410 Fashion Island Blvd Parking Structure,San Mateo,CA,94404,,US,GPS,37.555833,-122.289009,2023-11-28,2024-07-09,320727.0,2024-07-09 02:03:48 UTC,,E,,Public,24 hours daily,0.0,2.0,0.0,,ChargePoint Network,http://www.chargepoint.com/,J1772,,,,,,False,,689910326,-122.2885851,37.5548429,116.26293830806318
ELEC,GENESIS ISLAND 1400 EV#4,1410 Fashion Island Blvd Parking Structure,San Mateo,CA,94404,,US,GPS,37.555825,-122.289063,2023-11-28,2024-07-09,320728.0,2024-07-09 02:03:48 UTC,,E,,Public,24 hours daily,0.0,2.0,0.0,,ChargePoint Network,http://www.chargepoint.com/,J1772,,,,,,False,,689910326,-122.2885851,37.5548429,117.04871896495801
ELEC,GENESIS ISLAND 1400 EV#1B,1410 Fashion Island Blvd Parking Structure,San Mateo,CA,94404,,US,GPS,37.555995,-122.288902,2023-11-28,2024-07-09,320729.0,2024-07-09 02:03:49 UTC,,E,,Public,24 hours daily,0.0,1.0,0.0,,ChargePoint Network,http://www.chargepoint.com/,J1772,,,,,,False,,65416076,-122.2885679,37.5568673,101.368058941244
ELEC,GENESIS ISLAND 1400 EV#1A,1410 Fashion Island Blvd Parking Structure,San Mateo,CA,94404,,US,GPS,37.555995,-122.288966,2023-11-28,2024-07-09,320730.0,2024-07-09 02:03:49 UTC,,E,,Public,24 hours daily,0.0,1.0,0.0,,ChargePoint Network,http://www.chargepoint.com/,J1772,,,,,,False,,65416076,-122.2885679,37.5568673,103.14850405861905
ELEC,Best Western Novato Oaks Inn,215 Alameda Del Prado,Novato,CA,94949,,US,200-8,38.05056,-122.5332,2024-01-01,2024-02-12,320968.0,2024-02-12 21:24:44 UTC,P,E,,Public,24 hours daily,0.0,4.0,0.0,,TURNONGREEN,https://turnongreen.com,J1772,HOTEL,,,False,HD,False,,345571918,-122.5327301,38.0497254,101.51578471132778
ELEC,San Francisco - Page One Automotive,211 S Hill Dr,Brisbane,CA,94005,,US,200-8,37.69209,-122.42348,2023-04-23,2024-02-12,320992.0,2024-02-12 21:24:44 UTC,P,E,,Public,24 hours daily,0.0,1.0,0.0,,TURNONGREEN,https://turnongreen.com,J1772,FLEET_GARAGE,,,False,HD,False,,65466496,-122.4224508,37.6922752,92.87071563320075
ELEC,H&S ENERGY PM3 CHEVRON4,254 Bailey Rd,Pittsburg,CA,94565,,US,GPS,38.020529,-121.942285,2023-11-30,2024-07-09,321024.0,2024-07-09 01:45:41 UTC,,E,,Public,24 hours daily,0.0,0.0,1.0,,ChargePoint Network,http://www.chargepoint.com/,CHADEMO J1772COMBO,,,,,,False,,349116712,-121.9419763,38.0202444,41.62606317931894
ELEC,H&S ENERGY PM# CHEVRON3,254 Bailey Rd,Pittsburg,CA,94565,,US,GPS,38.020629,-121.942223,2023-11-30,2024-07-09,321025.0,2024-07-09 01:45:42 UTC,,E,,Public,24 hours daily,0.0,0.0,1.0,,ChargePoint Network,http://www.chargepoint.com/,CHADEMO J1772COMBO,,,,,,False,,349116712,-121.9419763,38.0202444,47.9157060574062
ELEC,Kimono Japanese Restaurant - Tesla Supercharger,6770 Santa Rita Rd,Pleasanton,CA,94588,,US,GPS,37.69989,-121.871035,2023-11-30,2023-12-13,321139.0,2024-01-31 22:07:01 UTC,P,E,,Public - Credit card at all times,24 hours daily; for Tesla use only,0.0,0.0,12.0,,Tesla,https://www.tesla.com/supercharger,TESLA,RESTAURANT,$0.36 per kWh,,False,LD,False,,3119815037,-121.8707106,37.7002161,46.14557130272534
ELEC,Nugget Markets - Tesla Supercharger,154 Browns Valley Pkwy,Vacaville,CA,95688,,US,GPS,38.365225,-121.967972,2023-11-30,2023-12-13,321148.0,2024-01-31 22:07:01 UTC,P,E,,Public - Credit card at all times,24 hours daily; for Tesla use only,0.0,0.0,12.0,,Tesla,https://www.tesla.com/supercharger,TESLA,GROCERY,$0.37 per kWh,,False,LD,False,,62498338,-121.9678129,38.3654031,24.1784838764974
ELEC,Ashby Plaza,1025 Ashby Ave,Berkeley,CA,94710,,US,GPS,37.8521253,-122.2889822,2023-12-02,2024-07-08,321323.0,2024-07-09 00:00:13 UTC,,E,,Public,24 hours daily,0.0,0.0,8.0,,eVgo Network,https://www.evgo.com/,J1772COMBO,,,,,,False,,53039509,-122.2894729,37.8518753,51.2731264290943
ELEC,Raley's Oakley #304,2077 Main St,Oakley,CA,94561,,US,GPS,38.00317,-121.73352,2023-12-06,2024-07-08,322154.0,2024-07-09 00:00:27 UTC,,E,,Public,24 hours daily,0.0,0.0,4.0,,eVgo Network,https://www.evgo.com/,CHADEMO J1772COMBO,,,,,,False,,6037843343,-121.7330053,38.0042204,125.20320177332529
ELEC,Marin Health Medical Center,250 Bon Air Road,Greenbrae,CA,94904,,US,GPS,37.94729623,-122.536055,2014-03-18,2024-07-09,322165.0,2024-07-09 00:23:22 UTC,,E,,Public,24 hours daily,0.0,13.0,0.0,,Blink Network,http://www.blinkcharging.com/,J1772,,,,,,False,,1031699027,-122.5372126,37.9461948,159.06989778012982
ELEC,NVTA STATION 02,625 Burnell St Rear of building - back lot,Napa,CA,94559,,US,GPS,38.29754,-122.280212,2023-12-08,2024-07-09,322302.0,2024-07-09 00:30:29 UTC,,E,,Public,24 hours daily,0.0,2.0,0.0,,ChargePoint Network,http://www.chargepoint.com/,J1772,,,,,,False,,55954077,-122.2799638,38.2980636,62.1200558243842
ELEC,CITYOFSANRAFAEL CITY HALL 2,1400 Fifth Ave,San Rafael,CA,94901,,US,GPS,37.974903,-122.53141,2023-12-08,2024-07-09,322304.0,2024-07-09 00:52:24 UTC,,E,,Public,24 hours daily,0.0,2.0,0.0,,ChargePoint Network,http://www.chargepoint.com/,J1772,,,,,,False,,110418261,-122.5318321,37.9745204,56.380916225663235
ELEC,CITYOFSANRAFAEL CITY HALL 1,1400 Fifth Ave,San Rafael,CA,94901,,US,GPS,37.974839,-122.531839,2023-12-08,2024-07-09,322305.0,2024-07-09 00:59:16 UTC,,E,,Public,24 hours daily,0.0,2.0,0.0,,ChargePoint Network,http://www.chargepoint.com/,J1772,,,,,,False,,110418261,-122.5318321,37.9745204,35.431915940613735
ELEC,GRATON CASINO DC3,288 Golf Course Dr W,Rohnert Park,CA,94928,,US,GPS,38.362054,-122.724314,2023-12-08,2024-07-09,322322.0,2024-07-09 02:04:01 UTC,,E,,Public,24 hours daily,0.0,0.0,1.0,,ChargePoint Network,http://www.chargepoint.com/,CHADEMO J1772COMBO,,,,,,False,,56090348,-122.7252535,38.3624334,92.13898633497261
ELEC,GRATON CASINO DC4,288 Golf Course Dr W,Rohnert Park,CA,94928,,US,GPS,38.362037,-122.724324,2023-12-08,2024-07-09,322324.0,2024-07-09 02:04:01 UTC,,E,,Public,24 hours daily,0.0,0.0,1.0,,ChargePoint Network,http://www.chargepoint.com/,CHADEMO J1772COMBO,,,,,,False,,56090348,-122.7252535,38.3624334,92.25283168026486
ELEC,GLENDALE PLAZA EV TWO,101 South Ellsworth Avenue,San Mateo,CA,94401,,US,GPS,37.566336,-122.324353,2023-12-12,2024-07-09,322518.0,2024-07-09 02:03:32 UTC,,E,,Public,24 hours daily,0.0,1.0,0.0,,ChargePoint Network,http://www.chargepoint.com/,J1772,,,,,,False,,65391393,-122.3247298,37.5666179,45.66733501171484
ELEC,GLENDALE PLAZA EV ONE,101 South Ellsworth Avenue,San Mateo,CA,94401,,US,GPS,37.566366,-122.324328,2023-12-12,2024-07-09,322519.0,2024-07-09 02:03:32 UTC,,E,,Public,24 hours daily,0.0,1.0,0.0,,ChargePoint Network,http://www.chargepoint.com/,J1772,,,,,,False,,65391393,-122.3247298,37.5666179,45.152118241711925
ELEC,Sycamore,576 Sycamore Drive,Milpitas,CA,95035,,US,GPS,37.4092062,-121.9144141,2018-01-03,2024-07-09,322571.0,2024-07-09 00:24:03 UTC,,E,,Public,24 hours daily,0.0,9.0,0.0,,Blink Network,http://www.blinkcharging.com/,J1772,,,,,,False,,65627482,-121.9157145,37.409052,116.12961955332035
ELEC,RAR2 Stadium TechCenter 123 LLC,5480 Great America Parkway,Santa Clara,CA,95054,,US,GPS,37.413003,-121.978992,2023-12-13,2024-07-09,322610.0,2024-07-09 02:52:28 UTC,,E,,Public,24 hours daily,0.0,9.0,0.0,,EV Connect,http://evconnect.com/,J1772,,,,,,False,,271394610,-121.977681,37.4138092,146.43366068225617
ELEC,Solano County - County Administration Center Parking Structure,675 Texas St,Fairfield,CA,94533,,US,200-8,38.2491,-122.0416,2013-07-23,2024-01-09,322626.0,2024-01-31 22:07:01 UTC,LG,E,,Public,24 hours daily,0.0,8.0,0.0,,Non-Networked,,J1772,MUNI_GOV,Free,,False,MD,False,,62395461,-122.0419134,38.2492298,30.94015192681459
ELEC,BELLARMINE PARKING 21,795 Stockton Ave,San Jose,CA,95126,,US,GPS,37.342071,-121.91535,2023-12-15,2024-07-09,322768.0,2024-07-09 02:03:42 UTC,,E,,Public,24 hours daily,0.0,2.0,0.0,,ChargePoint Network,http://www.chargepoint.com/,J1772,,,,,,False,,3458890589,-121.9154704,37.3424815,46.870117747400485
ELEC,BELLARMINE PARKING 22,795 Stockton Ave,San Jose,CA,95126,,US,GPS,37.342165,-121.915436,2023-12-15,2024-07-09,322770.0,2024-07-09 02:03:52 UTC,,E,,Public,24 hours daily,0.0,1.0,0.0,,ChargePoint Network,http://www.chargepoint.com/,J1772,,,,,,False,,3458890589,-121.9154704,37.3424815,35.32438925588254
ELEC,Hummus Republic - Tesla Supercharger,3032 W Jack London Blvd,Livermore,CA,94551,,US,GPS,37.6961539459695,-121.843994491158,2023-12-14,2024-01-09,322839.0,2024-01-31 22:07:01 UTC,P,E,,Public - Credit card at all times,24 hours daily; for Tesla use only,0.0,0.0,16.0,,Tesla,https://www.tesla.com/supercharger,TESLA,SHOPPING_CENTER,$0.36 per kWh,,False,LD,False,,1989340983,-121.8427144,37.6963013,113.81396304449696
ELEC,THE SEA RANCH ENCLOSED SINGLE,60 Sea Walk Dr,Sea Ranch,CA,95497,,US,GPS,38.67936,-123.427545,2023-12-16,2024-07-09,322892.0,2024-07-09 02:05:04 UTC,,E,,Public,24 hours daily,0.0,1.0,0.0,,ChargePoint Network,http://www.chargepoint.com/,J1772,,,,,,False,,56015592,-123.424823,38.679761,240.45316377395002
ELEC,Lafayette Park Hotel and Spa,3287 Mt. Diablo Blvd.,Lafayette,CA,94549,,US,GPS,37.89604,-122.1009198,2018-12-28,2024-07-09,322933.0,2024-07-09 00:11:09 UTC,,E,,Public,24 hours daily,0.0,4.0,0.0,,Blink Network,http://www.blinkcharging.com/,J1772,,,,,,False,,257502294,-122.10244,37.8968191,159.05538926876434
ELEC,Lowe's of Livermore,4255 1st St,Livermore,CA,94551,,US,GPS,37.6948221,-121.7451335,2023-12-20,2024-07-09,323110.0,2024-07-09 00:01:28 UTC,,E,,Public,24 hours daily,0.0,0.0,10.0,,eVgo Network,https://www.evgo.com/,J1772COMBO,,,,,,False,,53044308,-121.7468985,37.6944769,159.96963282270255
ELEC,MICHAEL STATION 1,1201 Sutter St,San Francisco,CA,94109,,US,GPS,37.787641,-122.420268,2023-12-21,2024-07-09,323147.0,2024-07-09 02:05:09 UTC,,E,,Public,24 hours daily,0.0,1.0,0.0,,ChargePoint Network,http://www.chargepoint.com/,J1772,,,,,,False,,65303556,-122.4201333,37.7877669,18.3329476696984
ELEC,Safeway - Tesla Supercharger,1305 Stratford Ave,Dixon,CA,95620,,US,GPS,38.457893,-121.839806,2023-12-21,2024-01-09,323265.0,2024-01-31 22:07:01 UTC,P,E,,Public - Credit card at all times,24 hours daily; for Tesla use only,0.0,0.0,12.0,,Tesla,https://www.tesla.com/supercharger,TESLA,GROCERY,$0.40 per kWh,,False,LD,False,,9335897526,-121.8395282,38.4580003,26.971386367060564
ELEC,Terrace Shopping Center,2799 Lone Tree Way,Antioch,CA,94509,,US,GPS,37.9947134,-121.8074598,2023-12-22,2024-07-09,323405.0,2024-07-09 00:01:24 UTC,,E,,Public,24 hours daily,0.0,0.0,8.0,,eVgo Network,https://www.evgo.com/,J1772COMBO,,,,,,False,,351871170,-121.8070995,37.9954983,92.812231821204
ELEC,ALAMEDA PUBLIC FERRY SNG1,1701 Ferry Point Rd,Alameda,CA,94501,,US,GPS,37.777699,-122.297978,2023-12-23,2024-07-09,323427.0,2024-07-09 02:04:32 UTC,,E,,Public,24 hours daily,0.0,1.0,0.0,,ChargePoint Network,http://www.chargepoint.com/,J1772,,,,,,False,,53025011,-122.2960242,37.7768077,198.26482180475605
ELEC,ALAMEDA PUBLIC FERRY DUAL4,1701 Ferry Point Rd,Alameda,CA,94501,,US,GPS,37.777896,-122.298,2023-12-23,2024-07-09,323428.0,2024-07-09 02:04:32 UTC,,E,,Public,24 hours daily,0.0,2.0,0.0,,ChargePoint Network,http://www.chargepoint.com/,J1772,,,,,,False,,53025011,-122.2960242,37.7768077,211.6565688050591
ELEC,ALAMEDA PUBLIC FERRY DUAL1,1701 Ferry Point Rd,Alameda,CA,94501,,US,GPS,37.777752,-122.297969,2023-12-23,2024-07-09,323429.0,2024-07-09 02:04:32 UTC,,E,,Public,24 hours daily,0.0,2.0,0.0,,ChargePoint Network,http://www.chargepoint.com/,J1772,,,,,,False,,53025011,-122.2960242,37.7768077,200.60104245174702
ELEC,ALAMEDA PUBLIC FERRY DUAL 3,1701 Ferry Point Rd,Alameda,CA,94501,,US,GPS,37.777839,-122.297998,2023-12-23,2024-07-09,323430.0,2024-07-09 02:04:32 UTC,,E,,Public,24 hours daily,0.0,2.0,0.0,,ChargePoint Network,http://www.chargepoint.com/,J1772,,,,,,False,,53025011,-122.2960242,37.7768077,207.95115866248534
ELEC,ALAMEDA PUBLIC FERRY DUAL2,1701 Ferry Point Rd,Alameda,CA,94501,,US,GPS,37.77783,-122.29801,2023-12-23,2024-07-09,323431.0,2024-07-09 02:04:33 UTC,,E,,Public,24 hours daily,0.0,2.0,0.0,,ChargePoint Network,http://www.chargepoint.com/,J1772,,,,,,False,,53025011,-122.2960242,37.7768077,208.28391596362928
ELEC,7Charge - Napa,490 Devlin Rd,Napa,CA,94558,,US,200-8,38.22255,-122.26194,2023-11-30,2024-01-09,323703.0,2024-01-31 22:07:01 UTC,P,E,,Public,24 hours daily,0.0,0.0,2.0,,7CHARGE,https://www.7-eleven.com/7charge,CHADEMO J1772COMBO,CONVENIENCE_STORE,$0.46 per kWh; $1 per minute idle fee after a 15 minute grace period,,False,LD,False,,1129660876,-122.2625053,38.222762,54.72048937242505
ELEC,7Charge - Walnut Creek,690 Ygnacio Valley Rd,Walnut Creek,CA,94596,,US,200-8,37.90694,-122.05939,2023-12-19,2024-02-12,323706.0,2024-02-12 21:24:44 UTC,P,E,,Public,24 hours daily,0.0,0.0,3.0,,7CHARGE,https://www.7-eleven.com/7charge,CHADEMO J1772COMBO,CONVENIENCE_STORE,$0.46 per kWh; Idle parking fee of $1 per minute after a 15 minute grace period,,False,LD,False,,5764790126,-122.058888,37.9067649,48.15427756889287
ELEC,ALAMEDA PUBLIC FERRY SNG 2,1701 Ferry Point Rd,Alameda,CA,94501,,US,GPS,37.777642,-122.29806,2024-01-03,2024-07-09,323731.0,2024-07-09 02:04:33 UTC,,E,,Public,24 hours daily,0.0,1.0,0.0,,ChargePoint Network,http://www.chargepoint.com/,J1772,,,,,,False,,53025011,-122.2960242,37.7768077,201.54360185353528
ELEC,Vasco Plaza Shopping Center,1600 N Vasco Rd,Livermore,CA,94551,,US,GPS,37.71875,-121.72504,2024-01-03,2024-07-08,323782.0,2024-07-08 23:58:47 UTC,,E,,Public,24 hours daily,0.0,0.0,10.0,,eVgo Network,https://www.evgo.com/,CHADEMO J1772COMBO,,,,,,False,,53109210,-121.724277,37.7184961,72.80858990611384
ELEC,Palo Alto Technology Center,1810 Embarcadero Road and 1830 Embarcadero Road,Palo Alto,CA,94303,,US,GPS,37.4532541,-122.1139909,2022-06-11,2024-07-09,323791.0,2024-07-09 00:19:00 UTC,,E,,Public,Mon 6:00am - 8:00pm; Tue 6:00am - 8:00pm; Wed 6:00am - 8:00pm; Thu 6:00am - 8:00pm; Fri 6:00am - 8:00pm; Sat 6:00am - 8:00pm; Sun 6:00am - 8:00pm,0.0,6.0,0.0,,Blink Network,http://www.blinkcharging.com/,J1772,,,,,,False,,65382821,-122.1140041,37.4532359,2.3352175472326455
ELEC,GRATON CASINO DC 1B,288 Golf Course Dr W,Rohnert Park,CA,94928,,US,GPS,38.361705,-122.72388,2024-01-04,2024-07-09,323854.0,2024-07-09 02:05:21 UTC,,E,,Public,24 hours daily,0.0,0.0,1.0,,ChargePoint Network,http://www.chargepoint.com/,CHADEMO J1772COMBO,,,,,,False,,56090348,-122.7252535,38.3624334,144.57180994104476
ELEC,GRATON CASINO DC 1A,288 Golf Course Dr W,Rohnert Park,CA,94928,,US,GPS,38.362037,-122.724314,2024-01-04,2024-07-09,323872.0,2024-07-09 02:05:49 UTC,,E,,Public,24 hours daily,0.0,0.0,1.0,,ChargePoint Network,http://www.chargepoint.com/,CHADEMO J1772COMBO,,,,,,False,,56090348,-122.7252535,38.3624334,93.01969039297474
ELEC,5TH ST GARAGE CHARGER 6,1195 3rd Street,Napa,CA,94559,,US,GPS,38.295952,-122.284481,2024-01-05,2024-07-09,323963.0,2024-07-09 02:05:51 UTC,,E,,Public,24 hours daily,0.0,1.0,0.0,,ChargePoint Network,http://www.chargepoint.com/,J1772,,,,,,False,,55958524,-122.284629,38.295694,31.461657401536495
ELEC,5TH ST GARAGE CHARGER 5,1195 3rd Street,Napa,CA,94559,,US,GPS,38.295932,-122.284296,2024-01-05,2024-07-09,323965.0,2024-07-09 02:05:51 UTC,,E,,Public,24 hours daily,0.0,2.0,0.0,,ChargePoint Network,http://www.chargepoint.com/,J1772,,,,,,False,,55958524,-122.284629,38.295694,39.30483222347688
ELEC,5TH ST GARAGE CHARGER 4,1195 3rd Street,Napa,CA,94559,,US,GPS,38.295958,-122.284286,2024-01-05,2024-07-09,323968.0,2024-07-09 02:05:51 UTC,,E,,Public,24 hours daily,0.0,2.0,0.0,,ChargePoint Network,http://www.chargepoint.com/,J1772,,,,,,False,,55958524,-122.284629,38.295694,41.92530848120299
ELEC,5TH ST GARAGE CHARGER 3,1195 3rd Street,Napa,CA,94559,,US,GPS,38.295995,-122.284209,2024-01-05,2024-07-09,323971.0,2024-07-09 02:05:51 UTC,,E,,Public,24 hours daily,0.0,2.0,0.0,,ChargePoint Network,http://www.chargepoint.com/,J1772,,,,,,False,,55958870,-122.2837603,38.2961379,42.258345185212164
ELEC,5TH ST GARAGE CHARGER 2,1195 3rd Street,Napa,CA,94559,,US,GPS,38.296017,-122.28418,2024-01-05,2024-07-09,323976.0,2024-07-09 02:05:51 UTC,,E,,Public,24 hours daily,0.0,2.0,0.0,,ChargePoint Network,http://www.chargepoint.com/,J1772,,,,,,False,,55958870,-122.2837603,38.2961379,39.01562182706088
ELEC,5TH ST GARAGE CHARGER 1,1195 3rd Street,Napa,CA,94559,,US,GPS,38.296034,-122.2841,2024-01-05,2024-07-09,323977.0,2024-07-09 02:05:51 UTC,,E,,Public,24 hours daily,0.0,1.0,0.0,,ChargePoint Network,http://www.chargepoint.com/,J1772,,,,,,False,,55958870,-122.2837603,38.2961379,31.816627698724314
ELEC,Lunardi's Markets - Tesla Supercharger,1600 Palos Verdes Mall,Walnut Creek,CA,94597,,US,GPS,37.923631,-122.088327,2024-01-04,2024-01-09,324005.0,2024-01-31 22:07:01 UTC,P,E,,Public - Credit card at all times,24 hours daily; for Tesla use only,0.0,0.0,12.0,,Tesla,https://www.tesla.com/supercharger,TESLA,PARKING_LOT,$0.37 per kWh,,False,LD,False,,57815921,-122.0878459,37.9229536,86.33904215780098
ELEC,META MPK21.9-02 FC,1 Meta Way,Menlo Park,CA,94025,,US,GPS,37.481652,-122.160885,2024-01-06,2024-07-09,324284.0,2024-07-09 02:05:27 UTC,,E,,Public,24 hours daily,0.0,0.0,1.0,,ChargePoint Network,http://www.chargepoint.com/,J1772COMBO TESLA,,,,,,False,,331871190,-122.1606038,37.4794262,248.7387336538829
ELEC,META MPK21.9-01 FC,1 Meta Way,Menlo Park,CA,94025,,US,GPS,37.481684,-122.160886,2024-01-06,2024-07-09,324285.0,2024-07-09 02:05:27 UTC,,E,,Public,24 hours daily,0.0,0.0,1.0,,ChargePoint Network,http://www.chargepoint.com/,J1772COMBO TESLA,,,,,,False,,331871190,-122.1606038,37.4794262,252.2881710664405
ELEC,META MPK21.9-04 FC,1 Meta Way,Menlo Park,CA,94025,,US,GPS,37.48158,-122.160844,2024-01-06,2024-07-09,324286.0,2024-07-09 02:05:27 UTC,,E,,Public,24 hours daily,0.0,0.0,1.0,,ChargePoint Network,http://www.chargepoint.com/,J1772COMBO TESLA,,,,,,False,,331871190,-122.1606038,37.4794262,240.42804136348764
ELEC,META MPK21.9-03 FC,1 Meta Way,Menlo Park,CA,94025,,US,GPS,37.481628,-122.160848,2024-01-06,2024-07-09,324287.0,2024-07-09 02:05:27 UTC,,E,,Public,24 hours daily,0.0,0.0,1.0,,ChargePoint Network,http://www.chargepoint.com/,J1772COMBO TESLA,,,,,,False,,331871190,-122.1606038,37.4794262,245.7757690019853
ELEC,META MPK21.8-01 FC,1 Meta Way,Menlo Park,CA,94025,,US,GPS,37.481321,-122.159004,2024-01-06,2024-07-09,324288.0,2024-07-09 02:05:28 UTC,,E,,Public,24 hours daily,0.0,0.0,1.0,,ChargePoint Network,http://www.chargepoint.com/,J1772COMBO TESLA,,,,,,False,,331871187,-122.1584497,37.4795859,199.03790691884245
ELEC,META MPK21.8-02 FC,1 Meta Way,Menlo Park,CA,94025,,US,GPS,37.481315,-122.15899,2024-01-06,2024-07-09,324289.0,2024-07-09 02:05:28 UTC,,E,,Public,24 hours daily,0.0,0.0,1.0,,ChargePoint Network,http://www.chargepoint.com/,J1772COMBO TESLA,,,,,,False,,331871187,-122.1584497,37.4795859,198.0903142586557
ELEC,PUBLIC CHARGERS KIKU G2,400 E 5th Ave,San Mateo,CA,94402,,US,GPS,37.56419,-122.318785,2024-01-10,2024-07-09,324929.0,2024-07-09 02:01:19 UTC,,E,,Public,24 hours daily,0.0,1.0,0.0,,ChargePoint Network,http://www.chargepoint.com/,J1772,,,,,,False,,65405079,-122.3195808,37.5639347,75.66966290700869
ELEC,PUBLIC CHARGERS KIKU G4,400 E 5th Ave,San Mateo,CA,94402,,US,GPS,37.564235,-122.318844,2024-01-10,2024-07-09,324930.0,2024-07-09 02:01:19 UTC,,E,,Public,24 hours daily,0.0,1.0,0.0,,ChargePoint Network,http://www.chargepoint.com/,J1772,,,,,,False,,65405079,-122.3195808,37.5639347,73.02424381934884
ELEC,PUBLIC CHARGERS KIKU G3,400 E 5th Ave,San Mateo,CA,94402,,US,GPS,37.564224,-122.318828,2024-01-10,2024-07-09,324931.0,2024-07-09 02:01:19 UTC,,E,,Public,24 hours daily,0.0,1.0,0.0,,ChargePoint Network,http://www.chargepoint.com/,J1772,,,,,,False,,65405079,-122.3195808,37.5639347,73.73947990205811
ELEC,PUBLIC CHARGERS KIKU G1,400 E 5th Ave,San Mateo,CA,94402,,US,GPS,37.56416,-122.318748,2024-01-10,2024-07-09,324932.0,2024-07-09 02:01:20 UTC,,E,,Public,24 hours daily,0.0,1.0,0.0,,ChargePoint Network,http://www.chargepoint.com/,J1772,,,,,,False,,65405079,-122.3195808,37.5639347,77.56139265570071
ELEC,PUBLIC CHARGERS KIKU 2-5,400 E 5th Ave,San Mateo,CA,94402,,US,GPS,37.564188,-122.318881,2024-01-10,2024-07-09,324933.0,2024-07-09 02:01:20 UTC,,E,,Public,24 hours daily,0.0,1.0,0.0,,ChargePoint Network,http://www.chargepoint.com/,J1772,,,,,,False,,65405079,-122.3195808,37.5639347,67.80769738276891
ELEC,PUBLIC CHARGERS KIKU 2-1,400 E 5th Ave,San Mateo,CA,94402,,US,GPS,37.564152,-122.318779,2024-01-10,2024-07-09,324934.0,2024-07-09 02:01:20 UTC,,E,,Public,24 hours daily,0.0,2.0,0.0,,ChargePoint Network,http://www.chargepoint.com/,J1772,,,,,,False,,65405079,-122.3195808,37.5639347,74.68815823107884
ELEC,PUBLIC CHARGERS KIKU 2-2,400 E 5th Ave,San Mateo,CA,94402,,US,GPS,37.564173,-122.318814,2024-01-10,2024-07-09,324935.0,2024-07-09 02:01:25 UTC,,E,,Public,24 hours daily,0.0,2.0,0.0,,ChargePoint Network,http://www.chargepoint.com/,J1772,,,,,,False,,65405079,-122.3195808,37.5639347,72.5954359115222
ELEC,PUBLIC CHARGERS KIKU 2-4,400 E 5th Ave,San Mateo,CA,94402,,US,GPS,37.564184,-122.318857,2024-01-10,2024-07-09,324936.0,2024-07-09 02:01:25 UTC,,E,,Public,24 hours daily,0.0,1.0,0.0,,ChargePoint Network,http://www.chargepoint.com/,J1772,,,,,,False,,65405079,-122.3195808,37.5639347,69.55904995004062
ELEC,PUBLIC CHARGERS KIKU 2-3,400 E 5th Ave,San Mateo,CA,94402,,US,GPS,37.564163,-122.318828,2024-01-10,2024-07-09,324937.0,2024-07-09 02:01:25 UTC,,E,,Public,24 hours daily,0.0,2.0,0.0,,ChargePoint Network,http://www.chargepoint.com/,J1772,,,,,,False,,65405079,-122.3195808,37.5639347,71.04313876837927
ELEC,PUBLIC CHARGERS KIKU 3-6,400 E 5th Ave,San Mateo,CA,94402,,US,GPS,37.564165,-122.318924,2024-01-10,2024-07-09,324940.0,2024-07-09 02:02:55 UTC,,E,,Public,24 hours daily,0.0,1.0,0.0,,ChargePoint Network,http://www.chargepoint.com/,J1772,,,,,,False,,65405079,-122.3195808,37.5639347,63.302214799055534
ELEC,PUBLIC CHARGERS KIKU 3-7,400 E 5th Ave,San Mateo,CA,94402,,US,GPS,37.56418,-122.318967,2024-01-10,2024-07-09,324941.0,2024-07-09 02:02:55 UTC,,E,,Public,24 hours daily,0.0,2.0,0.0,,ChargePoint Network,http://www.chargepoint.com/,J1772,,,,,,False,,65405079,-122.3195808,37.5639347,60.588100647802115
ELEC,PUBLIC CHARGERS KIKU 3-1,400 E 5th Ave,San Mateo,CA,94402,,US,GPS,37.564107,-122.318833,2024-01-10,2024-07-09,324942.0,2024-07-09 02:02:55 UTC,,E,,Public,24 hours daily,0.0,1.0,0.0,,ChargePoint Network,http://www.chargepoint.com/,J1772,,,,,,False,,65405079,-122.3195808,37.5639347,68.64010560154526
ELEC,PUBLIC CHARGERS KIKU 3-3,400 E 5th Ave,San Mateo,CA,94402,,US,GPS,37.564129,-122.318879,2024-01-10,2024-07-09,324949.0,2024-07-09 02:03:58 UTC,,E,,Public,24 hours daily,0.0,2.0,0.0,,ChargePoint Network,http://www.chargepoint.com/,J1772,,,,,,False,,65405079,-122.3195808,37.5639347,65.52207237263184
ELEC,PUBLIC CHARGERS KIKU 3-4,400 E 5th Ave,San Mateo,CA,94402,,US,GPS,37.564135,-122.318903,2024-01-10,2024-07-09,324950.0,2024-07-09 02:03:58 UTC,,E,,Public,24 hours daily,0.0,2.0,0.0,,ChargePoint Network,http://www.chargepoint.com/,J1772,,,,,,False,,65405079,-122.3195808,37.5639347,63.758799954234
ELEC,PUBLIC CHARGERS KIKU 3-5,400 E 5th Ave,San Mateo,CA,94402,,US,GPS,37.564163,-122.318943,2024-01-10,2024-07-09,324951.0,2024-07-09 02:03:58 UTC,,E,,Public,24 hours daily,0.0,1.0,0.0,,ChargePoint Network,http://www.chargepoint.com/,J1772,,,,,,False,,65405079,-122.3195808,37.5639347,61.682538782293314
ELEC,PUBLIC CHARGERS KIKU 3-2,400 E 5th Ave,San Mateo,CA,94402,,US,GPS,37.564122,-122.318852,2024-01-10,2024-07-09,324952.0,2024-07-09 02:03:58 UTC,,E,,Public,24 hours daily,0.0,2.0,0.0,,ChargePoint Network,http://www.chargepoint.com/,J1772,,,,,,False,,65405079,-122.3195808,37.5639347,67.52923272281298
ELEC,SMCOE ACC EV7,69 Tower Road,San Mateo,CA,94402,,US,GPS,37.514421,-122.333808,2024-01-11,2024-07-09,325047.0,2024-07-09 02:05:00 UTC,,E,,Public,24 hours daily,0.0,2.0,0.0,,ChargePoint Network,http://www.chargepoint.com/,J1772,,,,,,False,,65459914,-122.3326236,37.5142554,106.07463402733799
ELEC,CHASE CENTER STATION 1,1 Warriors Way,San Francisco,CA,94158,,US,GPS,37.769135,-122.38652,2024-01-11,2024-07-09,325058.0,2024-07-09 02:06:05 UTC,,E,,Public,24 hours daily,0.0,2.0,0.0,,ChargePoint Network,http://www.chargepoint.com/,J1772,,,,,,False,,54891501,-122.3863311,37.7690188,21.03901568531992
ELEC,CHASE CENTER STATION 2,1 Warriors Way,San Francisco,CA,94158,,US,GPS,37.769126,-122.386466,2024-01-12,2024-07-09,325318.0,2024-07-09 02:06:06 UTC,,E,,Public,24 hours daily,0.0,2.0,0.0,,ChargePoint Network,http://www.chargepoint.com/,J1772,,,,,,False,,54891501,-122.3863311,37.7690188,16.813339647448707
ELEC,CHASE CENTER STATION 3,1 Warriors Way,San Francisco,CA,94158,,US,GPS,37.768018,-122.387877,2024-01-12,2024-07-09,325323.0,2024-07-09 02:06:09 UTC,,E,,Public,24 hours daily,0.0,2.0,0.0,,ChargePoint Network,http://www.chargepoint.com/,J1772,,,,,,False,,54891569,-122.3876163,37.7689303,103.99925798079234
ELEC,CHASE CENTER STATION 4,1 Warriors Way,San Francisco,CA,94158,,US,GPS,37.76801,-122.387845,2024-01-12,2024-07-09,325324.0,2024-07-09 02:06:12 UTC,,E,,Public,24 hours daily,0.0,2.0,0.0,,ChargePoint Network,http://www.chargepoint.com/,J1772,,,,,,False,,54891569,-122.3876163,37.7689303,104.2886300256814
ELEC,CHASE CENTER STATION 18,1 Warriors Way,San Francisco,CA,94158,,US,GPS,37.768018,-122.387845,2024-01-13,2024-07-09,325389.0,2024-07-09 02:06:07 UTC,,E,,Public,24 hours daily,0.0,2.0,0.0,,ChargePoint Network,http://www.chargepoint.com/,J1772,,,,,,False,,54891569,-122.3876163,37.7689303,103.41589382505295
ELEC,CHASE CENTER STATION 13,1 Warriors Way,San Francisco,CA,94158,,US,GPS,37.768018,-122.387856,2024-01-13,2024-07-09,325390.0,2024-07-09 02:06:07 UTC,,E,,Public,24 hours daily,0.0,2.0,0.0,,ChargePoint Network,http://www.chargepoint.com/,J1772,,,,,,False,,54891569,-122.3876163,37.7689303,103.60818306843917
ELEC,CHASE CENTER STATION 15,1 Warriors Way,San Francisco,CA,94158,,US,GPS,37.768027,-122.387845,2024-01-13,2024-07-09,325391.0,2024-07-09 02:06:07 UTC,,E,,Public,24 hours daily,0.0,2.0,0.0,,ChargePoint Network,http://www.chargepoint.com/,J1772,,,,,,False,,54891569,-122.3876163,37.7689303,102.43441158419725
ELEC,CHASE CENTER STATION 11,1 Warriors Way,San Francisco,CA,94158,,US,GPS,37.767993,-122.387888,2024-01-13,2024-07-09,325393.0,2024-07-09 02:06:08 UTC,,E,,Public,24 hours daily,0.0,2.0,0.0,,ChargePoint Network,http://www.chargepoint.com/,J1772,,,,,,False,,54891569,-122.3876163,37.7689303,106.92437044141595
ELEC,CHASE CENTER STATION 20,1 Warriors Way,San Francisco,CA,94158,,US,GPS,37.767967,-122.387899,2024-01-13,2024-07-09,325394.0,2024-07-09 02:06:09 UTC,,E,,Public,24 hours daily,0.0,2.0,0.0,,ChargePoint Network,http://www.chargepoint.com/,J1772,,,,,,False,,54891569,-122.3876163,37.7689303,109.95876649566902
ELEC,CHASE CENTER STATION 10,1 Warriors Way,San Francisco,CA,94158,,US,GPS,37.767976,-122.387899,2024-01-13,2024-07-09,325395.0,2024-07-09 02:06:12 UTC,,E,,Public,24 hours daily,0.0,2.0,0.0,,ChargePoint Network,http://www.chargepoint.com/,J1772,,,,,,False,,54891569,-122.3876163,37.7689303,108.98413377199499
ELEC,CHASE CENTER STATION 19,1 Warriors Way,San Francisco,CA,94158,,US,GPS,37.767993,-122.387899,2024-01-13,2024-07-09,325396.0,2024-07-09 02:06:13 UTC,,E,,Public,24 hours daily,0.0,2.0,0.0,,ChargePoint Network,http://www.chargepoint.com/,J1772,,,,,,False,,54891569,-122.3876163,37.7689303,107.14447491160624
ELEC,PUBLIC CHARGERS KIKU G5,400 E 5th Ave,San Mateo,CA,94402,,US,GPS,37.56425,-122.318852,2024-01-18,2024-07-09,325560.0,2024-07-09 02:01:20 UTC,,E,,Public,24 hours daily,0.0,2.0,0.0,,ChargePoint Network,http://www.chargepoint.com/,J1772,,,,,,False,,65405079,-122.3195808,37.5639347,73.18212364998973
ELEC,SWTCH Energy Inc.,448 Brown St,Napa,CA,94559,,US,GPS,38.2924,-122.284,2024-01-08,2024-02-12,325996.0,2024-02-12 21:24:44 UTC,P,E,,Public,24 hours daily,0.0,2.0,0.0,,SWTCH,https://swtchenergy.com/,J1772,HOTEL,,,False,,False,,55962359,-122.284216,38.2917364,76.15892918480868
ELEC,MERRIAMVINEYARD PARKLING LOT1,11650 Los Amigos Rd,Healdsburg,CA,95448,,US,GPS,38.579248,-122.83581,2024-01-19,2024-07-09,326035.0,2024-07-09 02:04:09 UTC,,E,,Public,24 hours daily,0.0,2.0,0.0,,ChargePoint Network,http://www.chargepoint.com/,J1772,,,,,,False,,2705064384,-122.8352535,38.5802871,125.26053356841277
ELEC,ChargeNet - Taco Bell,39199 Cedar Blvd,Newark,CA,94560,,US,GPS,37.522757796876,-122.004554116741,2024-01-08,2024-04-14,326092.0,2024-04-14 22:11:34 UTC,P,E,,Public,24 hours daily,0.0,0.0,6.0,,CHARGENET,https://chargenetstations.com/,CHADEMO J1772COMBO,PARKING_LOT,$0.44 per kWh,,False,LD,False,,1316796150,-122.0050932,37.5235112,96.32447608018562
ELEC,Galleria Shopping Center - Tesla Supercharger,47966 Warm Springs Blvd,Fremont,CA,94539,,US,GPS,37.476439,-121.921269,2024-01-18,2024-02-12,326164.0,2024-02-12 21:24:44 UTC,P,E,,Public - Credit card at all times,24 hours daily; for Tesla use only,0.0,0.0,8.0,,Tesla,https://www.tesla.com/supercharger,TESLA,SHOPPING_CENTER,$0.35 per kWh,,False,LD,False,,1695636894,-121.9216818,37.4763686,37.259104648510466
ELEC,Whole Foods Market - Tesla Supercharger,15964 Los Gatos Blvd,Los Gatos,CA,95032,,US,GPS,37.236386,-121.962442,2024-01-18,2024-02-12,326170.0,2024-02-12 21:24:44 UTC,P,E,,Public - Credit card at all times,24 hours daily; for Tesla use only,0.0,0.0,8.0,,Tesla,https://www.tesla.com/supercharger,TESLA,GROCERY,$0.40 per kWh,,False,LD,False,,4170410658,-121.9626323,37.2364177,17.211588830887717
ELEC,H&S ENERGY PMCHEVRON4,333 Curtola Parkway,Vallejo,CA,94590,,US,GPS,38.097549,-122.254895,2024-01-20,2024-07-09,326207.0,2024-07-09 02:05:01 UTC,,E,,Public,24 hours daily,0.0,0.0,1.0,,ChargePoint Network,http://www.chargepoint.com/,CHADEMO J1772COMBO,,,,,,False,,62456942,-122.2550348,38.0971481,46.226226647728005
ELEC,H&S ENERGY PM CHEVRON3,333 Curtola Parkway,Vallejo,CA,94590,,US,GPS,38.096899,-122.254045,2024-01-20,2024-07-09,326208.0,2024-07-09 02:05:02 UTC,,E,,Public,24 hours daily,0.0,0.0,1.0,,ChargePoint Network,http://www.chargepoint.com/,CHADEMO J1772COMBO,,,,,,False,,62522563,-122.2543479,38.096609,41.74213465186858
ELEC,H&S ENERGY PMCHEVRON5,333 Curtola Pkwy,Vallejo,CA,94590,,US,GPS,38.096767,-122.254072,2024-01-20,2024-07-09,326209.0,2024-07-09 02:05:02 UTC,,E,,Public,24 hours daily,0.0,0.0,1.0,,ChargePoint Network,http://www.chargepoint.com/,CHADEMO J1772COMBO,,,,,,False,,62522563,-122.2543479,38.096609,29.859008210217485
ELEC,H&S ENERGY PM CHEVRON6,333 Curtola Parkway,Vallejo,CA,94590,,US,GPS,38.096774,-122.254088,2024-01-20,2024-07-09,326210.0,2024-07-09 02:05:02 UTC,,E,,Public,24 hours daily,0.0,0.0,1.0,,ChargePoint Network,http://www.chargepoint.com/,CHADEMO J1772COMBO,,,,,,False,,62522563,-122.2543479,38.096609,29.22104891798313
ELEC,H&S ENERGY PM CHEVRON1,333 Curtola Pkwy,Vallejo,CA,94590,,US,GPS,38.096813,-122.253749,2024-01-20,2024-07-09,326211.0,2024-07-09 02:05:02 UTC,,E,,Public,24 hours daily,0.0,0.0,1.0,,ChargePoint Network,http://www.chargepoint.com/,CHADEMO J1772COMBO,,,,,,False,,62456937,-122.2533838,38.0971449,48.819161140489236
ELEC,H&S ENERGY PM CHEVRON2,333 Curtola Pkwy,Vallejo,CA,94590,,US,GPS,38.09647,-122.253646,2024-01-20,2024-07-09,326212.0,2024-07-09 02:05:03 UTC,,E,,Public,24 hours daily,0.0,0.0,1.0,,ChargePoint Network,http://www.chargepoint.com/,CHADEMO J1772COMBO,,,,,,False,,62522563,-122.2543479,38.096609,63.33632127969462
ELEC,3210 Buskirk Ave,3210 Buskirk Ave,Pleasant Hill,CA,94523,,US,GPS,37.934033,-122.058866,2024-01-23,2024-07-09,326322.0,2024-07-09 02:52:23 UTC,,E,,Public,24 hours daily,0.0,0.0,2.0,,EV Connect,http://evconnect.com/,J1772COMBO,,,,,,False,,57785560,-122.0593492,37.9336069,63.56685205089554
ELEC,JOHN MUIR HLTH B PAVILLION 2,175 La Casa Via,Walnut Creek,CA,94598,,US,GPS,37.91212,-122.038432,2024-01-24,2024-07-09,326446.0,2024-07-09 02:06:33 UTC,,E,,Public,24 hours daily,0.0,1.0,0.0,,ChargePoint Network,http://www.chargepoint.com/,J1772,,,,,,False,,1274412615,-122.0387639,37.9131214,115.09461866831067
ELEC,JOHN MUIR HLTH B PAVILLION 1,175 La Casa Via,Walnut Creek,CA,94598,,US,GPS,37.912183,-122.038389,2024-01-24,2024-07-09,326453.0,2024-07-09 02:06:37 UTC,,E,,Public,24 hours daily,0.0,1.0,0.0,,ChargePoint Network,http://www.chargepoint.com/,J1772,,,,,,False,,1274412615,-122.0387639,37.9131214,109.40593022886421
ELEC,JOHN MUIR HLTH B PAVILLION 3,177 La Casa Via,Walnut Creek,CA,94598,,US,GPS,37.91135,-122.039918,2024-01-24,2024-07-09,326454.0,2024-07-09 02:06:38 UTC,,E,,Public,24 hours daily,0.0,1.0,0.0,,ChargePoint Network,http://www.chargepoint.com/,J1772,,,,,,False,,57859624,-122.0408356,37.9115487,83.4768238211207
ELEC,601CITYCENTEREV 601 CITY GW1,601 12th St,Oakland,CA,94607,,US,GPS,37.804303,-122.275917,2024-01-25,2024-07-09,326527.0,2024-07-09 01:03:46 UTC,,E,,Public,24 hours daily,0.0,2.0,0.0,,ChargePoint Network,http://www.chargepoint.com/,J1772,,,,,,False,,53085281,-122.2756525,37.8043639,24.20454502790698
ELEC,601CITYCENTEREV 601 CITY NGW1,601 12th St,Oakland,CA,94607,,US,GPS,37.804294,-122.276111,2024-01-25,2024-07-09,326528.0,2024-07-09 01:04:07 UTC,,E,,Public,24 hours daily,0.0,2.0,0.0,,ChargePoint Network,http://www.chargepoint.com/,J1772,,,,,,False,,53085281,-122.2756525,37.8043639,41.02508283266187
ELEC,601CITYCENTEREV 601 CITY NGW2,601 12th St,Oakland,CA,94607,,US,GPS,37.804311,-122.276019,2024-01-25,2024-07-09,326529.0,2024-07-09 01:04:08 UTC,,E,,Public,24 hours daily,0.0,2.0,0.0,,ChargePoint Network,http://www.chargepoint.com/,J1772,,,,,,False,,53085281,-122.2756525,37.8043639,32.73217220452868
ELEC,601CITYCENTEREV 601 CTY GW2,601 12th Street,Oakland,CA,94607,,US,GPS,37.803158,-122.277565,2024-01-25,2024-07-09,326530.0,2024-07-09 01:04:08 UTC,,E,,Public,24 hours daily,0.0,2.0,0.0,,ChargePoint Network,http://www.chargepoint.com/,J1772,,,,,,False,,4595671541,-122.2776965,37.8034454,33.98172037470899
ELEC,HILLS PLAZA HP EV 2,345 Spear St,San Francisco,CA,94105,,US,GPS,37.789776,-122.389882,2024-01-25,2024-07-09,326556.0,2024-07-09 02:05:53 UTC,,E,,Public,Mon 6:30am - 11:00pm; Tue 6:30am - 11:00pm; Wed 6:30am - 11:00pm; Thu 6:30am - 11:00pm; Fri 6:30am - 11:00pm; Sat 6:30am - 10:00pm,0.0,0.0,1.0,,ChargePoint Network,http://www.chargepoint.com/,J1772COMBO TESLA,,,,,,False,,65303500,-122.3909887,37.7900898,103.31974826858061
ELEC,HILLS PLAZA HP EV 1,345 Spear St,San Francisco,CA,94105,,US,GPS,37.789815,-122.389885,2024-01-25,2024-07-09,326557.0,2024-07-09 02:05:53 UTC,,E,,Public,Mon 6:30am - 11:00pm; Tue 6:30am - 11:00pm; Wed 6:30am - 11:00pm; Thu 6:30am - 11:00pm; Fri 6:30am - 11:00pm; Sat 6:30am - 10:00pm,0.0,0.0,1.0,,ChargePoint Network,http://www.chargepoint.com/,J1772COMBO TESLA,,,,,,False,,65303500,-122.3909887,37.7900898,101.68545921562858
ELEC,EVGateway Hotel Stratford,2499 El Camino Real,Santa Clara,CA,95051,,US,200-8,37.35255,-121.97035,2022-10-01,2024-02-12,326938.0,2024-02-12 21:24:44 UTC,P,E,,Public,24 hours daily; EVGateway app,0.0,0.0,8.0,,EVGATEWAY,http://evgateway.com/,CHADEMO J1772COMBO,HOTEL,,,False,LD,False,,282813327,-121.9706425,37.3524453,28.354661726191463
ELEC,META MPK23-04 FC,1 Meta Way,Menlo Park,CA,94025,,US,GPS,37.480917,-122.167813,2024-01-31,2024-07-09,327097.0,2024-07-09 02:06:30 UTC,,E,,Public,24 hours daily,0.0,0.0,1.0,,ChargePoint Network,http://www.chargepoint.com/,J1772COMBO TESLA,,,,,,False,,806195766,-122.1677068,37.4821002,131.89933052090396
ELEC,META MPK23-05 FC,1 Meta Way,Menlo Park,CA,94025,,US,GPS,37.480868,-122.167809,2024-01-31,2024-07-09,327098.0,2024-07-09 02:06:30 UTC,,E,,Public,24 hours daily,0.0,0.0,1.0,,ChargePoint Network,http://www.chargepoint.com/,J1772COMBO TESLA,,,,,,False,,806195766,-122.1677068,37.4821002,137.31103473679497
ELEC,Kaiser - Redwood City,1150 Veterans Boulevard,Redwood City,CA,94063,,US,GPS,37.4893706,-122.223814,2018-05-14,2024-07-09,327266.0,2024-07-09 00:09:18 UTC,,E,,Public,24 hours daily,0.0,13.0,0.0,,Blink Network,http://www.blinkcharging.com/,J1772,,,,,,False,,5404456222,-122.22392,37.4886474,80.95829656109927
ELEC,Kaiser Pardee Parking Lot,1010 Carleton Street,Berkeley,CA,94710,,US,GPS,37.8574194,-122.2902654,2020-12-31,2024-07-09,327269.0,2024-07-09 00:10:06 UTC,,E,,Public,24 hours daily,0.0,10.0,0.0,,Blink Network,http://www.blinkcharging.com/,J1772,,,,,,False,,53055498,-122.2908494,37.8575023,52.093160672340844
ELEC,Kaiser - Medical Office Building (MOB) Berkeley,2621 Tenth Street,Berkeley,CA,94710,,US,GPS,37.8581676,-122.2896452,2020-12-15,2024-07-09,327273.0,2024-07-09 00:13:19 UTC,,E,,Public,24 hours daily,0.0,8.0,0.0,,Blink Network,http://www.blinkcharging.com/,J1772,,,,,,False,,53030292,-122.2897551,37.8577736,44.86070601539748
ELEC,Whole Foods Novato,790 De Long Avenue,Novato,CA,94945,,US,GPS,38.1059406,-122.5656433,2020-02-28,2024-07-09,327296.0,2024-07-09 00:21:03 UTC,,E,,Public,24 hours daily,0.0,1.0,0.0,,Blink Network,http://www.blinkcharging.com/,J1772,,,,,,False,,110383270,-122.5656828,38.1063209,42.42848572929631
ELEC,Kaiser Homestead Cancer Treatment Center,3800 Homestead Road,Santa Clara,CA,95051,,US,GPS,37.336093,-122.001456,2019-12-17,2024-07-09,327297.0,2024-07-09 00:21:16 UTC,,E,,Public,24 hours daily,0.0,5.0,0.0,,Blink Network,http://www.blinkcharging.com/,J1772,,,,,,False,,3470912024,-122.0013142,37.3377616,185.96316081077885
ELEC,Kaiser Permenente - Skyport MOB,1721 Skyport Drive,San Jose,CA,95110,,US,GPS,37.366273,-121.913478,2018-02-08,2024-07-09,327299.0,2024-07-09 00:21:38 UTC,,E,,Public,24 hours daily,0.0,6.0,0.0,,Blink Network,http://www.blinkcharging.com/,J1772,,,,,,False,,3652272990,-121.9134268,37.3666102,37.76701332340668
ELEC,VALLEY FAIR WINCHESTER 8,2855 Stevens Creek Blvd,San Jose,CA,95128,,US,GPS,37.32524,-121.947321,2024-02-02,2024-07-09,327310.0,2024-07-09 00:42:43 UTC,,E,,Public,24 hours daily,0.0,2.0,0.0,,ChargePoint Network,http://www.chargepoint.com/,J1772,,,,,,False,,291659235,-121.9477112,37.3234474,202.2924538223488
ELEC,Hyatt Place Newark Silicon Valley,5600 John Muir Dr,Newark,CA,94560,,US,GPS,37.5240827,-121.9932879,2023-06-07,2024-07-09,327453.0,2024-07-09 00:17:54 UTC,,E,,Public,24 hours daily,0.0,6.0,0.0,,Blink Network,http://www.blinkcharging.com/,J1772,,,,,,False,,53133374,-121.993402,37.5248537,86.31989138155737
ELEC,MACARA ONE,1055 Escalon Ave,Sunnyvale,CA,94085,,US,GPS,37.389306,-122.045382,2024-02-03,2024-07-09,327480.0,2024-07-09 02:07:01 UTC,,E,,Public,24 hours daily,0.0,2.0,0.0,,ChargePoint Network,http://www.chargepoint.com/,J1772,,,,,,False,,7854417550,-122.0460297,37.3888331,77.71458271953485
ELEC,MACARA TWO,1055 Escalon Ave,Sunnyvale,CA,94085,,US,GPS,37.389314,-122.045339,2024-02-03,2024-07-09,327481.0,2024-07-09 02:07:01 UTC,,E,,Public,24 hours daily,0.0,2.0,0.0,,ChargePoint Network,http://www.chargepoint.com/,J1772,,,,,,False,,7854417550,-122.0460297,37.3888331,81.13635466105532
ELEC,MACARA FOUR,1055 Escalon Ave,Sunnyvale,CA,94085,,US,GPS,37.389314,-122.045328,2024-02-03,2024-07-09,327482.0,2024-07-09 02:07:03 UTC,,E,,Public,24 hours daily,0.0,2.0,0.0,,ChargePoint Network,http://www.chargepoint.com/,J1772,,,,,,False,,7854417550,-122.0460297,37.3888331,81.86976165507907
ELEC,MACARA FIVE,1055 Escalon Ave,Sunnyvale,CA,94085,,US,GPS,37.389314,-122.045371,2024-02-03,2024-07-09,327483.0,2024-07-09 02:07:03 UTC,,E,,Public,24 hours daily,0.0,2.0,0.0,,ChargePoint Network,http://www.chargepoint.com/,J1772,,,,,,False,,7854417550,-122.0460297,37.3888331,79.03206245052067
ELEC,MACARA THREE,1055 Escalon Ave,Sunnyvale,CA,94085,,US,GPS,37.389306,-122.04535,2024-02-03,2024-07-09,327484.0,2024-07-09 02:07:04 UTC,,E,,Public,24 hours daily,0.0,2.0,0.0,,ChargePoint Network,http://www.chargepoint.com/,J1772,,,,,,False,,7854417550,-122.0460297,37.3888331,79.81918685669814
ELEC,CITY OF DUBLIN DUBLIN PSC 2,6361 Clark Ave,Dublin,CA,94568,,US,GPS,37.704631,-121.920024,2024-02-03,2024-07-09,327488.0,2024-07-09 02:07:13 UTC,,E,,Public,24 hours daily,0.0,2.0,0.0,,ChargePoint Network,http://www.chargepoint.com/,J1772,,,,,,False,,53037839,-121.9201324,37.7053295,78.25302327135589
ELEC,CITY OF DUBLIN DUBLIN PSC 1,6361 Clark Ave,Dublin,CA,94568,,US,GPS,37.704638,-121.920044,2024-02-03,2024-07-09,327489.0,2024-07-09 02:07:13 UTC,,E,,Public,24 hours daily,0.0,2.0,0.0,,ChargePoint Network,http://www.chargepoint.com/,J1772,,,,,,False,,53037839,-121.9201324,37.7053295,77.2836852099367
ELEC,CITY OF DUBLIN DUBLIN PSC 3,6361 Clark Ave,Dublin,CA,94568,,US,GPS,37.704643,-121.920055,2024-02-03,2024-07-09,327490.0,2024-07-09 02:07:13 UTC,,E,,Public,24 hours daily,0.0,2.0,0.0,,ChargePoint Network,http://www.chargepoint.com/,J1772,,,,,,False,,53037839,-121.9201324,37.7053295,76.63851776115776
ELEC,1640 N Milpitas Blvd,1640 N Milpitas Blvd,Milpitas,CA,95035,,US,GPS,37.454257,-121.910496,2024-02-06,2024-07-09,327588.0,2024-07-09 02:52:35 UTC,,E,,Public,24 hours daily,0.0,0.0,2.0,,EV Connect,http://evconnect.com/,J1772COMBO,,,,,,False,,65527854,-121.9108177,37.4546742,54.391722677750906
ELEC,INFORMATICA STATION 4,2000 Seaport Blvd,Redwood City,CA,94063,,US,GPS,37.510684,-122.203999,2024-02-09,2024-07-09,327991.0,2024-07-09 02:07:19 UTC,,E,,Public,Mon 5:00pm - 12:00am; Tue 5:00pm - 12:00am; Wed 5:00pm - 12:00am; Thu 5:00pm - 12:00am; Fri 5:00pm - 12:00am; Sat 12:00am - 12:00am; Sun 12:00am - 12:00am,0.0,2.0,0.0,,ChargePoint Network,http://www.chargepoint.com/,J1772,,,,,,False,,338840916,-122.2059416,37.5113404,186.24296083779703
ELEC,790 E El Camino Real,790 E El Camino Real,Mountain View,CA,94040,,US,GPS,37.377111,-122.063897,2024-02-10,2024-07-09,328176.0,2024-07-09 02:52:38 UTC,,E,,Public,24 hours daily,0.0,0.0,2.0,,EV Connect,http://evconnect.com/,J1772COMBO,,,,,,False,,279895969,-122.0634469,37.3767042,60.232282607034364
ELEC,MILLBRAE 477 LINCOLN #3,477 Lincoln Cir,Millbrae,CA,94030,,US,GPS,37.599445,-122.40131,2024-02-13,2024-07-09,328225.0,2024-07-09 02:07:18 UTC,,E,,Public,24 hours daily,0.0,2.0,0.0,,ChargePoint Network,http://www.chargepoint.com/,J1772,,,,,,False,,1427634484,-122.4000081,37.5996256,116.44119243405981
ELEC,MILLBRAE 477 LINCOLN #1,477 Lincoln Cir,Millbrae,CA,94030,,US,GPS,37.599495,-122.401215,2024-02-13,2024-07-09,328226.0,2024-07-09 02:07:18 UTC,,E,,Public,24 hours daily,0.0,2.0,0.0,,ChargePoint Network,http://www.chargepoint.com/,J1772,,,,,,False,,1427634484,-122.4000081,37.5996256,107.31409186359859
ELEC,MILLBRAE 477 LINCOLN #2,477 Lincoln Cir,Millbrae,CA,94030,,US,GPS,37.600061,-122.400578,2024-02-13,2024-07-09,328227.0,2024-07-09 02:07:18 UTC,,E,,Public,24 hours daily,0.0,2.0,0.0,,ChargePoint Network,http://www.chargepoint.com/,J1772,,,,,,False,,1427634484,-122.4000081,37.5996256,69.74774253019437
ELEC,MILLBRAE 477 LINCOLN #4,477 Lincoln Cir,Millbrae,CA,94030,,US,GPS,37.59942,-122.40137,2024-02-13,2024-07-09,328228.0,2024-07-09 02:07:19 UTC,,E,,Public,24 hours daily,0.0,1.0,0.0,,ChargePoint Network,http://www.chargepoint.com/,J1772,,,,,,False,,1427634484,-122.4000081,37.5996256,122.14104863128478
ELEC,POINT EDEN N STATION 9,3929 Point Eden Way,Hayward,CA,94545,,US,GPS,37.626294,-122.123631,2024-02-14,2024-07-09,328294.0,2024-07-09 02:07:24 UTC,,E,,Public,24 hours daily,0.0,2.0,0.0,,ChargePoint Network,http://www.chargepoint.com/,J1772,,,,,,False,,1683571984,-122.1221551,37.6268073,141.95817613195203
ELEC,POINT EDEN N STATION 8,3929 Point Eden Way,Hayward,CA,94545,,US,GPS,37.626239,-122.123629,2024-02-14,2024-07-09,328295.0,2024-07-09 02:07:24 UTC,,E,,Public,24 hours daily,0.0,2.0,0.0,,ChargePoint Network,http://www.chargepoint.com/,J1772,,,,,,False,,1683571984,-122.1221551,37.6268073,144.36727509725284
ELEC,POINT EDEN EIKON STATION 7,3929 Point Eden Way,Hayward,CA,94545,,US,GPS,37.626197,-122.123607,2024-02-14,2024-07-09,328296.0,2024-07-09 02:07:25 UTC,,E,,Public,24 hours daily,0.0,2.0,0.0,,ChargePoint Network,http://www.chargepoint.com/,J1772,,,,,,False,,53128845,-122.1222563,37.6255011,141.90743408457183
ELEC,POINT EDEN EIKON STATION 6,3929 Point Eden Way,Hayward,CA,94545,,US,GPS,37.626152,-122.123628,2024-02-14,2024-07-09,328297.0,2024-07-09 02:07:25 UTC,,E,,Public,24 hours daily,0.0,2.0,0.0,,ChargePoint Network,http://www.chargepoint.com/,J1772,,,,,,False,,53128845,-122.1222563,37.6255011,140.82538163742876
ELEC,VENUE 2,1155 4th St,San Francisco,CA,94158,,US,GPS,37.773308,-122.391181,2024-02-15,2024-07-09,328448.0,2024-07-09 00:28:40 UTC,,E,,Public,24 hours daily,0.0,2.0,0.0,,ChargePoint Network,http://www.chargepoint.com/,J1772,,,,,,False,,595495876,-122.3914605,37.7733851,26.019076491057138
ELEC,VENUE 1,1155 4th St,San Francisco,CA,94158,,US,GPS,37.773302,-122.391227,2024-02-15,2024-07-09,328449.0,2024-07-09 00:29:09 UTC,,E,,Public,24 hours daily,0.0,2.0,0.0,,ChargePoint Network,http://www.chargepoint.com/,J1772,,,,,,False,,595495876,-122.3914605,37.7733851,22.507287839678423
ELEC,330 Western Ave,330 Western Avenue,Petaluma,CA,94952,,US,GPS,38.23328955901866,-122.64387600482388,2023-10-25,2024-07-09,328792.0,2024-07-09 00:22:51 UTC,,E,,Public,24 hours daily,0.0,2.0,0.0,,Blink Network,http://www.blinkcharging.com/,J1772,,,,,,False,,56083643,-122.6443037,38.2335365,46.362376640761
ELEC,THIRTY 75 STATION 4,3075 Olcott St,Santa Clara,CA,95054,,US,GPS,37.378192,-121.967306,2024-02-21,2024-07-09,328798.0,2024-07-09 01:36:59 UTC,,E,,Public,24 hours daily,0.0,2.0,0.0,,ChargePoint Network,http://www.chargepoint.com/,J1772,,,,,,False,,431961927,-121.9675472,37.3788499,76.19654142896479
ELEC,THIRTY 75 STATION 9,3075 Olcott St,Santa Clara,CA,95054,,US,GPS,37.378194,-121.967324,2024-02-21,2024-07-09,328806.0,2024-07-09 01:37:00 UTC,,E,,Public,24 hours daily,0.0,2.0,0.0,,ChargePoint Network,http://www.chargepoint.com/,J1772,,,,,,False,,431961927,-121.9675472,37.3788499,75.55236283247811
ELEC,THIRTY 75 STATION 6,3075 Olcott St,Santa Clara,CA,95054,,US,GPS,37.378213,-121.967274,2024-02-21,2024-07-09,328808.0,2024-07-09 01:37:01 UTC,,E,,Public,24 hours daily,0.0,2.0,0.0,,ChargePoint Network,http://www.chargepoint.com/,J1772,,,,,,False,,431961927,-121.9675472,37.3788499,74.82135202774458
ELEC,GRATON CASINO CHARGER 1,288 Golf Course Dr W,Rohnert Park,CA,94928,,US,GPS,38.361936,-122.724346,2024-02-22,2024-07-09,328942.0,2024-07-09 02:07:52 UTC,,E,,Public,24 hours daily,0.0,2.0,0.0,,ChargePoint Network,http://www.chargepoint.com/,J1772,,,,,,False,,56090348,-122.7252535,38.3624334,96.53781980940002
ELEC,GRATON CASINO CHARGER 2,288 Golf Course Dr W,Rohnert Park,CA,94928,,US,GPS,38.361919,-122.724314,2024-02-22,2024-07-09,328943.0,2024-07-09 02:07:52 UTC,,E,,Public,24 hours daily,0.0,2.0,0.0,,ChargePoint Network,http://www.chargepoint.com/,J1772,,,,,,False,,56090348,-122.7252535,38.3624334,99.90757967037138
ELEC,GRATON CASINO CHARGER 3,288 Golf Course Dr W,Rohnert Park,CA,94928,,US,GPS,38.361911,-122.724324,2024-02-22,2024-07-09,328944.0,2024-07-09 02:07:52 UTC,,E,,Public,24 hours daily,0.0,2.0,0.0,,ChargePoint Network,http://www.chargepoint.com/,J1772,,,,,,False,,56090348,-122.7252535,38.3624334,99.70958809892373
ELEC,GRATON CASINO CHARGER 4,288 Golf Course Dr W,Rohnert Park,CA,94928,,US,GPS,38.361936,-122.724314,2024-02-22,2024-07-09,328945.0,2024-07-09 02:07:53 UTC,,E,,Public,24 hours daily,0.0,2.0,0.0,,ChargePoint Network,http://www.chargepoint.com/,J1772,,,,,,False,,56090348,-122.7252535,38.3624334,98.83748640509239
ELEC,GRATON CASINO CHARGER 5,288 Golf Course Dr W,Rohnert Park,CA,94928,,US,GPS,38.361928,-122.724303,2024-02-22,2024-07-09,328946.0,2024-07-09 02:07:53 UTC,,E,,Public,24 hours daily,0.0,2.0,0.0,,ChargePoint Network,http://www.chargepoint.com/,J1772,,,,,,False,,56090348,-122.7252535,38.3624334,100.13033048923542
ELEC,META MPK20.3-01,1 Meta Way,Menlo Park,CA,94025,,US,GPS,37.481466,-122.154721,2024-02-24,2024-07-09,329257.0,2024-07-09 02:08:05 UTC,,E,,Public,24 hours daily,0.0,2.0,0.0,,ChargePoint Network,http://www.chargepoint.com/,J1772,,,,,,False,,65418578,-122.1547503,37.4794163,227.9312269359199
ELEC,STA 2 STATION 1,2850 S Delaware St,San Mateo,CA,94403,,US,GPS,37.54265,-122.300409,2024-02-27,2024-07-09,329320.0,2024-07-09 01:28:42 UTC,,E,,Public,24 hours daily,0.0,2.0,0.0,,ChargePoint Network,http://www.chargepoint.com/,J1772,,,,,,False,,1802481793,-122.3003716,37.5430591,45.60926203509095
ELEC,PUBLIC CHARGERS KIKU 2-6,400 E 5th Ave,San Mateo,CA,94402,,US,GPS,37.564211,-122.318892,2024-02-27,2024-07-09,329324.0,2024-07-09 02:01:25 UTC,,E,,Public,24 hours daily,0.0,2.0,0.0,,ChargePoint Network,http://www.chargepoint.com/,J1772,,,,,,False,,65405079,-122.3195808,37.5639347,68.04280845197447
ELEC,333 W.STA CLARA LT CENTER,333 West Santa Clara Street,San Jose,CA,95113,,US,GPS,37.33399,-121.896133,2024-02-28,2024-07-09,329430.0,2024-07-09 02:08:04 UTC,,E,,Public,24 hours daily,0.0,2.0,0.0,,ChargePoint Network,http://www.chargepoint.com/,J1772,,,,,,False,,65465086,-121.8953943,37.3338886,66.27666817354857
ELEC,333 W.STA CLARA LT RIGHT,333 W Santa Clara St,San Jose,CA,95113,,US,GPS,37.334469,-121.896288,2024-02-28,2024-07-09,329433.0,2024-07-09 02:08:05 UTC,,E,,Public,24 hours daily,0.0,2.0,0.0,,ChargePoint Network,http://www.chargepoint.com/,J1772,,,,,,False,,4183808292,-121.8962421,37.3349147,49.72551684950962
ELEC,333 W.STA CLARA S_T,333 W Santa Clara St,San Jose,CA,95113,,US,GPS,37.334309,-121.896241,2024-02-28,2024-07-09,329434.0,2024-07-09 02:08:05 UTC,,E,,Public,24 hours daily,0.0,2.0,0.0,,ChargePoint Network,http://www.chargepoint.com/,J1772,,,,,,False,,246008817,-121.896909,37.3344984,62.70207412306977
ELEC,333 W.STA CLARA LT LEFT,333 W Santa Clara St,San Jose,CA,95113,,US,GPS,37.334487,-121.896356,2024-02-28,2024-07-09,329435.0,2024-07-09 02:08:05 UTC,,E,,Public,24 hours daily,0.0,2.0,0.0,,ChargePoint Network,http://www.chargepoint.com/,J1772,,,,,,False,,4183808292,-121.8962421,37.3349147,48.612587677705264
ELEC,Parking Lot 149 - Sunnyvale,111 S Murphy Ave,Sunnyvale,CA,94086,,US,GPS,37.37673,-122.03113,2024-02-28,2024-07-08,329489.0,2024-07-09 00:00:15 UTC,,E,,Public,24 hours daily,0.0,0.0,4.0,,eVgo Network,https://www.evgo.com/,CHADEMO J1772COMBO,,,,,,False,,65431819,-122.0312203,37.3770092,32.054636004012416
ELEC,SFSTATE LOT 02 20,2 Varela Ave,San Francisco,CA,94132,,US,GPS,37.721019,-122.475978,2024-02-29,2024-07-09,329521.0,2024-07-09 02:08:03 UTC,,E,,Public,24 hours daily,0.0,2.0,0.0,,ChargePoint Network,http://www.chargepoint.com/,J1772,,,,,,False,,65294644,-122.4761155,37.7208184,25.373355597448064
ELEC,Sunvalley Shopping Center,341 Sun Valley Mall,Concord,CA,94520,,US,GPS,37.9674927,-122.062572,2024-03-01,2024-07-08,329685.0,2024-07-09 00:00:46 UTC,,E,,Public,24 hours daily,0.0,0.0,8.0,,eVgo Network,https://www.evgo.com/,CHADEMO J1772COMBO,,,,,,False,,5049968938,-122.062638,37.9671474,38.82912681199617
ELEC,SFSTATE LOT 02 21,2 Varela Ave,San Francisco,CA,94132,,US,GPS,37.721041,-122.476185,2024-03-02,2024-07-09,329719.0,2024-07-09 02:08:03 UTC,,E,,Public,24 hours daily,0.0,2.0,0.0,,ChargePoint Network,http://www.chargepoint.com/,J1772,,,,,,False,,65294644,-122.4761155,37.7208184,25.495690942900175
ELEC,4200 Dumont,4242 S El Camino Real,San Mateo,CA,94403,,US,GPS,37.52964,-122.28941,2024-03-02,2024-07-08,329759.0,2024-07-08 23:57:54 UTC,,E,,Public,24 hours daily,0.0,0.0,6.0,,eVgo Network,https://www.evgo.com/,J1772COMBO,,,,,,False,,65451778,-122.2891477,37.5292514,49.011683551203795
ELEC,Bedford Plaza,20812 Hesperian Blvd,Hayward,CA,94541,,US,GPS,37.6646595,-122.11721,2024-03-02,2024-07-08,329760.0,2024-07-08 23:58:29 UTC,,E,,Public,24 hours daily,0.0,0.0,6.0,,eVgo Network,https://www.evgo.com/,J1772COMBO,,,,,,False,,826956113,-122.1171004,37.664166,55.716337817198124
ELEC,ALAMEDA PUBLIC PARKING GARAGE1,1416 Oak St,Alameda,CA,94501,,US,GPS,37.765146,-122.243696,2024-03-05,2024-07-09,329781.0,2024-07-09 00:50:12 UTC,,E,,Public,24 hours daily,0.0,2.0,0.0,,ChargePoint Network,http://www.chargepoint.com/,J1772,,,,,,False,,53087261,-122.2441688,37.7647822,57.99746113390076
ELEC,CITYOFSANRAFAEL FIRESTATION 55,955 Point San Pedro Rd,San Rafael,CA,94901,,US,GPS,37.983065,-122.472713,2024-03-05,2024-07-09,329817.0,2024-07-09 02:08:08 UTC,,E,,Public,24 hours daily,0.0,1.0,0.0,,ChargePoint Network,http://www.chargepoint.com/,J1772,,,,,,False,,272140682,-122.4734724,37.9826935,78.33379089110178
ELEC,AIRE LEASING,3401 Iron Point Dr,San Jose,CA,95134,,US,GPS,37.404748,-121.93154,2024-03-06,2024-07-09,329881.0,2024-07-09 02:08:02 UTC,,E,,Public,24 hours daily,0.0,2.0,0.0,,ChargePoint Network,http://www.chargepoint.com/,J1772,,,,,,False,,3064112982,-121.9315178,37.4044243,36.047223645584225
ELEC,AIRE 204-203,3401 Iron Point Dr,San Jose,CA,95134,,US,GPS,37.404753,-121.931427,2024-03-06,2024-07-09,329882.0,2024-07-09 02:08:03 UTC,,E,,Public,24 hours daily,0.0,2.0,0.0,,ChargePoint Network,http://www.chargepoint.com/,J1772,,,,,,False,,3064112982,-121.9315178,37.4044243,37.41945054414055
ELEC,AIRE 206-205,Iron Point Dr,San Jose,CA,95134,,US,GPS,37.404868,-121.931405,2024-03-06,2024-07-09,329883.0,2024-07-09 02:08:03 UTC,,E,,Public,24 hours daily,0.0,2.0,0.0,,ChargePoint Network,http://www.chargepoint.com/,J1772,,,,,,False,,3064112982,-121.9315178,37.4044243,50.3332675539901
ELEC,VERKADA VERKADA STN 5,406 E 3rd Ave,San Mateo,CA,94401,,US,GPS,37.566116,-122.321085,2024-03-07,2024-07-09,329968.0,2024-07-09 01:35:29 UTC,,E,,Public,Mon 6:00pm - 12:00am; Tue 6:00pm - 12:00am; Wed 6:00pm - 12:00am; Thu 6:00pm - 12:00am; Fri 6:00pm - 12:00am; Sat 12:00am - 12:00am; Sun 12:00am - 12:00am,0.0,2.0,0.0,,ChargePoint Network,http://www.chargepoint.com/,J1772,,,,,,False,,2555052610,-122.321519,37.5661265,38.27005944760789
ELEC,WOODSIDE FIRE FIRE STATION 7,3111 Woodside Road,Woodside,CA,94062,,US,GPS,37.428735,-122.256357,2024-03-09,2024-07-09,330157.0,2024-07-09 02:08:29 UTC,,E,,Public,24 hours daily,0.0,1.0,0.0,,ChargePoint Network,http://www.chargepoint.com/,J1772,,,,,,False,,4466229547,-122.2573367,37.4287132,86.54257320789007
ELEC,BLVD MASTER MADISON,5578 Structure Wy,Dublin,CA,94568,,US,GPS,37.707042,-121.897877,2024-03-19,2024-07-09,330765.0,2024-07-09 01:22:54 UTC,,E,,Public,24 hours daily,0.0,2.0,0.0,,ChargePoint Network,http://www.chargepoint.com/,J1772,,,,,,False,,4960503216,-121.8977818,37.7071748,16.976299209070863
ELEC,META MPK20.1-06,1 Meta Way,Menlo Park,CA,94025,,US,GPS,37.480853,-122.152774,2024-03-20,2024-07-09,330819.0,2024-07-09 02:08:56 UTC,,E,,Public,24 hours daily,0.0,2.0,0.0,,ChargePoint Network,http://www.chargepoint.com/,J1772,,,,,,False,,65418581,-122.1524804,37.4795649,145.55458007355108
ELEC,META MPK20.3-04 FC,1 Meta Wy,Menlo Park,CA,94025,,US,GPS,37.48132,-122.154719,2024-03-20,2024-07-09,330822.0,2024-07-09 02:09:01 UTC,,E,,Public,24 hours daily,0.0,0.0,1.0,,ChargePoint Network,http://www.chargepoint.com/,J1772COMBO TESLA,,,,,,False,,65418578,-122.1547503,37.4794163,211.70009815123407
ELEC,STARBUCKS STORE #65056-EV1,18595 Skipper Ln,Morgan Hill,CA,95037,,US,GPS,37.14822,-121.6589,2024-03-21,2024-07-09,330891.0,2024-07-09 01:47:12 UTC,,E,,Public,24 hours daily,0.0,2.0,0.0,,ChargePoint Network,http://www.chargepoint.com/,J1772,,,,,,False,,65543887,-121.6591083,37.1486878,55.19611713995385
ELEC,Library Garage - Public Use,1644 North Broadway,Walnut Creek,CA,94596,,US,GPS,37.90151895093586,-122.06028426289718,2024-03-08,2024-07-09,330990.0,2024-07-09 00:08:35 UTC,,E,,Public,24 hours daily,0.0,3.0,0.0,,Blink Network,http://www.blinkcharging.com/,J1772,,,,,,False,,6181745630,-122.060278,37.9006464,97.02493049587986
ELEC,"San Jose, CA (1143 N Capitol Ave)",1143 N Capitol Ave,San Jose,CA,95132,,US,GPS,37.386681,-121.861331,2024-03-22,2024-07-08,331045.0,2024-07-08 03:11:34 UTC,,E,,Public,24 hours daily,0.0,0.0,4.0,,BP_PULSE,https://www.bp.com/en_us/united-states/home/what-we-do/customers-and-products/bp-pulse/bp-pulse-products.html,CHADEMO J1772COMBO,,,,,,False,,311918444,-121.8607235,37.3865595,55.34732522943663
ELEC,South San Fransisco Taco Bell,465 El Camino Real,South San Francisco,CA,94080,,US,GPS,37.6468,-122.42917,2022-10-18,2024-04-14,331046.0,2024-04-14 22:11:34 UTC,P,E,,Public - Credit card at all times,24 hours daily,0.0,0.0,6.0,,CHARGENET,https://chargenetstations.com/,CHADEMO J1772COMBO TESLA,RESTAURANT,$0.34-$0.53 per kW depending on time of day and payment method,SOLAR,False,MD,False,,3101304929,-122.4302794,37.6461458,121.7874899043925
ELEC,Rohnert Parl Taco Bell,5000 Redwood Dr,Rohnert Park,CA,94928,,US,GPS,38.36471,-122.71321,2024-03-06,2024-04-14,331048.0,2024-04-14 22:11:34 UTC,P,E,,Public - Credit card at all times,24 hours daily,0.0,0.0,6.0,,CHARGENET,https://chargenetstations.com/,CHADEMO J1772COMBO TESLA,RESTAURANT,$0.44 per kW,SOLAR,False,MD,False,,55965577,-122.7124799,38.364088,93.99702476883712
ELEC,Renesas Electronics America Inc.,6024 Silver Creek Valley Road,San Jose,CA,95138,,US,GPS,37.25716,-121.7863313,2012-01-10,2024-07-09,331051.0,2024-07-09 00:18:44 UTC,,E,,Public,24 hours daily,0.0,8.0,0.0,,Blink Network,http://www.blinkcharging.com/,J1772,,,,,,False,,65432059,-121.7857786,37.2583479,140.8549362722145
ELEC,BLVD MASTER WELL @ HYDE PAR,5730 Kemper Pl,Dublin,CA,94568,,US,GPS,37.708296,-121.897697,2024-03-27,2024-07-09,331155.0,2024-07-09 01:21:46 UTC,,E,,Public,24 hours daily,0.0,2.0,0.0,,ChargePoint Network,http://www.chargepoint.com/,J1772,,,,,,False,,4960503938,-121.8976032,37.7083827,12.68978019537856
ELEC,BLVD MASTER NH 8 SKYLINE,5534 Saffron Wy,Dublin,CA,94568,,US,GPS,37.706967,-121.895515,2024-03-27,2024-07-09,331163.0,2024-07-09 01:58:55 UTC,,E,,Public,24 hours daily,0.0,2.0,0.0,,ChargePoint Network,http://www.chargepoint.com/,J1772,,,,,,False,,4960503924,-121.8951548,37.7070898,34.50430325619419
ELEC,BLVD MASTER NH 7 BROADWAY,5479 Melissa Ln,Dublin,CA,94568,,US,GPS,37.707463,-121.894252,2024-03-27,2024-07-09,331164.0,2024-07-09 01:58:55 UTC,,E,,Public,24 hours daily,0.0,2.0,0.0,,ChargePoint Network,http://www.chargepoint.com/,J1772,,,,,,False,,7483274407,-121.8943441,37.7075163,10.038458988109292
ELEC,GRATON CASINO CHARGER 6,288 Golf Course Drive West,Rohnert Park,CA,94928,,US,GPS,38.361885,-122.724041,2024-03-27,2024-07-09,331171.0,2024-07-09 02:07:53 UTC,,E,,Public,24 hours daily,0.0,2.0,0.0,,ChargePoint Network,http://www.chargepoint.com/,J1772,,,,,,False,,56090348,-122.7252535,38.3624334,122.0424463460066
ELEC,Fremont Springs Conference Center,47655 Warm Springs Boulevard,Fremont,CA,94539,,US,GPS,37.479089725893104,-121.92396389175858,2024-03-21,2024-07-09,331216.0,2024-07-09 00:25:41 UTC,,E,,Public,24 hours daily,0.0,6.0,0.0,,Blink Network,http://www.blinkcharging.com/,J1772,,,,,,False,,53100007,-121.9222235,37.4784239,170.4902851427441
ELEC,Treat Blvd. Shopping Center,4425 Treat Blvd,Concord,CA,94521,,US,GPS,37.9631443,-121.9939995,2024-03-28,2024-07-08,331275.0,2024-07-08 23:58:41 UTC,,E,,Public,24 hours daily,0.0,0.0,6.0,,eVgo Network,https://www.evgo.com/,J1772COMBO,,,,,,False,,5357279298,-121.9936307,37.9632013,32.94694523645846
ELEC,Parkside Plaza - Tesla Supercharger,1878 S Norfolk St,San Mateo,CA,94403,,US,GPS,37.55453,-122.293228,2024-03-21,2024-04-14,331347.0,2024-04-14 22:11:34 UTC,P,E,,Public - Credit card at all times,24 hours daily; for Tesla use only,0.0,0.0,16.0,,Tesla,https://www.tesla.com/supercharger,TESLA,SHOPPING_CENTER,$0.36 per kWh,,False,LD,False,,415279645,-122.2919716,37.5544555,111.0642654776498
ELEC,Burger King - Tesla Supercharger,2817 S El Camino Real,San Mateo,CA,94403,,US,GPS,37.542,-122.3016,2024-03-26,2024-04-14,331353.0,2024-04-14 22:11:34 UTC,P,E,,Public - Credit card at all times,24 hours daily,0.0,0.0,12.0,,Tesla,https://www.tesla.com/supercharger,TESLA,RESTAURANT,$0.36 per kWh,,False,LD,False,,9105871238,-122.3017617,37.542298,36.07291202764881
ELEC,PF SJSU S Garage,1278 S 10th St,San Jose,CA,95112,,US,200-8,37.32077,-121.86552,2023-04-13,2024-04-14,331406.0,2024-04-14 22:11:34 UTC,P,E,,Public - Card key at all times,24 hours daly,0.0,26.0,0.0,,POWERFLEX,https://www.powerflex.com,J1772,COLLEGE_CAMPUS,$0.48 per kWh,,False,LD,True,,3614092065,-121.8655722,37.3198983,97.03860447259257
ELEC,SAN MATEO GARAGE L2 1,8 2nd Ave,San Mateo,CA,94401,,US,GPS,37.5636951,-122.3263994,2024-03-21,2024-04-14,331409.0,2024-04-14 22:11:34 UTC,P,E,,Public - Credit card at all times,24 hours daily,0.0,12.0,0.0,,POWERFLEX,https://www.powerflex.com,J1772,PARKING_GARAGE,$0.26 per kWh,,False,LD,False,,65442062,-122.326705,37.5637029,26.950057434479906
ELEC,PF SJSU North Garage,S 9th St,San Jose,CA,95112,,US,GPS,37.3393594151774,-121.881309269221,2024-03-03,2024-04-14,331424.0,2024-04-14 22:11:34 UTC,P,E,,Public,24 hours daily,0.0,30.0,0.0,,POWERFLEX,https://www.powerflex.com,J1772,COLLEGE_CAMPUS,$0.48 per kWh,,False,LD,True,,65430040,-121.8816909,37.3396292,45.14659245647131
ELEC,Fairfield - 6048,2955 Auto Mall Parkway,Fairfield,CA,94533,,US,GPS,38.2405986,-122.0834126,2024-03-29,2024-07-09,331427.0,2024-07-09 00:04:01 UTC,,E,,Public,24 hours daily,0.0,3.0,0.0,,Blink Network,http://www.blinkcharging.com/,J1772,,,,,,False,,62223675,-122.0841894,38.2402583,77.6810335322139
ELEC,138 Jackson St,138 Jackson St,Hayward,CA,94544,,US,GPS,37.658523,-122.086785,2024-03-30,2024-07-09,331473.0,2024-07-09 02:52:24 UTC,,E,,Public,24 hours daily,0.0,0.0,2.0,,EV Connect,http://evconnect.com/,J1772COMBO,,,,,,False,,53116257,-122.0870785,37.6582981,35.957220710643966
ELEC,1533 W Campbell Ave,1533 W Campbell Ave,Campbell,CA,95008,,US,GPS,37.286426,-121.977104,2024-03-30,2024-07-09,331474.0,2024-07-09 02:52:24 UTC,,E,,Public,24 hours daily,0.0,0.0,2.0,,EV Connect,http://evconnect.com/,J1772COMBO,,,,,,False,,65537470,-121.9766224,37.286077,57.630845220187595
ELEC,Safeway - Tesla Supercharger,249 W Jackson St,Hayward,CA,94544,,US,GPS,37.653177,-122.09032,2024-04-04,2024-04-14,331822.0,2024-04-14 22:11:34 UTC,P,E,,Public,24 hours daily,0.0,0.0,20.0,,Tesla,https://www.tesla.com/supercharger,TESLA,GROCERY,$0.36 per kWh,,False,LD,False,,1806699746,-122.089622,37.6529326,67.19019191754123
ELEC,IKEA - Tesla Supercharger,1700 E Bayshore Rd,East Palo Alto,CA,94303,,US,GPS,37.460392,-122.138404,2024-04-11,2024-04-14,332097.0,2024-04-14 22:11:34 UTC,P,E,,Public,24 hours daily,0.0,0.0,20.0,,Tesla,https://www.tesla.com/supercharger,TESLA,PARKING_LOT,$0.38 per kWh,,False,LD,False,,207640173,-122.1394113,37.4598956,104.64910970295362
ELEC,HARBOR BAY 1650 #2,1650 Harbor Bay Pkwy,Alameda,CA,94502,,US,GPS,37.724042,-122.241378,2024-04-12,2024-07-09,332103.0,2024-07-09 01:58:47 UTC,,E,,Public,Sat 12:00am - 12:00am; Sun 12:00am - 12:00am,0.0,2.0,0.0,,ChargePoint Network,http://www.chargepoint.com/,J1772,,,,,,False,,53066199,-122.2397931,37.7252434,193.07187276566717
ELEC,Prime Solum - Sema,1021 Atlas Peak Road,Napa,CA,94558,,US,GPS,38.33867589224552,-122.2627179911248,2024-04-15,2024-07-09,332308.0,2024-07-09 00:20:15 UTC,,E,,Public,24 hours daily,0.0,2.0,0.0,,Blink Network,http://www.blinkcharging.com/,J1772,,,,,,False,,766157386,-122.2623958,38.339427,88.11999028902156
ELEC,HARBOR BAY 1650 #1,1650 Harbor Bay Pkwy,Alameda,CA,94502,,US,GPS,37.724042,-122.241389,2024-04-18,2024-07-09,332557.0,2024-07-09 01:58:47 UTC,,E,,Public,Sat 12:00am - 12:00am; Sun 12:00am - 12:00am,0.0,1.0,0.0,,ChargePoint Network,http://www.chargepoint.com/,J1772,,,,,,False,,53066199,-122.2397931,37.7252434,193.77151267486076
ELEC,CCSF-SFMTA LEVEL 1,444 Stockton St,San Francisco,CA,94108,,US,GPS,37.789824,-122.40682,2024-04-18,2024-07-09,332559.0,2024-07-09 02:01:30 UTC,,E,,Public,24 hours daily,0.0,2.0,0.0,,ChargePoint Network,http://www.chargepoint.com/,J1772,,,,,,False,,6378899315,-122.4070363,37.7897111,22.778689899041265
ELEC,Columbia REIT - Parking Garage 650 California St,650 California Street,San Francisco,CA,94108,,US,GPS,37.79317661922026,-122.40527319115532,2024-04-18,2024-07-09,332600.0,2024-07-09 00:09:13 UTC,,E,,Public,24 hours daily,0.0,1.0,0.0,,Blink Network,http://www.blinkcharging.com/,J1772,,,,,,False,,65307363,-122.4046141,37.7935779,73.10948301708193
ELEC,SCOE STATION 2-5350,5350 Skylane Blvd,Santa Rosa,CA,95403,,US,GPS,38.512366,-122.799137,2024-04-19,2024-07-09,332631.0,2024-07-09 02:09:43 UTC,,E,,Public,24 hours daily,0.0,2.0,0.0,,ChargePoint Network,http://www.chargepoint.com/,J1772,,,,,,False,,56019180,-122.800292,38.511048,177.7006007414407
ELEC,SCOE STATION 3-5350,5350 Skylane Blvd,Santa Rosa,CA,95403,,US,GPS,38.512338,-122.799146,2024-04-19,2024-07-09,332632.0,2024-07-09 02:09:44 UTC,,E,,Public,24 hours daily,0.0,2.0,0.0,,ChargePoint Network,http://www.chargepoint.com/,J1772,,,,,,False,,56019180,-122.800292,38.511048,174.69355439849244
ELEC,Kahala Tower,851 Burlway Road,Burlingame,CA,94010,,US,GPS,37.59501,-122.36641,2024-04-22,2024-07-08,332894.0,2024-07-08 03:14:40 UTC,,E,,Public,,0.0,1.0,0.0,,NOODOE,https://www.noodoe.com,J1772,,,,,,False,,65505376,-122.3673158,37.594448,101.36132087324789
ELEC,Paired Power Test,1624 Dell Ave,Campbell,CA,95008,,US,GPS,37.2629933,-121.9570694,2024-04-22,2024-07-08,333003.0,2024-07-08 03:14:59 UTC,,E,,Public,,0.0,1.0,0.0,,NOODOE,https://www.noodoe.com,J1772,,,,,,False,,65467606,-121.9577626,37.2624313,87.5700573892287
ELEC,Halalstreet,5605 Mowry School Rd.,Newark,CA,94560,,US,GPS,37.52343,-121.991509,2024-04-22,2024-07-08,333006.0,2024-07-08 03:15:00 UTC,,E,,Public,,0.0,2.0,0.0,,NOODOE,https://www.noodoe.com,J1772,,,,,,False,,53013547,-121.9910997,37.5243041,103.68165928066131
ELEC,Solar Express,2434 San Pablo ave,Berkeley,CA,94707,,US,GPS,37.8621355,-122.2901768,2024-04-22,2024-07-08,333026.0,2024-07-08 03:15:07 UTC,,E,,Public,,0.0,0.0,2.0,,NOODOE,https://www.noodoe.com,CHADEMO J1772COMBO,,,,,,False,,53063521,-122.2902041,37.8628482,79.28496579117241
ELEC,DUSD District Office,7471 Larkdale Ave.,Dublin,CA,94568,,US,GPS,37.7168316,-121.9308671,2024-04-22,2024-07-02,333164.0,2024-07-02 04:02:24 UTC,,E,,Public,,0.0,4.0,0.0,,NOODOE,https://www.noodoe.com,J1772,,,,,,False,,53043191,-121.9321518,37.7170215,114.95827412817039
ELEC,Hilton Concord,1970 Diamond Blvd,Concord,CA,94520,,US,GPS,37.9722006,-122.053867,2024-04-22,2024-07-02,333198.0,2024-07-02 04:02:31 UTC,,E,,Public,,0.0,6.0,2.0,,EVCS,https://evcs.com,CHADEMO J1772 J1772COMBO,,,,,,False,,2321976741,-122.0545862,37.9721539,63.25581150385856
ELEC,Danville - Village Theatre Public Parking Lot,223 Front Street,Danville,CA,94526,,US,GPS,37.821024,-121.99761,2024-04-22,2024-07-02,333289.0,2024-07-02 04:02:51 UTC,,E,,Public,,0.0,4.0,0.0,,EVCS,https://evcs.com,J1772,,,,,,False,,57936567,-121.998039,37.8208205,43.95402814290182
ELEC,Danville - Clocktower Public Parking Lot,112 W. Prospect Ave,Danville,CA,94526,,US,GPS,37.8213258,-122.0005689,2024-04-22,2024-07-02,333290.0,2024-07-02 04:02:51 UTC,,E,,Public,,0.0,2.0,0.0,,EVCS,https://evcs.com,J1772,,,,,,False,,57920614,-122.000585,37.8211137,23.62683685454402
ELEC,Danville - Railroad Ave Public Parking Lot,225 Railroad Ave,Danville,CA,94526,,US,GPS,37.820279,-121.99954,2024-04-22,2024-07-02,333291.0,2024-07-02 04:02:51 UTC,,E,,Public,,0.0,2.0,0.0,,EVCS,https://evcs.com,J1772,,,,,,False,,57835291,-121.9997933,37.820622,44.15513845333207
ELEC,META MPK15-08,1 Hacker Way MPK 15,Menlo Park,CA,94025,,US,GPS,37.484008,-122.147612,2024-04-23,2024-07-09,333360.0,2024-07-09 02:10:15 UTC,,E,,Public,24 hours daily,0.0,2.0,0.0,,ChargePoint Network,http://www.chargepoint.com/,J1772,,,,,,False,,339943486,-122.1458084,37.4842966,162.34524680591778
ELEC,THE SHORE THE SHORE 27,1200 Sierra Point Parkway,Brisbane,CA,94005,,US,GPS,37.672294,-122.382839,2024-04-24,2024-07-09,333423.0,2024-07-09 02:09:56 UTC,,E,,Public,24 hours daily,0.0,2.0,0.0,,ChargePoint Network,http://www.chargepoint.com/,J1772,,,,,,False,,522089307,-122.3820544,37.6738775,189.13421553327422
ELEC,THE SHORE THE SHORE 29,1200 Sierra Point Parkway,Brisbane,CA,94005,,US,GPS,37.672375,-122.382756,2024-04-24,2024-07-09,333424.0,2024-07-09 02:09:56 UTC,,E,,Public,24 hours daily,0.0,2.0,0.0,,ChargePoint Network,http://www.chargepoint.com/,J1772,,,,,,False,,522089307,-122.3820544,37.6738775,178.11670424498084
ELEC,THE SHORE THE SHORE 28,1200 Sierra Point Parkway,Brisbane,CA,94005,,US,GPS,37.672336,-122.382792,2024-04-24,2024-07-09,333425.0,2024-07-09 02:09:57 UTC,,E,,Public,24 hours daily,0.0,2.0,0.0,,ChargePoint Network,http://www.chargepoint.com/,J1772,,,,,,False,,522089307,-122.3820544,37.6738775,183.288690742829
ELEC,SANTANA ROW P1 STATION 10,3175 Olsen Dr,San Jose,CA,95117,,US,GPS,37.320247,-121.95172,2024-04-25,2024-07-09,333492.0,2024-07-09 01:24:57 UTC,,E,,Public,24 hours daily,0.0,2.0,0.0,,ChargePoint Network,http://www.chargepoint.com/,J1772,,,,,,False,,65419731,-121.9514001,37.3204558,36.59625556759296
ELEC,SANTANA ROW P1 STATION 11,3175 Olsen Dr,San Jose,CA,95117,,US,GPS,37.320038,-121.951454,2024-04-25,2024-07-09,333493.0,2024-07-09 01:24:59 UTC,,E,,Public,24 hours daily,0.0,2.0,0.0,,ChargePoint Network,http://www.chargepoint.com/,J1772,,,,,,False,,65419731,-121.9514001,37.3204558,46.70116781665681
ELEC,Lowe's of Concord,1935 Arnold Industrial Way,Concord,CA,94520,,US,GPS,38.0046659,-122.0434103,2024-04-25,2024-07-08,333597.0,2024-07-08 23:59:39 UTC,,E,,Public,24 hours daily,0.0,0.0,6.0,,eVgo Network,https://www.evgo.com/,J1772COMBO,,,,,,False,,5726041336,-122.0422752,38.0046174,99.60059338184917
ELEC,SANTANA ROW P1 STATION 12,3175 Olsen Dr,San Jose,CA,95128,,US,GPS,37.320215,-121.951496,2024-04-26,2024-07-09,333610.0,2024-07-09 01:24:57 UTC,,E,,Public,24 hours daily,0.0,2.0,0.0,,ChargePoint Network,http://www.chargepoint.com/,J1772,,,,,,False,,65419731,-121.9514001,37.3204558,28.086617456262378
ELEC,WALNUT CREEK BROADWAY 13,1390N Broadway,Walnut Creek,CA,94596,,US,GPS,37.899189,-122.058794,2024-04-26,2024-07-09,333635.0,2024-07-09 02:10:24 UTC,,E,,Public,24 hours daily,0.0,1.0,0.0,,ChargePoint Network,http://www.chargepoint.com/,J1772,,,,,,False,,1718575430,-122.0584155,37.8990346,37.38607613780684
ELEC,Almaden Plaza,4950 Almaden Expy,San Jose,CA,95118,,US,GPS,37.2604714,-121.8759982,2024-04-26,2024-07-08,333653.0,2024-07-08 23:59:41 UTC,,E,,Public,24 hours daily,0.0,0.0,6.0,,eVgo Network,https://www.evgo.com/,J1772COMBO,,,,,,False,,5916417530,-121.8768417,37.2612853,117.31572329675559
ELEC,Seven Trees Shopping Center,4060 Monterey Hwy,San Jose,CA,95111,,US,GPS,37.278812,-121.835359,2024-04-27,2024-07-08,333654.0,2024-07-09 00:00:39 UTC,,E,,Public,24 hours daily,0.0,0.0,6.0,,eVgo Network,https://www.evgo.com/,CHADEMO J1772COMBO,,,,,,False,,1105792709,-121.8354434,37.278312,56.096798437530296
ELEC,Evergreen Islamic Center,2486 Ruby Ave,San Jose,CA,95148,,US,200-8,37.34007,-121.78537,2021-08-25,2024-05-09,333717.0,2024-05-09 20:32:20 UTC,P,E,,Public,24 hours daily,0.0,4.0,0.0,,EVGATEWAY,http://evgateway.com/,J1772,PARKING_LOT,,,False,LD,False,,5149370022,-121.784541,37.3399736,74.06803657092567
ELEC,BAE,3400 Central Expwy,Santa Clara,CA,95054,,US,200-8,37.37748,-121.98823,2019-01-22,2024-05-09,333794.0,2024-05-09 20:32:20 UTC,P,E,,Public,24 hours daily,0.0,16.0,0.0,,EVGATEWAY,http://evgateway.com/,J1772,PARKING_LOT,,,False,LD,False,,5185422747,-121.9882707,37.377603,14.141911401981739
ELEC,Bolinas-Stinson USD,125 Olema Bolinas Rd,Bolinas,CA,94924,,US,200-8,37.91746,-122.69352,2023-06-23,2024-05-09,333912.0,2024-05-09 20:32:20 UTC,P,E,,Public,24 hours daily,0.0,1.0,0.0,,EVGATEWAY,http://evgateway.com/,J1772,PARKING_LOT,,,False,LD,False,,110450104,-122.694778,37.918335,147.11975408762723
ELEC,Silvergate Apartments,1290 Bus Center Dr,Brentwood,CA,94513,,US,200-8,37.94406,-121.70225,2022-08-10,2024-05-09,333918.0,2024-05-09 20:32:20 UTC,P,E,,Public,24 hours daily,0.0,18.0,0.0,,EVGATEWAY,http://evgateway.com/,J1772,PARKING_LOT,,,False,LD,False,,1827193040,-121.6999516,37.9437656,204.1876769034404
ELEC,La Galleria Residences,900 Bush St,San Francisco,CA,94109,,US,200-8,37.78969,-122.41255,2023-05-15,,334000.0,2024-04-29 18:47:13 UTC,P,E,,Public,24 hours daily,0.0,1.0,0.0,,EVGATEWAY,http://evgateway.com/,J1772,PARKING_LOT,,,False,LD,False,,65319949,-122.4120997,37.7897443,40.02748361197092
ELEC,Alta Star Harbor,1501 Buena Vista Ave,Alameda,CA,94501,,US,200-8,37.77679,-122.26004,2023-01-06,2024-05-09,334030.0,2024-05-09 20:32:20 UTC,P,E,,Public,24 hours daily,0.0,14.0,0.0,,EVGATEWAY,http://evgateway.com/,J1772,PARKING_LOT,,,False,LD,False,,53072022,-122.2596738,37.7766114,37.818910100918195
ELEC,Centennial Towers,48363 Fremont Blvd,Fremont,CA,94538,,US,200-8,37.46678,-121.93551,2019-07-08,2024-05-09,334175.0,2024-05-09 20:32:20 UTC,P,E,,Public,24 hours daily,0.0,6.0,0.0,,EVGATEWAY,http://evgateway.com/,J1772,PARKING_LOT,,,False,LD,False,,10997452358,-121.9368172,37.4693485,308.025020947975
ELEC,Redwood City School District,601 James Ave,Redwood City,CA,94062,,US,200-8,37.48071,-122.23754,2021-08-03,2024-05-09,334227.0,2024-05-09 20:32:20 UTC,P,E,,Public,24 hours daily,0.0,12.0,0.0,,EVGATEWAY,http://evgateway.com/,J1772,PARKING_LOT,,,False,LD,False,,65507070,-122.2375687,37.4809169,23.145227892008833
ELEC,Oak Grove School District,6578 Santa Teresa Blvd,San Jose,CA,95119,,US,200-8,37.23459,-121.78725,2023-12-08,2024-05-09,334241.0,2024-05-09 20:32:20 UTC,P,E,,Public,24 hours daily,0.0,10.0,0.0,,EVGATEWAY,http://evgateway.com/,J1772,PARKING_LOT,,,False,LD,False,,312411626,-121.787074,37.2330541,171.4938321381033
ELEC,Valley Village Retirement Community,390 Winchester Blvd,Santa Clara,CA,95050,,US,200-8,37.33223,-121.95302,2024-04-26,2024-05-09,334358.0,2024-05-09 20:32:20 UTC,P,E,,Public,7am-7pm M-F,0.0,6.0,0.0,,EVMATCH,https://www.evmatch.com,J1772,MULTI_UNIT_DWELLING,,,False,LD,False,,65499737,-121.9535468,37.3328499,83.19082966942115
ELEC,AMMAAR'S TOYOTA CT4000,500 Orange Dr,Vacaville,CA,95687,,US,GPS,38.373513,-121.950382,2024-05-03,2024-07-09,334573.0,2024-07-09 02:09:54 UTC,,E,,Public,24 hours daily,0.0,2.0,0.0,,ChargePoint Network,http://www.chargepoint.com/,J1772,,,,,,False,,62424489,-121.950651,38.3742817,88.6340002204652
ELEC,Amador Elementary School,2100 E Cantara Dr.,Dublin,CA,94568,,US,GPS,37.7191942,-121.8434106,2024-05-03,2024-07-02,334598.0,2024-07-02 04:02:24 UTC,,E,,Public,,0.0,4.0,0.0,,NOODOE,https://www.noodoe.com,J1772,,,,,,False,,4386346633,-121.844263,37.7196542,90.76063232713021
ELEC,Adult Education Center,6901 York Dr.,Dublin,CA,94568,,US,GPS,37.709355,-121.920266,2024-05-03,2024-07-02,334599.0,2024-07-02 04:02:24 UTC,,E,,Public,,0.0,4.0,0.0,,NOODOE,https://www.noodoe.com,J1772,,,,,,False,,53095268,-121.9203934,37.7090992,30.572001691556718
ELEC,Dublin Elementary School,7997 Vomac Rd.,Dublin,CA,94568,,US,GPS,37.7145892,-121.9360355,2024-05-03,2024-07-02,334600.0,2024-07-02 04:02:24 UTC,,E,,Public,,0.0,4.0,0.0,,NOODOE,https://www.noodoe.com,J1772,,,,,,False,,53084800,-121.9369826,37.7143245,88.35631359750101
ELEC,Fallon Middle School,3601 Kohnen Way,Dublin,CA,94568,,US,GPS,37.7156777,-121.8659138,2024-05-03,2024-07-02,334601.0,2024-07-02 04:02:24 UTC,,E,,Public,,0.0,6.0,0.0,,NOODOE,https://www.noodoe.com,J1772,,,,,,False,,658947374,-121.8663479,37.7148824,96.32505986334697
ELEC,Frederiksen Elementary School,7243 Tamarack Dr.,Dublin,CA,94568,,US,GPS,37.715441,-121.923832,2024-05-03,2024-07-02,334602.0,2024-07-02 04:02:25 UTC,,E,,Public,,0.0,4.0,0.0,,NOODOE,https://www.noodoe.com,J1772,,,,,,False,,53111933,-121.9244522,37.7154042,54.70719591690056
ELEC,James Dougherty Elementary School,5301 Hibernia Dr.,Dublin,CA,94568,,US,GPS,37.7101944,-121.8842109,2024-05-03,2024-07-02,334603.0,2024-07-02 04:02:25 UTC,,E,,Public,,0.0,4.0,0.0,,NOODOE,https://www.noodoe.com,J1772,,,,,,False,,53067486,-121.8852042,37.7108771,115.74856122688185
ELEC,John Green Elementary School,3300 Antone Way,Dublin,CA,94568,,US,GPS,37.7193366,-121.8627766,2024-05-03,2024-07-02,334604.0,2024-07-02 04:02:25 UTC,,E,,Public,,0.0,4.0,0.0,,NOODOE,https://www.noodoe.com,J1772,,,,,,False,,53018077,-121.8635586,37.7202426,121.98393703717664
ELEC,Kolb Elementary School,3150 Palermo Way,Dublin,CA,94568,,US,GPS,37.712532,-121.8577955,2024-05-03,2024-07-02,334605.0,2024-07-02 04:02:25 UTC,,E,,Public,,0.0,4.0,0.0,,NOODOE,https://www.noodoe.com,J1772,,,,,,False,,4373165423,-121.8580121,37.7129556,50.80990319103091
ELEC,Murray Elementary School,8435 Davona Dr.,Dublin,CA,94568,,US,GPS,37.722416,-121.9333894,2024-05-03,2024-07-02,334606.0,2024-07-02 04:02:25 UTC,,E,,Public,,0.0,4.0,0.0,,NOODOE,https://www.noodoe.com,J1772,,,,,,False,,53126811,-121.9345347,37.7215779,137.23029832737282
ELEC,Wells Middle School,6800 Penn Dr.,Dublin,CA,94568,,US,GPS,37.7112479,-121.9191327,2024-05-03,2024-07-02,334607.0,2024-07-02 04:02:25 UTC,,E,,Public,,0.0,4.0,0.0,,NOODOE,https://www.noodoe.com,J1772,,,,,,False,,53119252,-121.9186893,37.7104185,100.13418470635257
ELEC,MPK CITIZENM CITIZEN CHARGE1,2 Meta Wy,Menlo Park,CA,94025,,US,GPS,37.482283,-122.166751,2024-05-04,2024-07-09,335482.0,2024-07-09 02:04:03 UTC,,E,,Public,24 hours daily,0.0,2.0,0.0,,ChargePoint Network,http://www.chargepoint.com/,J1772,,,,,,False,,65417977,-122.1667383,37.4817727,56.75391586795385
ELEC,MPK CITIZENM CITIZEN CHARGE2,2 Meta Wy,Menlo Park,CA,94025,,US,GPS,37.482275,-122.166752,2024-05-04,2024-07-09,335483.0,2024-07-09 02:04:04 UTC,,E,,Public,24 hours daily,0.0,2.0,0.0,,ChargePoint Network,http://www.chargepoint.com/,J1772,,,,,,False,,65417977,-122.1667383,37.4817727,55.86637107573139
ELEC,MPK CITIZENM CITIZEN CHARGE3,2 Meta Wy,Menlo Park,CA,94025,,US,GPS,37.482284,-122.166741,2024-05-04,2024-07-09,335484.0,2024-07-09 02:04:04 UTC,,E,,Public,24 hours daily,0.0,2.0,0.0,,ChargePoint Network,http://www.chargepoint.com/,J1772,,,,,,False,,65417977,-122.1667383,37.4817727,56.8545454770326
ELEC,MPK CITIZENM CITIZEN CHARGE4,2 Meta Wy,Menlo Park,CA,94025,,US,GPS,37.482283,-122.166763,2024-05-04,2024-07-09,335485.0,2024-07-09 02:04:04 UTC,,E,,Public,24 hours daily,0.0,2.0,0.0,,ChargePoint Network,http://www.chargepoint.com/,J1772,,,,,,False,,65417977,-122.1667383,37.4817727,56.78469261784698
ELEC,220PARK 15 & 16,220 Park Rd,Burlingame,CA,94010,,US,GPS,37.578141,-122.346256,2024-05-04,2024-07-09,335499.0,2024-07-09 02:10:12 UTC,,E,,Public,24 hours daily,0.0,2.0,0.0,,ChargePoint Network,http://www.chargepoint.com/,J1772,,,,,,False,,65420203,-122.3471,37.5785465,86.97702903152656
ELEC,220PARK 11 & 12,220 Park Rd,Burlingame,CA,94010,,US,GPS,37.578149,-122.346073,2024-05-04,2024-07-09,335500.0,2024-07-09 02:10:13 UTC,,E,,Public,24 hours daily,0.0,2.0,0.0,,ChargePoint Network,http://www.chargepoint.com/,J1772,,,,,,False,,65420203,-122.3471,37.5785465,100.72022801848075
ELEC,220PARK 9 & 10,220 Park Rd,Burlingame,CA,94010,,US,GPS,37.578132,-122.345633,2024-05-04,2024-07-09,335501.0,2024-07-09 02:10:13 UTC,,E,,Public,24 hours daily,0.0,2.0,0.0,,ChargePoint Network,http://www.chargepoint.com/,J1772,,,,,,False,,65392821,-122.344761,37.5779065,80.83222486281251
ELEC,220PARK 5 & 6,220 Park Rd,Burlingame,CA,94010,,US,GPS,37.578149,-122.345998,2024-05-04,2024-07-09,335502.0,2024-07-09 02:10:13 UTC,,E,,Public,24 hours daily,0.0,2.0,0.0,,ChargePoint Network,http://www.chargepoint.com/,J1772,,,,,,False,,65392823,-122.3456969,37.5772543,102.96402463422274
ELEC,220PARK 17 & 18,220 Park Rd,Burlingame,CA,94010,,US,GPS,37.578149,-122.346331,2024-05-04,2024-07-09,335503.0,2024-07-09 02:10:13 UTC,,E,,Public,24 hours daily,0.0,2.0,0.0,,ChargePoint Network,http://www.chargepoint.com/,J1772,,,,,,False,,65420203,-122.3471,37.5785465,80.90793922538919
ELEC,220PARK 1,200-295 Park Rd,Burlingame,CA,94010,,US,GPS,37.578141,-122.346417,2024-05-04,2024-07-09,335504.0,2024-07-09 02:10:13 UTC,,E,,Public,24 hours daily,0.0,1.0,0.0,,ChargePoint Network,http://www.chargepoint.com/,J1772,,,,,,False,,65420203,-122.3471,37.5785465,75.20492056022745
ELEC,220PARK 3 & 4,220 Park Rd,Burlingame,CA,94010,,US,GPS,37.578158,-122.345891,2024-05-04,2024-07-09,335505.0,2024-07-09 02:10:13 UTC,,E,,Public,24 hours daily,0.0,2.0,0.0,,ChargePoint Network,http://www.chargepoint.com/,J1772,,,,,,False,,65392823,-122.3456969,37.5772543,101.9324308562165
ELEC,220PARK 13 & 14,220 Park Rd,Burlingame,CA,94010,,US,GPS,37.578149,-122.346181,2024-05-04,2024-07-09,335506.0,2024-07-09 02:10:13 UTC,,E,,Public,24 hours daily,0.0,2.0,0.0,,ChargePoint Network,http://www.chargepoint.com/,J1772,,,,,,False,,65420203,-122.3471,37.5785465,92.26278010341797
ELEC,220PARK 7 & 8,220 Park Rd,Burlingame,CA,94010,,US,GPS,37.578149,-122.345773,2024-05-04,2024-07-09,335507.0,2024-07-09 02:10:14 UTC,,E,,Public,24 hours daily,0.0,2.0,0.0,,ChargePoint Network,http://www.chargepoint.com/,J1772,,,,,,False,,65392821,-122.344761,37.5779065,93.16957360766571
ELEC,220PARK 2,200-295 Park Rd,Burlingame,CA,94010,,US,GPS,37.578141,-122.346481,2024-05-04,2024-07-09,335508.0,2024-07-09 02:10:15 UTC,,E,,Public,24 hours daily,0.0,1.0,0.0,,ChargePoint Network,http://www.chargepoint.com/,J1772,,,,,,False,,65420203,-122.3471,37.5785465,70.77190872482797
ELEC,SANTA CLARA U. LEAVEY LOT 2,500 El Camino Real,Santa Clara,CA,95053,,US,GPS,37.349319,-121.934304,2024-05-11,2024-07-09,346069.0,2024-07-09 02:08:38 UTC,,E,,Public,24 hours daily,0.0,2.0,0.0,,ChargePoint Network,http://www.chargepoint.com/,J1772,,,,,,False,,282148735,-121.933336,37.3496173,91.77003554264718
ELEC,SANTA CLARA U. LEAVEY LOT 3,500 El Camino Real,Santa Clara,CA,95053,,US,GPS,37.349242,-121.934488,2024-05-11,2024-07-09,346070.0,2024-07-09 02:08:38 UTC,,E,,Public,24 hours daily,0.0,2.0,0.0,,ChargePoint Network,http://www.chargepoint.com/,J1772,,,,,,False,,282148735,-121.933336,37.3496173,110.04989977034636
ELEC,233 E GRAND 230 EG STN 1,230 East Grand Avenue,South San Francisco,CA,94080,,US,GPS,37.65316,-122.39772,2024-05-11,2024-07-09,346075.0,2024-07-09 02:10:17 UTC,,E,,Public,24 hours daily,0.0,2.0,0.0,,ChargePoint Network,http://www.chargepoint.com/,J1772,,,,,,False,,2261099046,-122.3977484,37.6544003,137.93792283507298
ELEC,233 E GRAND 230 EG STN 3,230 East Grand Avenue,South San Francisco,CA,94080,,US,GPS,37.653229,-122.397637,2024-05-11,2024-07-09,346076.0,2024-07-09 02:10:17 UTC,,E,,Public,24 hours daily,0.0,2.0,0.0,,ChargePoint Network,http://www.chargepoint.com/,J1772,,,,,,False,,2261099046,-122.3977484,37.6544003,130.6115096153114
ELEC,233 E GRAND 230 EG STN 2,230 East Grand Avenue,South San Francisco,CA,94080,,US,GPS,37.653193,-122.397677,2024-05-11,2024-07-09,346077.0,2024-07-09 02:10:18 UTC,,E,,Public,24 hours daily,0.0,2.0,0.0,,ChargePoint Network,http://www.chargepoint.com/,J1772,,,,,,False,,2261099046,-122.3977484,37.6544003,134.392899382619
ELEC,WCTA STATION 3,3300 Juniper Ave,Santa Rosa,CA,95407,,US,GPS,38.394951,-122.727921,2024-05-11,2024-07-09,346080.0,2024-07-09 02:10:44 UTC,,E,,Public,24 hours daily,0.0,1.0,0.0,,ChargePoint Network,http://www.chargepoint.com/,J1772,,,,,,False,,6392998439,-122.7267441,38.392777,262.5972814346963
ELEC,WCTA STATION 2,3300 Juniper Ave,Santa Rosa,CA,95407,,US,GPS,38.394978,-122.727887,2024-05-11,2024-07-09,346081.0,2024-07-09 02:10:44 UTC,,E,,Public,24 hours daily,0.0,1.0,0.0,,ChargePoint Network,http://www.chargepoint.com/,J1772,,,,,,False,,6392998439,-122.7267441,38.392777,264.2324957798169
ELEC,WCTA STATION 1,3300 Juniper Ave,Santa Rosa,CA,95407,,US,GPS,38.39496,-122.727908,2024-05-11,2024-07-09,346082.0,2024-07-09 02:10:44 UTC,,E,,Public,24 hours daily,0.0,1.0,0.0,,ChargePoint Network,http://www.chargepoint.com/,J1772,,,,,,False,,6392998439,-122.7267441,38.392777,263.0799309869702
ELEC,WCTA STATION 4,3300 Juniper Ave,Santa Rosa,CA,95407,,US,GPS,38.39496,-122.727895,2024-05-11,2024-07-09,346083.0,2024-07-09 02:10:45 UTC,,E,,Public,24 hours daily,0.0,1.0,0.0,,ChargePoint Network,http://www.chargepoint.com/,J1772,,,,,,False,,6392998439,-122.7267441,38.392777,262.6451852026592
ELEC,WCTA STATION 5,3300 Juniper Ave,Santa Rosa,CA,95407,,US,GPS,38.394972,-122.727938,2024-05-11,2024-07-09,346084.0,2024-07-09 02:10:45 UTC,,E,,Public,24 hours daily,0.0,1.0,0.0,,ChargePoint Network,http://www.chargepoint.com/,J1772,,,,,,False,,6392998439,-122.7267441,38.392777,265.3259468829788
ELEC,WCTA CT4K 1,3300 Juniper Ave,Santa Rosa,CA,95407,,US,GPS,38.394975,-122.72792,2024-05-11,2024-07-09,346087.0,2024-07-09 02:10:47 UTC,,E,,Public,24 hours daily,0.0,1.0,0.0,,ChargePoint Network,http://www.chargepoint.com/,J1772,,,,,,False,,6392998439,-122.7267441,38.392777,265.0223103558021
ELEC,COUNTRY INN VAL COUNTRY INN #3,1000 Admiral Callaghan Ln,Vallejo,CA,94591,,US,GPS,38.134479,-122.220228,2024-05-13,2024-07-09,346119.0,2024-07-09 01:30:50 UTC,,E,,Public,24 hours daily,0.0,1.0,0.0,,ChargePoint Network,http://www.chargepoint.com/,J1772,,,,,,False,,62237954,-122.221996,38.1349882,164.67248371272657
ELEC,Bay Area CoRoasters,2322 Fifth St,Berkeley,CA,94710,,US,GPS,37.862709,-122.297815,2024-05-14,2024-07-09,346177.0,2024-07-09 02:52:29 UTC,,E,,Public,24 hours daily,0.0,0.0,10.0,,EV Connect,http://evconnect.com/,CHADEMO J1772COMBO,,,,,,False,,53114439,-122.2984359,37.8630691,67.63344497535807
ELEC,Danville - Library Parking Lot,400 Front Street,Danville,CA,94526,,US,GPS,37.8201189,-121.9955286,2024-05-14,2024-07-02,346195.0,2024-07-02 04:03:04 UTC,,E,,Public,,0.0,0.0,1.0,,EVCS,https://evcs.com,CHADEMO J1772COMBO,,,,,,False,,9416952880,-121.9952951,37.8193392,89.09180178898356
ELEC,5450 Great American Pkwy,5450 Great American Parkway,Santa Clara,CA,95054,,US,GPS,37.411813,-121.978459,2024-05-15,2024-07-09,346255.0,2024-07-09 02:52:39 UTC,,E,,Public,24 hours daily,0.0,15.0,0.0,,EV Connect,http://evconnect.com/,J1772,,,,,,False,,275406508,-121.9777713,37.4104699,161.22494325943975
ELEC,Stay-N-Charge EV Charging Station - Aristocrat Hotel - Half Moon Bay,1400 Cabrillo Hwy S,Half Moon Bay,CA,94019,,US,200-8,37.44784,-122.42897,2023-11-04,2024-06-13,346276.0,2024-06-13 17:18:06 UTC,P,E,,Public,24 hours daily,0.0,2.0,0.0,,STAY_N_CHARGE,https://www.stayncharge.com,J1772,HOTEL,,,False,LD,False,,65425948,-122.4287967,37.4477421,18.7764429650974
ELEC,SAP Center at San Jose West Entrance,525 W Santa Clara St,San Jose,CA,95113,,US,GPS,37.332329114,-121.902739736,2024-05-16,2024-06-23,346372.0,2024-06-23 03:19:17 UTC,,E,,Public,Mon 5:00am - 10:59pm; Tue 5:00am - 10:59pm; Wed 5:00am - 10:59pm; Thu 5:00am - 10:59pm; Fri 5:00am - 10:59pm; Sat 5:00am - 10:59pm; Sun 5:00am - 10:59pm,0.0,10.0,0.0,,Volta,https://voltacharging.com/,J1772,,,,,,False,,65483614,-121.9022079,37.3319808,60.91933632854406
ELEC,Park & Shop,1679 Willow Pass Rd,Concord,CA,94520,,US,GPS,37.97317,-122.04196,2024-05-17,2024-07-08,346391.0,2024-07-09 00:00:08 UTC,,E,,Public,24 hours daily,0.0,0.0,10.0,,eVgo Network,https://www.evgo.com/,J1772COMBO,,,,,,False,,5269229840,-122.0414279,37.9731199,46.972742218010055
ELEC,VINTAGE APTS CVS,3040 Bernal Ave,Pleasanton,CA,94566,,US,GPS,37.66948,-121.856827,2024-05-17,2024-07-09,346396.0,2024-07-09 00:38:12 UTC,,E,,Public,24 hours daily,0.0,2.0,0.0,,ChargePoint Network,http://www.chargepoint.com/,J1772,,,,,,False,,2482888878,-121.857564,37.6687775,101.53712888483209
ELEC,VINTAGE APTS STARBUCKS,3150 Bernal Ave,Pleasanton,CA,94566,,US,GPS,37.668909,-121.856282,2024-05-17,2024-07-09,346397.0,2024-07-09 00:39:41 UTC,,E,,Public,24 hours daily,0.0,2.0,0.0,,ChargePoint Network,http://www.chargepoint.com/,J1772,,,,,,False,,2482888878,-121.857564,37.6687775,113.78142643322313
ELEC,MENLO PARK EV-8,100 Terminal Ave,Menlo Park,CA,94025,,US,GPS,37.478551,-122.168525,2024-05-18,2024-07-09,346487.0,2024-07-09 02:07:21 UTC,,E,,Public,24 hours daily,0.0,2.0,0.0,,ChargePoint Network,http://www.chargepoint.com/,J1772,,,,,,False,,5321665681,-122.1674079,37.4783951,100.08827570194288
ELEC,MENLO PARK EV-3,100 Terminal Ave,Menlo Park,CA,94025,,US,GPS,37.478774,-122.168591,2024-05-18,2024-07-09,346489.0,2024-07-09 02:07:21 UTC,,E,,Public,24 hours daily,0.0,2.0,0.0,,ChargePoint Network,http://www.chargepoint.com/,J1772,,,,,,False,,5321665681,-122.1674079,37.4783951,112.58034846950234
ELEC,MENLO PARK EV-2,100 Terminal Ave,Menlo Park,CA,94025,,US,GPS,37.47892,-122.168625,2024-05-18,2024-07-09,346490.0,2024-07-09 02:07:21 UTC,,E,,Public,24 hours daily,0.0,2.0,0.0,,ChargePoint Network,http://www.chargepoint.com/,J1772,,,,,,False,,5321665681,-122.1674079,37.4783951,122.23458989550792
ELEC,VV CAMPUS CS STATION 1,1305 Stratford Ave,Dixon,CA,95620,,US,GPS,38.457353,-121.84013,2024-05-21,2024-07-09,346555.0,2024-07-09 01:43:23 UTC,,E,,Public,24 hours daily,0.0,2.0,0.0,,ChargePoint Network,http://www.chargepoint.com/,J1772,,,,,,False,,62366884,-121.8409616,38.4572381,73.52903428501344
ELEC,GOLF CLUB #1 STATION AB,19400 California 116,Monte Rio,CA,95462,,US,GPS,38.477858,-122.997817,2024-05-21,2024-07-09,346591.0,2024-07-09 02:11:06 UTC,,E,,Public,24 hours daily,0.0,2.0,0.0,,ChargePoint Network,http://www.chargepoint.com/,J1772,,,,,,False,,56060024,-122.9981077,38.4778519,25.314212059627273
ELEC,GOLF CLUB #1 STATION C,19400 CA-116,Monte Rio,CA,95462,,US,GPS,38.477726,-122.996999,2024-05-21,2024-07-09,346602.0,2024-07-09 02:11:22 UTC,,E,,Public,24 hours daily,0.0,1.0,0.0,,ChargePoint Network,http://www.chargepoint.com/,J1772,,,,,,False,,56060024,-122.9981077,38.4778519,97.52129591029757
ELEC,UnionBank - Berkeley #2,2333 Shattuck Ave,Berkeley,CA,94704,,US,200-8,37.86697,-122.26723,2023-11-29,2024-06-13,346619.0,2024-06-13 17:18:06 UTC,P,E,,Public,24 hours daily,0.0,0.0,4.0,,LOOP,https://evloop.io,J1772COMBO,BANK,,,False,HD,False,,53096071,-122.2676211,37.8667002,45.59248988179291
ELEC,888 SAN MATEO STATION 1,888 N San Mateo Dr,San Mateo,CA,94401,,US,GPS,37.57647,-122.337265,2024-05-22,2024-07-09,346626.0,2024-07-09 00:28:20 UTC,,E,,Public,24 hours daily,0.0,1.0,0.0,,ChargePoint Network,http://www.chargepoint.com/,J1772,,,,,,False,,65420092,-122.3367638,37.5759548,72.33808557568109
ELEC,HAYWARD BSEMNT STALL 2,777 B St,Hayward,CA,94541,,US,GPS,37.6709,-122.085691,2024-05-22,2024-07-09,346630.0,2024-07-09 02:10:09 UTC,,E,,Public,24 hours daily,0.0,2.0,0.0,,ChargePoint Network,http://www.chargepoint.com/,J1772,,,,,,False,,53036264,-122.0850549,37.6714948,86.65315312721486
ELEC,HAYWARD BSEMNT STALL 1,777 B St,Hayward,CA,94541,,US,GPS,37.670932,-122.085842,2024-05-22,2024-07-09,346631.0,2024-07-09 02:10:09 UTC,,E,,Public,24 hours daily,0.0,1.0,0.0,,ChargePoint Network,http://www.chargepoint.com/,J1772,,,,,,False,,53036264,-122.0850549,37.6714948,93.35686732166968
ELEC,Vallejo South Community Center,545 Magazine Street,Vallejo,CA,94590,,US,GPS,38.081745,-122.2386346,2024-05-22,2024-07-02,346662.0,2024-07-02 04:03:05 UTC,,E,,Public,,0.0,8.0,0.0,,EVCS,https://evcs.com,J1772,,,,,,False,,62465555,-122.238639,38.0824217,75.24669864754692
ELEC,SEBASTOPOL STATION 2,281 S High St,Sebastopol,CA,95472,,US,GPS,38.400555,-122.82457,2024-05-24,2024-07-09,346773.0,2024-07-09 02:10:10 UTC,,E,,Public,24 hours daily,0.0,1.0,0.0,,ChargePoint Network,http://www.chargepoint.com/,J1772,,,,,,False,,4393109880,-122.8248611,38.4004402,28.3978974715919
ELEC,DELL HQ STATION 1,14700 Winchester Blvd,Los Gatos,CA,95032,,US,GPS,37.254578,-121.965526,2024-05-25,2024-07-09,346847.0,2024-07-09 02:08:13 UTC,,E,,Public,24 hours daily,0.0,2.0,0.0,,ChargePoint Network,http://www.chargepoint.com/,J1772,,,,,,False,,1103393620,-121.9667279,37.2543706,108.84682643292949
ELEC,DELL HQ STATION 4,14700 Winchester Blvd,Los Gatos,CA,95032,,US,GPS,37.254559,-121.965502,2024-05-25,2024-07-09,346848.0,2024-07-09 02:08:13 UTC,,E,,Public,24 hours daily,0.0,2.0,0.0,,ChargePoint Network,http://www.chargepoint.com/,J1772,,,,,,False,,1103393620,-121.9667279,37.2543706,110.50375560524527
ELEC,DELL HQ STATION 2,14700 Winchester Blvd,Los Gatos,CA,95032,,US,GPS,37.254576,-121.965501,2024-05-25,2024-07-09,346849.0,2024-07-09 02:08:26 UTC,,E,,Public,24 hours daily,0.0,2.0,0.0,,ChargePoint Network,http://www.chargepoint.com/,J1772,,,,,,False,,1103393620,-121.9667279,37.2543706,110.96425261830667
ELEC,DELL HQ STATION 3,14700 Winchester Blvd,Los Gatos,CA,95032,,US,GPS,37.25456,-121.965522,2024-05-25,2024-07-09,346850.0,2024-07-09 02:08:48 UTC,,E,,Public,24 hours daily,0.0,2.0,0.0,,ChargePoint Network,http://www.chargepoint.com/,J1772,,,,,,False,,1103393620,-121.9667279,37.2543706,108.7877192650132
ELEC,Dale's Hardware - Tesla Supercharger,3700 Thornton Ave,Fremont,CA,94536,,US,GPS,37.56192,-122.010274,2024-05-30,2024-06-13,347199.0,2024-06-13 17:18:06 UTC,P,E,,Public,24 hours daily,0.0,0.0,12.0,,Tesla,https://www.tesla.com/supercharger,TESLA,SHOPPING_CENTER,$0.45 per kWh,,False,LD,False,,53088901,-122.01066,37.5618426,35.09518000349397
ELEC,CHARGEPOINT 254-34-AC-K ADA,254 E Hacienda Ave,Campbell,CA,95008,,US,GPS,37.26716,-121.956307,2024-06-07,2024-07-09,347546.0,2024-07-09 02:11:26 UTC,,E,,Public,24 hours daily,0.0,2.0,0.0,,ChargePoint Network,http://www.chargepoint.com/,J1772,,,,,,False,,1079474799,-121.9564938,37.2688009,183.20725236754626
ELEC,CHARGEPOINT 254-35-AC-CT4K,254 E Hacienda Ave,Campbell,CA,95008,,US,GPS,37.267223,-121.95626,2024-06-07,2024-07-09,347547.0,2024-07-09 02:11:26 UTC,,E,,Public,24 hours daily,0.0,2.0,0.0,,ChargePoint Network,http://www.chargepoint.com/,J1772,,,,,,False,,1079474799,-121.9564938,37.2688009,176.6703036261911
ELEC,CHARGEPOINT QA NO PUBLICACCESS,1352 Utah St,San Francisco,CA,94110,,US,GPS,37.752349,-122.405586,2024-06-07,2024-07-09,347561.0,2024-07-09 02:11:58 UTC,,E,,Public,24 hours daily,0.0,1.0,0.0,,ChargePoint Network,http://www.chargepoint.com/,J1772,,,,,,False,,65288984,-122.405222,37.7517957,69.34967578310355
ELEC,Old Town Center - Tesla Supercharger,36601 Newark Blvd,Newark,CA,94560,,US,GPS,37.539007,-122.033428,2024-05-30,,347604.0,2024-06-20 16:03:01 UTC,P,E,,Public,24 hours daily,0.0,0.0,12.0,,Tesla,https://www.tesla.com/supercharger,TESLA,SHOPPING_CENTER,$0.43 per kWh,,False,LD,False,,6484061016,-122.0333553,37.539435,48.02123114203704
ELEC,Blackhawk Plaza Shopping Mall - Tesla Supercharger,3380 Blackhawk Plaza Cir,Danville,CA,94506,,US,GPS,37.799145,-121.918729,2024-06-05,,347607.0,2024-06-20 16:03:01 UTC,P,E,,Public,24 hours daily,0.0,0.0,16.0,,Tesla,https://www.tesla.com/supercharger,TESLA,SHOPPING_MALL,$0.44 per kWh,,False,LD,False,,2415110419,-121.9172228,37.7987857,138.23785637887892
ELEC,SPUS8 2100 Powell LP,"2100 Powell Street, Suite 125",Emeryville,CA,94608,,US,GPS,37.8393639,-122.2989698,2012-03-28,2024-07-09,347681.0,2024-07-09 00:13:38 UTC,,E,,Public,24 hours daily,0.0,8.0,0.0,,Blink Network,http://www.blinkcharging.com/,J1772,,,,,,False,,52979754,-122.2991137,37.8395637,25.559071033627614
ELEC,SOCO CHARGING CONFERENCE ROOM,727 Central Ave,Napa,CA,94558,,US,GPS,38.313094,-122.286571,2024-06-14,2024-07-09,347740.0,2024-07-09 01:59:10 UTC,,E,,Public,24 hours daily,0.0,2.0,0.0,,ChargePoint Network,http://www.chargepoint.com/,J1772,,,,,,False,,4635792824,-122.2865053,38.3138622,85.61217525973689
ELEC,SOCO CHARGING FRONT OFFICE,727 Central Ave,Napa,CA,94558,,US,GPS,38.313295,-122.286491,2024-06-14,2024-07-09,347741.0,2024-07-09 01:59:10 UTC,,E,,Public,24 hours daily,0.0,2.0,0.0,,ChargePoint Network,http://www.chargepoint.com/,J1772,,,,,,False,,4635792824,-122.2865053,38.3138622,63.0821904384994
ELEC,MSSL STATION 3,1380 South De Anza Boulevard,San Jose,CA,95129,,US,GPS,37.298783,-122.031688,2024-06-14,2024-07-09,347745.0,2024-07-09 02:05:59 UTC,,E,,Public,24 hours daily,0.0,2.0,0.0,,ChargePoint Network,http://www.chargepoint.com/,J1772,,,,,,False,,3523003937,-122.0323726,37.2987904,60.56131308418279
ELEC,MSSL STATION 2.,1380 South De Anza Boulevard,San Jose,CA,95129,,US,GPS,37.2988,-122.031685,2024-06-14,2024-07-09,347746.0,2024-07-09 02:05:59 UTC,,E,,Public,24 hours daily,0.0,2.0,0.0,,ChargePoint Network,http://www.chargepoint.com/,J1772,,,,,,False,,3523003937,-122.0323726,37.2987904,60.830445391594125
ELEC,CONTRA COSTA CO TWELVE,651 Pine St,Martinez,CA,94553,,US,GPS,38.019516,-122.133733,2024-06-14,2024-07-09,347820.0,2024-07-09 02:12:01 UTC,,E,,Public,24 hours daily,0.0,1.0,0.0,,ChargePoint Network,http://www.chargepoint.com/,J1772,,,,,,False,,10657072894,-122.1335458,38.0197678,32.44771587881287
ELEC,CONTRA COSTA CO THIRTEEN,1122 Escobar St,Martinez,CA,94553,,US,GPS,38.019504,-122.133473,2024-06-14,2024-07-09,347821.0,2024-07-09 02:12:02 UTC,,E,,Public,24 hours daily,0.0,2.0,0.0,,ChargePoint Network,http://www.chargepoint.com/,J1772,,,,,,False,,10657072894,-122.1335458,38.0197678,30.0184862626135
ELEC,CONTRA COSTA CO ELEVEN,1126 Escobar St,Martinez,CA,94553,,US,GPS,38.019537,-122.133641,2024-06-14,2024-07-09,347822.0,2024-07-09 02:12:02 UTC,,E,,Public,24 hours daily,0.0,1.0,0.0,,ChargePoint Network,http://www.chargepoint.com/,J1772,,,,,,False,,10657072894,-122.1335458,38.0197678,26.98478511122074
ELEC,CONTRA COSTA CO ONE,651 Pine St,Martinez,CA,94553,,US,GPS,38.019385,-122.134108,2024-06-14,2024-07-09,347823.0,2024-07-09 02:12:02 UTC,,E,,Public,24 hours daily,0.0,1.0,0.0,,ChargePoint Network,http://www.chargepoint.com/,J1772,,,,,,False,,5755195471,-122.1341321,38.0194063,3.172782809148453
ELEC,CONTRA COSTA CO TWO,651 Pine St,Martinez,CA,94553,,US,GPS,38.01943,-122.134029,2024-06-14,2024-07-09,347824.0,2024-07-09 02:12:02 UTC,,E,,Public,24 hours daily,0.0,1.0,0.0,,ChargePoint Network,http://www.chargepoint.com/,J1772,,,,,,False,,5755195471,-122.1341321,38.0194063,9.408160067859876
ELEC,CONTRA COSTA CO TEN,651 Pine St,Martinez,CA,94553,,US,GPS,38.019416,-122.133984,2024-06-14,2024-07-09,347825.0,2024-07-09 02:12:02 UTC,,E,,Public,24 hours daily,0.0,1.0,0.0,,ChargePoint Network,http://www.chargepoint.com/,J1772,,,,,,False,,5755195471,-122.1341321,38.0194063,13.018277876772062
ELEC,CONTRA COSTA CO FOUR,651 Pine St,Martinez,CA,94553,,US,GPS,38.01956,-122.133778,2024-06-14,2024-07-09,347826.0,2024-07-09 02:12:02 UTC,,E,,Public,24 hours daily,0.0,1.0,0.0,,ChargePoint Network,http://www.chargepoint.com/,J1772,,,,,,False,,10657072894,-122.1335458,38.0197678,30.78379932304253
ELEC,CONTRA COSTA CO THREE,651 Pine St,Martinez,CA,94553,,US,GPS,38.01959,-122.133719,2024-06-14,2024-07-09,347827.0,2024-07-09 02:12:02 UTC,,E,,Public,24 hours daily,0.0,1.0,0.0,,ChargePoint Network,http://www.chargepoint.com/,J1772,,,,,,False,,10657072894,-122.1335458,38.0197678,24.921241387987923
ELEC,CONTRA COSTA CO EIGHT,1126 Escobar St,Martinez,CA,94553,,US,GPS,38.019563,-122.133607,2024-06-14,2024-07-09,347828.0,2024-07-09 02:12:02 UTC,,E,,Public,24 hours daily,0.0,1.0,0.0,,ChargePoint Network,http://www.chargepoint.com/,J1772,,,,,,False,,10657072894,-122.1335458,38.0197678,23.395288261322413
ELEC,CONTRA COSTA CO NINE,651 Pine St,Martinez,CA,94553,,US,GPS,38.019445,-122.133911,2024-06-14,2024-07-09,347829.0,2024-07-09 02:12:02 UTC,,E,,Public,24 hours daily,0.0,1.0,0.0,,ChargePoint Network,http://www.chargepoint.com/,J1772,,,,,,False,,5755195471,-122.1341321,38.0194063,19.840584992761254
ELEC,CONTRA COSTA CO SEVEN,1026 Escobar Street,Martinez,CA,94553,,US,GPS,38.019502,-122.133844,2024-06-14,2024-07-09,347830.0,2024-07-09 02:12:03 UTC,,E,,Public,24 hours daily,0.0,1.0,0.0,,ChargePoint Network,http://www.chargepoint.com/,J1772,,,,,,False,,5755195471,-122.1341321,38.0194063,27.389202526989756
ELEC,CONTRA COSTA CO SIX,1126 Escobar St,Martinez,CA,94553,,US,GPS,38.019548,-122.133679,2024-06-14,2024-07-09,347831.0,2024-07-09 02:12:03 UTC,,E,,Public,24 hours daily,0.0,1.0,0.0,,ChargePoint Network,http://www.chargepoint.com/,J1772,,,,,,False,,10657072894,-122.1335458,38.0197678,27.08310775547895
ELEC,CONTRA COSTA CO FIVE,1126 Escobar St,Martinez,CA,94553,,US,GPS,38.019534,-122.133681,2024-06-14,2024-07-09,347832.0,2024-07-09 02:12:03 UTC,,E,,Public,24 hours daily,0.0,1.0,0.0,,ChargePoint Network,http://www.chargepoint.com/,J1772,,,,,,False,,10657072894,-122.1335458,38.0197678,28.568033184321266
ELEC,Design District,155 De Haro,San Francisco,CA,94103,,US,GPS,37.768251,-122.401806,2024-06-14,2024-07-09,347891.0,2024-07-09 02:32:26 UTC,,E,,Public,Mon 6:00am - 11:59pm; Tue 6:00am - 11:59pm; Wed 6:00am - 11:59pm; Thu 6:00am - 11:59pm; Fri 6:00am - 11:59pm; Sat 6:00am - 11:59pm; Sun 6:00am - 11:59pm,0.0,7.0,0.0,,SHELL_RECHARGE,https://www.shell.us/motorist/electric-vehicle-charging.html,J1772,,,,,,False,,1677798439,-122.4019938,37.768706,53.218635371671894
ELEC,Design District 02,155 De Haro,San Francisco,CA,94103,,US,GPS,37.768313,-122.401805,2024-06-14,2024-06-23,347908.0,2024-06-23 03:19:41 UTC,,E,,Public,Mon 5:00am - 10:59pm; Tue 5:00am - 10:59pm; Wed 5:00am - 10:59pm; Thu 5:00am - 10:59pm; Fri 5:00am - 10:59pm; Sat 5:00am - 10:59pm; Sun 5:00am - 10:59pm,0.0,2.0,0.0,,Volta,https://voltacharging.com/,J1772,,,,,,False,,1677798439,-122.4019938,37.768706,46.74467584045946
ELEC,Capitol McKee Center,385 N Capitol Ave,San Jose,CA,95133,,US,GPS,37.37198,-121.8454,2024-06-14,2024-07-08,347959.0,2024-07-09 00:00:08 UTC,,E,,Public,24 hours daily,0.0,0.0,6.0,,eVgo Network,https://www.evgo.com/,J1772COMBO,,,,,,False,,65574920,-121.8470399,37.3722755,148.59289738448976
ELEC,CITY HALL STATION #1,550 E 3rd St,Morgan Hill,CA,95037,,US,GPS,37.128376,-121.65135,2024-06-15,2024-07-09,347962.0,2024-07-09 00:34:53 UTC,,E,,Public,24 hours daily,0.0,2.0,0.0,,ChargePoint Network,http://www.chargepoint.com/,J1772,,,,,,False,,65467139,-121.6506653,37.1290368,95.3080072695063
ELEC,CITY HALL STATION #3,550 E 3rd St,Morgan Hill,CA,95037,,US,GPS,37.128376,-121.65131,2024-06-15,2024-07-09,347963.0,2024-07-09 00:34:54 UTC,,E,,Public,24 hours daily,0.0,2.0,0.0,,ChargePoint Network,http://www.chargepoint.com/,J1772,,,,,,False,,65467139,-121.6506653,37.1290368,93.08963273102742
ELEC,Potrero Center,2300 16th Street,San Francisco,CA,94103,,US,GPS,37.7658228,-122.409502,2024-06-15,2024-07-08,348024.0,2024-07-08 23:57:45 UTC,,E,,Public,24 hours daily,0.0,0.0,6.0,,eVgo Network,https://www.evgo.com/,CHADEMO J1772COMBO,,,,,,False,,65290286,-122.4105117,37.7656077,91.92106760405812
ELEC,VACAVILLE TS - SENIOR CTR,1 Town Square Pl,Vacaville,CA,95688,,US,GPS,38.357428,-121.987251,2024-06-18,2024-07-09,348050.0,2024-07-09 02:11:10 UTC,,E,,Public,24 hours daily,0.0,2.0,0.0,,ChargePoint Network,http://www.chargepoint.com/,J1772,,,,,,False,,62481279,-121.987581,38.3566487,91.30678382534508
ELEC,VACAVILLE TS- SOUTH,11-B Town Square Pl,Vacaville,CA,95688,,US,GPS,38.357277,-121.987262,2024-06-18,2024-07-09,348054.0,2024-07-09 02:12:12 UTC,,E,,Public,24 hours daily,0.0,2.0,0.0,,ChargePoint Network,http://www.chargepoint.com/,J1772,,,,,,False,,62481279,-121.987581,38.3566487,75.19734742929596
ELEC,VACAVILLE CH - FRONT LOT,650 Merchant St,Vacaville,CA,95688,,US,GPS,38.350739,-121.994879,2024-06-18,2024-07-09,348061.0,2024-07-09 02:12:23 UTC,,E,,Public,24 hours daily,0.0,2.0,0.0,,ChargePoint Network,http://www.chargepoint.com/,J1772,,,,,,False,,62224858,-121.9944687,38.3503095,59.67414293058218
ELEC,Chase Bank - 1200 El Camino Real,1200 El Camino Real,San Bruno,CA,94066,,US,GPS,37.63773,-122.42074,2024-06-19,2024-07-08,348156.0,2024-07-08 23:59:56 UTC,,E,,Public,24 hours daily,0.0,0.0,4.0,,eVgo Network,https://www.evgo.com/,CHADEMO J1772COMBO,,,,,,False,,434789015,-122.4200542,37.6378482,61.801156698757566
ELEC,EHC-PARKING CHARGER #2,3410 Mt Veeder Rd,Napa,CA,94558,,US,GPS,38.382879,-122.425382,2024-06-20,2024-07-09,348164.0,2024-07-09 02:07:45 UTC,,E,,Public,24 hours daily,0.0,2.0,0.0,,ChargePoint Network,http://www.chargepoint.com/,J1772,,,,,,False,,9206447517,-122.4275783,38.3818635,222.25958148623266
ELEC,Childrens Museum of Sonoma County,1835 W Steele Ln,Santa Rosa,CA,95403,,US,GPS,38.460152,-122.737297,2022-06-27,,348768.0,2024-06-20 22:21:12 UTC,P,E,,Public - Credit card at all times,24 hours daily,0.0,1.0,0.0,,LOOP,https://evloop.io,J1772,MUSEUM,$0.35 per kWh,,False,LD,False,,56019308,-122.7373427,38.4599922,18.20905883068161
ELEC,US Bank Oakland,1970 Franklin St,Oakland,CA,94612,,US,GPS,37.80833,-122.26681,2022-12-15,,348812.0,2024-06-20 22:21:12 UTC,P,E,,Public - Credit card at all times,24 hours daily,0.0,0.0,2.0,,LOOP,https://evloop.io,CHADEMO,BANK,$0.45 per kWh,,False,LD,False,,10174733812,-122.2665006,37.8084883,32.3829406017981
ELEC,Ojjo Inc,160 Mitchell Blvd,San Rafael,CA,94903,,US,GPS,38.01537,-122.53376,2023-01-31,,348825.0,2024-06-20 22:21:12 UTC,P,E,,Public - Credit card at all times,24 hours daily,0.0,1.0,0.0,,LOOP,https://evloop.io,J1772,OFFICE_BLDG,$0.00 per kWh,,False,LD,False,,110444869,-122.5340207,38.01559,33.46685263659238
ELEC,US Bank Sunnyvale,495 South Mathilda Ave,Sunnyvale,CA,94086,,US,GPS,37.37194,-122.03658,2023-02-28,,348832.0,2024-06-20 22:21:12 UTC,P,E,,Public - Credit card at all times,24 hours daily,0.0,0.0,2.0,,LOOP,https://evloop.io,CHADEMO,BANK,$0.45 per kWh,,False,LD,False,,519522070,-122.036195,37.3716872,44.13228985440587
ELEC,Napa Valley Marriott Hotel & Spa,3425 Solano Ave,Napa,CA,94558,,US,GPS,38.322811,-122.312027,2023-08-31,,348870.0,2024-06-20 22:21:12 UTC,P,E,,Public - Credit card at all times,24 hours daily,0.0,1.0,0.0,,LOOP,https://evloop.io,J1772,HOTEL,$0.55 per kWh,,False,LD,False,,303666303,-122.3112413,38.3239748,146.4392945020564
ELEC,US Bank Mount Diablo Blvd,1555 Mount Diablo Blvd,Walnut Creek,CA,94596,,US,GPS,37.89706,-122.06092,2023-10-19,,348880.0,2024-06-20 22:21:12 UTC,P,E,,Public - Credit card at all times,24 hours daily,0.0,0.0,2.0,,LOOP,https://evloop.io,CHADEMO,BANK,$0.45 per kWh,,False,LD,False,,3839576597,-122.0614465,37.8972921,52.91819007247208
ELEC,US Bank 2333 Shattuck Ave.,2333 Shattuck Ave,Berkeley,CA,94704,,US,GPS,37.86696,-122.26742,2023-11-27,,348884.0,2024-06-20 22:21:12 UTC,P,E,,Public - Credit card at all times,24 hours daily,0.0,0.0,2.0,,LOOP,https://evloop.io,CHADEMO,BANK,$0.45 per kWh,,False,LD,False,,53096071,-122.2676211,37.8667002,33.85513282412269
ELEC,Simi Station,16275 Healdsburg Ave,Healdsburg,CA,95448,,US,200-8,38.64047,-122.87371,2023-12-01,,348989.0,2024-06-21 16:16:19 UTC,P,E,,Public,24 hours daily,0.0,4.0,0.0,,Non-Networked,,J1772,BREWERY_DISTILLERY_WINERY,"$1.00 connection fee, $0.30 per kWh",,False,LD,False,,56100954,-122.8717154,38.6397216,192.18774011687358
ELEC,MFHSQA KESTREL-EGSTAR,1504 Dell Avenue,Campbell,CA,95008,,US,GPS,37.266258,-121.955316,2024-06-22,2024-07-09,348997.0,2024-07-09 02:09:25 UTC,,E,,Public,24 hours daily,0.0,1.0,0.0,,ChargePoint Network,http://www.chargepoint.com/,J1772,,,,,,False,,65467604,-121.9558836,37.2648439,165.06862366779248
ELEC,CHARGEPOINT QA KESTRELF_PRODGG,2990 S Winchester Blvd,Campbell,CA,95008,,US,GPS,37.287322,-121.94962,2024-06-24,2024-07-09,349085.0,2024-07-09 02:12:36 UTC,,E,,Public,24 hours daily,0.0,1.0,0.0,,ChargePoint Network,http://www.chargepoint.com/,J1772,,,,,,False,,4785494217,-121.9497765,37.2871697,21.874281596094026
ELEC,KW HAMILTON HAMILTONLNDG 02,7 Hamilton Landing,Novato,CA,94949,,US,GPS,38.059185,-122.514276,2024-06-25,2024-07-09,349107.0,2024-07-09 00:30:18 UTC,,E,,Public,24 hours daily,0.0,2.0,0.0,,ChargePoint Network,http://www.chargepoint.com/,J1772,,,,,,False,,110426806,-122.5153892,38.0585146,122.70338324899538
ELEC,KW HAMILTON HAMILTONLNDG 03,5 Hamilton Landing,Novato,CA,94949,,US,GPS,38.057866,-122.513519,2024-06-25,2024-07-09,349108.0,2024-07-09 00:30:19 UTC,,E,,Public,24 hours daily,0.0,2.0,0.0,,ChargePoint Network,http://www.chargepoint.com/,J1772,,,,,,False,,110405512,-122.5152598,38.0575364,156.7584405431586
ELEC,KW HAMILTON HAMILTONLNDG 04,3 Hamilton Landing,Novato,CA,94949,,US,GPS,38.056967,-122.512881,2024-06-25,2024-07-09,349109.0,2024-07-09 00:30:19 UTC,,E,,Public,24 hours daily,0.0,2.0,0.0,,ChargePoint Network,http://www.chargepoint.com/,J1772,,,,,,False,,110443353,-122.5142022,38.0561033,150.349425791953
ELEC,SAN MARCO APTS EV1 EV2,1301 Montego,Walnut Creek,CA,94598,,US,GPS,37.908768,-122.047449,2024-06-27,2024-07-09,349480.0,2024-07-09 02:12:23 UTC,,E,,Public,24 hours daily,0.0,2.0,0.0,,ChargePoint Network,http://www.chargepoint.com/,J1772,,,,,,False,,57957390,-122.0463162,37.9081552,120.49933957885182
ELEC,SAN MARCO APTS EV3 EV4,1301 Montego,Walnut Creek,CA,94598,,US,GPS,37.908777,-122.047459,2024-06-27,2024-07-09,349481.0,2024-07-09 02:12:23 UTC,,E,,Public,24 hours daily,0.0,2.0,0.0,,ChargePoint Network,http://www.chargepoint.com/,J1772,,,,,,False,,57957390,-122.0463162,37.9081552,121.78926997905245
ELEC,NORTHPOINT MALL NPC 1,2351 Powell St,San Francisco,CA,94133,,US,GPS,37.80638,-122.412691,2024-06-27,2024-07-09,349487.0,2024-07-09 02:12:41 UTC,,E,,Public,24 hours daily,0.0,0.0,1.0,,ChargePoint Network,http://www.chargepoint.com/,CHADEMO J1772COMBO,,,,,,False,,65332866,-122.4121604,37.8067678,63.50138459083126
ELEC,NORTHPOINT MALL NPC 2,2351 Powell St,San Francisco,CA,94133,,US,GPS,37.806349,-122.41268,2024-06-27,2024-07-09,349488.0,2024-07-09 02:12:41 UTC,,E,,Public,24 hours daily,0.0,0.0,1.0,,ChargePoint Network,http://www.chargepoint.com/,CHADEMO J1772COMBO,,,,,,False,,65332866,-122.4121604,37.8067678,65.2106553624632
ELEC,HANOVER WINCHES 1057,522 Charles Cali Dr,San Jose,CA,95117,,US,GPS,37.317699,-121.950762,2024-06-28,2024-07-09,349627.0,2024-07-09 02:12:40 UTC,,E,,Public,24 hours daily,0.0,1.0,0.0,,ChargePoint Network,http://www.chargepoint.com/,J1772,,,,,,False,,11299966175,-121.950234,37.3177696,47.34737844739199
ELEC,PARK AND RIDE NJES CORP YARD,300 Napa Junction Rd,American Canyon,CA,94503,,US,GPS,38.186115,-122.257908,2024-07-02,2024-07-09,349819.0,2024-07-09 02:11:57 UTC,,E,,Public,24 hours daily,0.0,2.0,0.0,,ChargePoint Network,http://www.chargepoint.com/,J1772,,,,,,False,,55956915,-122.2577194,38.1849336,132.3960257098199
ELEC,SAN JOSE ARC 332,500 Phelan Ave,San Jose,CA,95112,,US,GPS,37.316743,-121.861334,2024-07-04,2024-07-09,349936.0,2024-07-09 01:20:34 UTC,,E,,Public,24 hours daily,0.0,2.0,0.0,,ChargePoint Network,http://www.chargepoint.com/,J1772,,,,,,False,,65420473,-121.8624245,37.3157155,149.51190950987578
ELEC,MFHSQA AKHIL-KESTREL2,425 Vandell Way,Campbell,CA,95008,,US,GPS,37.265371,-121.955926,2024-07-04,2024-07-09,349941.0,2024-07-09 02:10:39 UTC,,E,,Public,24 hours daily,0.0,1.0,0.0,,ChargePoint Network,http://www.chargepoint.com/,J1772,,,,,,False,,65467604,-121.9558836,37.2648439,58.73090732303449
ELEC,Subway - Tesla Supercharger,651 Waterman Blvd,Fairfield,CA,94534,,US,GPS,38.273011,-122.052736,2024-06-27,,350087.0,2024-07-08 15:05:42 UTC,P,E,,Public,24 hours daily,0.0,0.0,12.0,,Tesla,https://www.tesla.com/supercharger,TESLA,PARKING_LOT,$0.44 per kWh,,False,LD,False,,62221423,-122.0525166,38.2733164,38.98763820963037
ELEC,Pavlina Plaza - Tesla Supercharger,576 E El Camino Real,Sunnyvale,CA,94087,,US,GPS,37.362342,-122.026278,2024-07-01,,350089.0,2024-07-08 15:05:42 UTC,P,E,,Public,24 hours daily,0.0,0.0,12.0,,Tesla,https://www.tesla.com/supercharger,TESLA,SHOPPING_CENTER,$0.44 per kWh,,False,LD,False,,2011446042,-122.0266966,37.3633074,113.54379374743235
ELEC,BIOMED REALTY 005,7575 Gateway Blvd,Newark,CA,94560,,US,GPS,37.540169,-122.064804,2024-07-09,2024-07-09,350139.0,2024-07-09 00:28:02 UTC,,E,,Public,24 hours daily,0.0,2.0,0.0,,ChargePoint Network,http://www.chargepoint.com/,J1772,,,,,,False,,257556612,-122.0665635,37.5408468,172.47248622377344
ELEC,SJAC SJACBILL.COM_#3,6250 America Center Dr,San Jose,CA,95002,,US,GPS,37.419662,-121.97742,2024-07-09,2024-07-09,350158.0,2024-07-09 02:12:40 UTC,,E,,Public,24 hours daily,0.0,2.0,0.0,,ChargePoint Network,http://www.chargepoint.com/,J1772,,,,,,False,,1317170024,-121.977855,37.4208342,135.88599633283388
